Product_Name,Sales,Profit,Avg_Discount_%
"Apple Smart Phone, Full Size",86935.7786,5921.578600000001,10.666666666666668
"Cisco Smart Phone, Full Size",76441.5306,17238.5206,5.447368421052631
"Motorola Smart Phone, Full Size",73156.303,17027.113,14.763157894736842
"Nokia Smart Phone, Full Size",71904.5555,9938.195500000002,14.446808510638299
Canon imageCLASS 2200 Advanced Copier,61599.824,25199.928,12.000000000000002
"Hon Executive Leather Armchair, Adjustable",58193.4841,5997.2541,16.551020408163264
"Office Star Executive Leather Armchair, Adjustable",50661.684,4710.9839999999995,14.377777777777778
"Harbour Creations Executive Leather Armchair, Adjustable",50121.516,10427.326,17.897435897435898
"Samsung Smart Phone, Cordless",48653.46,-198.08999999999992,12.53846153846154
"Nokia Smart Phone, with Caller ID",47877.7857,9465.3257,14.75
"Samsung Smart Phone, VoIP",45406.328,3903.8579999999997,12.17391304347826
"Cisco Smart Phone, with Caller ID",43127.5008,9786.640800000001,14.703703703703704
"SAFCO Executive Leather Armchair, Black",41923.53,7154.28,16.392857142857142
"Cisco Smart Phone, Cordless",41021.524,4020.8239999999996,25.0
"Novimex Executive Leather Armchair, Adjustable",40585.1336,5562.3535999999995,14.58974358974359
"Sauder Classic Bookcase, Traditional",39108.303,10672.073,11.89655172413793
"Motorola Smart Phone, Cordless",38931.042,-4447.0380000000005,11.826086956521738
"Novimex Executive Leather Armchair, Red",38814.802,1450.3719999999998,19.357142857142858
"Eldon File Cart, Single Width",34387.7287,4238.8887,9.8
"Hoover Stove, White",32842.6043,-2180.6257000000005,13.444444444444445
"Harbour Creations Executive Leather Armchair, Black",32230.7392,3240.1492,20.791666666666668
"Hoover Stove, Red",31663.779,11807.969,6.666666666666667
"Motorola Smart Phone, with Caller ID",30243.549,3943.8089999999997,9.230769230769234
"Hewlett Copy Machine, Color",29709.1932,2103.4432,20.862222222222222
"Rogers File Cart, Single Width",29466.3053,2394.8953,19.357142857142858
"Office Star Executive Leather Armchair, Black",29421.602300000002,1898.2523,15.545454545454545
"Hon Executive Leather Armchair, Black",29244.7696,438.91959999999995,15.75
"Smead Lockers, Industrial",28991.664,3630.444,12.121951219512194
"Hamilton Beach Stove, Silver",28657.049,5989.749,16.666666666666664
"Novimex Executive Leather Armchair, Black",28629.5075,2291.2175,11.64
"Bush Library with Doors, Metal",28516.7142,719.3542,11.043478260869566
"Rogers Lockers, Blue",28214.5892,-2893.4908,14.357142857142858
"Safco Classic Bookcase, Mobile",27696.1095,1451.1095000000003,17.875
Fellowes PB500 Electric Punch Plastic Comb Binding Machine with Manual Bind,27453.384,7753.039,24.000000000000004
"Safco Library with Doors, Pine",27263.7618,3360.8318,14.719999999999999
"Apple Smart Phone, Cordless",27163.646999999997,5450.217,13.600000000000001
"Canon Wireless Fax, Color",26585.7144,2615.2344,17.228571428571428
"Bush Classic Bookcase, Traditional",26535.324,2821.614,9.090909090909092
"Samsung Smart Phone, with Caller ID",26311.164,6392.614,6.133333333333334
"Safco Classic Bookcase, Traditional",26230.579999999998,2073.48,16.0
"Brother Copy Machine, Color",26226.93006,6520.05006,11.879069767441859
"Nokia Smart Phone, Cordless",25658.05,5639.89,10.416666666666668
"SAFCO Executive Leather Armchair, Red",25640.127,-1833.1729999999998,16.19047619047619
"Dania Classic Bookcase, Pine",25630.494599999998,6565.0146,13.5
"Smead File Cart, Single Width",25397.1708,-237.66920000000002,16.961038961038962
"Safco Classic Bookcase, Metal",25276.353600000002,5416.1536,15.350000000000003
"Office Star Executive Leather Armchair, Red",25213.988,4677.078,10.882352941176471
"Ikea Classic Bookcase, Metal",25055.0253,735.5253000000001,15.521739130434781
"Smead Lockers, Blue",24776.044,610.2640000000001,20.743589743589745
"SAFCO Executive Leather Armchair, Adjustable",24210.4384,-862.1816000000002,16.30769230769231
"Sauder Classic Bookcase, Pine",24075.567,4267.767,11.59090909090909
"Brother Wireless Fax, Laser",23905.18386,4000.64386,17.44
"Hewlett Wireless Fax, High-Speed",23810.56914,8677.93914,4.2272727272727275
"Bush Classic Bookcase, Metal",23540.063000000002,5871.783,17.26086956521739
"Harbour Creations Executive Leather Armchair, Red",23517.0012,5252.4412,13.904761904761903
"Belkin Router, USB",23470.408,8955.018,9.6875
"Hewlett Wireless Fax, Color",23265.94574,5054.20574,14.30909090909091
"Sauder Classic Bookcase, Metal",23194.97,4043.45,13.333333333333334
"Okidata Inkjet, Wireless",23004.301199999998,3314.9512,14.69230769230769
"Ikea Classic Bookcase, Traditional",22751.9325,5367.1725,7.9523809523809526
Cisco TelePresence System EX90 Videoconferencing Unit,22638.48,-1811.0784,50.0
"Fellowes Lockers, Industrial",22637.436,3339.036,12.913043478260871
"Ikea Library with Doors, Pine",22536.0688,-277.95119999999986,26.321428571428573
"Brother Fax Machine, High-Speed",22431.5268,4160.9268,2.6699999999999995
"Canon Fax Machine, High-Speed",22340.48994,2011.5899399999998,6.963636363636364
"HP Copy Machine, Color",22297.32146,6099.5014599999995,12.318918918918918
"Tenex File Cart, Single Width",22113.8622,3952.6122,13.871428571428574
"Fellowes Lockers, Single Width",22090.752,588.7019999999999,13.5
"Hewlett Wireless Fax, Digital",22045.3332,5883.1932,7.1000000000000005
"KitchenAid Stove, Silver",21966.328999999998,5725.209,10.333333333333334
"Canon Wireless Fax, Laser",21928.95792,7991.54792,5.929411764705883
"Sharp Copy Machine, Color",21914.04312,1633.2331199999999,14.060606060606059
"Memorex Router, Erganomic",21888.594,7468.184,7.6
HON 5400 Series Task Chairs for Big and Tall,21870.576,8.526512829121202e-14,20.0
"KitchenAid Refrigerator, Black",21870.0339,3443.1639000000005,13.4
"Ikea Classic Bookcase, Mobile",21804.411,5348.081,5.625
"Safco Classic Bookcase, Pine",21799.2,-1273.49,11.76470588235294
"Hewlett Wireless Fax, Laser",21542.57924,1757.62924,11.579999999999998
"Dania Library with Doors, Traditional",21495.152,3263.712,11.833333333333334
"Sharp Wireless Fax, Color",21430.64096,3882.93096,11.552380952380952
"Hamilton Beach Stove, White",21330.944,635.5039999999999,14.545454545454545
"Samsung Smart Phone, Full Size",20993.024,1971.524,15.692307692307692
"Hewlett Fax Machine, High-Speed",20987.4368,1808.4868000000001,7.2666666666666675
"Sharp Wireless Fax, Digital",20745.97784,2505.11784,13.80909090909091
"Fellowes Lockers, Blue",20563.680500000002,4529.6404999999995,17.205882352941178
"Brother Fax Machine, Laser",20547.31652,5651.47652,8.790000000000001
"Rogers Lockers, Single Width",20493.364,6755.184,9.735294117647058
"Sauder Classic Bookcase, Mobile",20057.4474,4388.6574,12.68421052631579
"Konica Inkjet, Wireless",19911.376,2522.836,15.0
"Belkin Router, Erganomic",19888.5312,1944.9712,12.347826086956522
GBC DocuBind TL300 Electric Binding System,19823.479,2233.5051000000003,30.0
"Hon Executive Leather Armchair, Red",19802.7716,-392.92840000000007,15.11111111111111
"Tenex Lockers, Wire Frame",19641.8904,2632.1504,17.333333333333336
"Memorex Router, USB",19606.818,628.998,10.588235294117647
"Canon Wireless Fax, High-Speed",19595.71504,1186.25504,11.1375
"KitchenAid Stove, Black",19549.8842,1782.1942,20.916666666666668
"Hon Swivel Stool, Black",19536.6396,5186.1696,13.94871794871795
"Ikea Library with Doors, Mobile",19259.063000000002,763.663,10.500000000000002
"Eldon Lockers, Blue",19255.3236,-2181.0964,19.916666666666664
GBC Ibimaster 500 Manual ProClick Binding System,19024.5,760.9799999999998,52.222222222222214
"Bush Classic Bookcase, Mobile",19021.696,3672.576,12.842105263157894
Hewlett Packard LaserJet 3310 Copier,18839.686,6983.8836,20.0
"Sharp Fax Machine, Laser",18787.3749,167.54489999999993,6.5
"Smead Lockers, Wire Frame",18647.6641,-286.9259,10.117647058823529
"Brother Wireless Fax, Color",18479.8965,-585.3234999999999,9.366666666666667
"Breville Refrigerator, Red",18450.0638,2153.3838,6.416666666666666
"HP Designjet T520 Inkjet Large Format Printer - 24"" Color",18374.895,4094.9766,16.666666666666664
"Rogers Lockers, Industrial",18300.695,4411.335,10.78125
"Tenex Lockers, Blue",18202.6945,1668.1945,13.682926829268293
"HP Fax Machine, Laser",18175.164240000002,5901.08424,7.1000000000000005
"Hoover Refrigerator, White",18161.72,1678.08,13.636363636363635
"Ikea Library with Doors, Traditional",18108.935,1165.555,16.11111111111111
"Sharp Fax Machine, High-Speed",18014.5722,3713.1022,9.695652173913043
GBC DocuBind P400 Electric Binding System,17965.068,-1878.1662000000003,45.0
"Eldon Lockers, Industrial",17825.3415,6485.4615,15.133333333333335
"KitchenAid Refrigerator, Silver",17763.984,4858.014,9.23076923076923
"Dania Library with Doors, Pine",17708.5625,1751.0225,15.75
"Breville Refrigerator, White",17673.3254,3011.1254,14.27272727272727
"Dania Classic Bookcase, Metal",17612.112,2654.862,15.333333333333332
"HP Wireless Fax, Laser",17577.76772,-465.1422799999999,12.06
"Canon Fax Machine, Digital",17373.76688,187.16688000000005,9.863999999999999
"Konica Inkjet, White",17328.8514,4457.7214,7.333333333333333
"Memorex Router, Bluetooth",17318.4114,4923.2414,11.227272727272727
"Hamilton Beach Refrigerator, Red",17251.1508,2418.4408000000003,8.916666666666668
"Sharp Wireless Fax, Laser",17234.12096,4815.44096,13.0
"Brother Wireless Fax, Digital",17153.6247,2984.0247,6.368421052631579
"Tenex Lockers, Single Width",17129.3408,-88.57920000000001,15.633333333333333
"SAFCO Executive Leather Armchair, Set of Two",17106.7008,1656.3708,12.999999999999998
High Speed Automatic Electric Letter Opener,17030.311999999998,-262.00480000000005,6.666666666666667
"Brother Fax Machine, Digital",17009.47856,5197.36856,7.42
"Canon Copy Machine, Color",16956.27712,1625.59712,12.790476190476191
"Dania Library with Doors, Metal",16910.924,780.3039999999999,15.263157894736842
"Harbour Creations Swivel Stool, Red",16864.6356,610.4856,19.58139534883721
"Novimex Swivel Stool, Black",16836.5373,673.5373,13.666666666666666
Lexmark MX611dhe Monochrome Laser Printer,16829.901,-4589.973,40.0
"Bush Classic Bookcase, Pine",16754.414,6510.674,12.692307692307692
"Apple Smart Phone, with Caller ID",16754.023,3196.6229999999996,18.333333333333332
"Smead Lockers, Single Width",16714.1205,4540.6305,26.069767441860463
Martin Yale Chadless Opener Electric Letter Opener,16656.2,-1299.1836,10.000000000000002
"Bush Library with Doors, Mobile",16642.308,2660.9880000000003,18.75
"Ikea Classic Bookcase, Pine",16631.406,-1000.2540000000001,16.68421052631579
"Brother Fax Machine, Color",16477.47676,4148.356760000001,12.4
"Fellowes Lockers, Wire Frame",16473.472,4342.022,15.35897435897436
"Epson Inkjet, Wireless",16423.3476,-226.5324,20.45
"Cuisinart Stove, Red",16364.016,4101.456,23.545454545454543
"Safco Library with Doors, Mobile",16293.942,1014.0820000000001,16.9375
"Hamilton Beach Stove, Black",16148.3578,-397.85220000000015,17.599999999999998
"Cuisinart Stove, Silver",16099.328,2550.998,10.833333333333332
"Sharp Fax Machine, Color",16067.02332,-133.66668000000004,13.961904761904762
"Sharp Wireless Fax, High-Speed",16026.76296,2109.34296,9.783333333333333
"Canon Wireless Fax, Digital",16016.9698,3068.5898,4.506666666666667
"Hoover Stove, Black",15893.628,1964.388,9.769230769230768
Ibico EPK-21 Electric Binding System,15875.916000000001,3345.2823,33.33333333333333
"Sauder Library with Doors, Traditional",15697.7229,-519.8471,14.466666666666667
"Sauder Stackable Bookrack, Pine",15642.1983,4272.8983,13.05
"StarTech Inkjet, Wireless",15639.1235,-66.3765,9.217391304347826
"Bush Stackable Bookrack, Pine",15633.668,2480.208,17.386363636363637
"Riverside Palais Royal Lawyers Bookcase, Royale Cherry Finish",15610.9656,-669.5448000000002,23.400000000000006
"Safco Stackable Bookrack, Pine",15582.401,2495.9410000000003,13.823529411764707
"Fellowes File Cart, Wire Frame",15555.0482,1062.1082000000001,16.6734693877551
"HP Fax Machine, High-Speed",15531.50392,165.9939199999999,12.457142857142859
"Bush Library with Doors, Traditional",15260.1504,-205.98960000000014,17.454545454545453
"HP Wireless Fax, Digital",15173.9149,3894.9049,12.2
"Sauder Library with Doors, Metal",15171.347399999999,3806.8674,10.38888888888889
"Dania Classic Bookcase, Traditional",15047.508,4543.898,20.0
"Hon Conference Table, Adjustable Height",15018.8742,-1570.5658,34.699999999999996
"Hamilton Beach Refrigerator, Silver",14972.9728,3016.5328,12.454545454545455
"Dania Library with Doors, Mobile",14971.4512,552.4012,12.055555555555555
"Eldon Lockers, Wire Frame",14952.7518,1573.0118,18.09375
"Barricks Conference Table, Fully Assembled",14930.505000000001,1574.6550000000002,26.0
"Rogers Lockers, Wire Frame",14927.3865,-901.5735000000001,23.65625
"Bevis Conference Table, Fully Assembled",14886.9507,-2443.0893,30.25
"Fellowes File Cart, Single Width",14811.2034,-1024.2066,15.571428571428573
"Dania Classic Bookcase, Mobile",14794.0464,807.8064,15.105263157894738
"KitchenAid Microwave, Silver",14728.1276,996.7676,18.722222222222225
"Hamilton Beach Refrigerator, Black",14692.0596,-458.19040000000007,13.999999999999998
"Hoover Microwave, White",14674.31,2620.5,12.941176470588237
"HP Copy Machine, Laser",14615.69756,2562.89756,12.76
"Breville Microwave, Red",14539.4049,-142.5050999999999,13.25
"Sharp Copy Machine, Laser",14449.48992,2998.52992,11.684615384615386
"Ikea Library with Doors, Metal",14360.3935,1221.0935,11.294117647058822
"3D Systems Cube Printer, 2nd Generation, Magenta",14299.89,3717.9714000000004,0.0
"Office Star Swivel Stool, Adjustable",14249.663,-1673.237,15.666666666666668
"Enermax Router, Erganomic",14231.1384,1689.8784,17.42857142857143
"Cuisinart Refrigerator, Black",14221.137,2151.797,20.0
"Hewlett Fax Machine, Laser",14146.43584,3664.0858399999997,14.71111111111111
"HP Fax Machine, Digital",14043.112079999999,-600.84792,7.200000000000001
"SanDisk Router, Bluetooth",14007.818500000001,4326.8785,20.545454545454543
"Rogers File Cart, Industrial",13953.736,105.29599999999999,15.951219512195122
"Sharp Fax Machine, Digital",13947.33414,-1455.74586,12.6
Samsung Galaxy Mega 6.3,13943.668,1822.7566,13.333333333333334
"Cisco Signal Booster, VoIP",13915.872,2082.292,11.296296296296298
"Chromcraft Computer Table, with Bottom Storage",13829.1036,70.02359999999999,22.125
"Chromcraft Conference Table, with Bottom Storage",13700.919,-1850.331,25.555555555555554
"Smead File Cart, Industrial",13666.04,2259.16,15.882352941176473
"Breville Microwave, White",13598.1975,2809.0275,12.5
"Hamilton Beach Refrigerator, White",13586.162,2404.552,13.700000000000001
"KitchenAid Stove, Red",13474.545,1223.6249999999998,17.272727272727273
"KitchenAid Refrigerator, White",13446.604800000001,1130.4648000000002,21.416666666666664
"Harbour Creations Swivel Stool, Set of Two",13355.563,2632.363,14.482758620689657
"Sauder Floating Shelf Set, Pine",13323.24,1471.05,15.384615384615385
"Breville Stove, Red",13140.036,2515.416,1.8181818181818183
"Canon Copy Machine, Laser",13033.42604,1515.10604,15.355555555555556
"HP Wireless Fax, Color",13010.7204,1759.3104,16.76
Apple iPhone 5,12996.6,1611.5783999999999,20.000000000000004
Bretford Rectangular Conference Table Tops,12995.2915,-327.23310000000004,24.583333333333336
Global Troy Executive Leather Low-Back Tilter,12975.382,951.8620000000001,20.0
"Logitech Router, USB",12959.8457,2906.3557,7.849999999999999
"Hewlett Copy Machine, Laser",12926.23898,-573.58102,17.14
"Tenex Lockers, Industrial",12905.332,1329.892,18.794117647058822
"Cisco Audio Dock, Full Size",12898.1536,1278.5536,12.478260869565219
"Belkin Router, Bluetooth",12877.125,345.64500000000004,9.411764705882353
"Okidata Printer, White",12867.7311,-932.6889000000001,17.27777777777778
"Smead File Cart, Blue",12840.053100000001,-1380.9969,20.190476190476193
"Rogers File Cart, Blue",12833.793,144.26300000000003,12.857142857142856
"Eldon Lockers, Single Width",12826.512,1248.382,12.142857142857142
"Lesro Conference Table, with Bottom Storage",12777.942000000001,154.08200000000016,23.125
"Eldon File Cart, Industrial",12733.581,447.901,17.56756756756757
"KitchenAid Microwave, Red",12712.776,1879.136,2.0000000000000004
"Hewlett Fax Machine, Color",12680.00864,2358.45864,11.7
"Brother Wireless Fax, High-Speed",12649.43952,1044.59952,15.466666666666665
"Dania Stackable Bookrack, Pine",12629.124,1939.784,12.562499999999998
"Enermax Router, Bluetooth",12577.2266,1180.1266,13.76470588235294
"Samsung Audio Dock, Cordless",12465.2584,2327.7784,12.464285714285715
"Cuisinart Stove, Black",12432.0864,2215.2264,3.375
"Ikea Floating Shelf Set, Traditional",12397.913,-1033.027,17.17241379310345
"SAFCO Swivel Stool, Set of Two",12395.505,2465.355,7.500000000000001
"Motorola Audio Dock, VoIP",12314.5036,864.9236,14.884615384615385
"HP Wireless Fax, High-Speed",12299.19756,2091.39756,9.446153846153846
"Logitech Router, Bluetooth",12264.5988,-1415.6412000000003,17.952380952380953
"Harbour Creations Swivel Stool, Adjustable",12236.696100000001,-75.75390000000002,16.57142857142857
"Canon Copy Machine, Digital",12183.76476,-861.7952399999999,20.031578947368423
"Sauder Library with Doors, Pine",12181.557,896.667,11.88888888888889
"Novimex Swivel Stool, Red",12153.594000000001,2660.734,12.571428571428573
"Nokia Audio Dock, VoIP",12043.4577,1522.0577,9.448275862068966
"Hoover Microwave, Red",12036.96,1258.44,6.923076923076923
"Apple Audio Dock, VoIP",12014.7676,1317.3475999999998,12.478260869565219
"Safco Library with Doors, Traditional",11997.7362,-1972.9038,26.13333333333333
"Sharp Copy Machine, High-Speed",11961.5412,875.5812,17.811764705882354
"HP Copy Machine, High-Speed",11946.65856,1113.74856,5.957894736842106
"Cuisinart Stove, White",11906.9579,106.88790000000006,18.083333333333332
"Office Star Swivel Stool, Red",11903.294,1265.404,7.4074074074074066
"Panasonic Inkjet, Red",11874.815999999999,247.11599999999999,9.583333333333334
"Sauder Floating Shelf Set, Metal",11848.7292,2272.0692,7.3125
"Hoover Refrigerator, Red",11761.911,3055.561,10.875
"Safco Library with Doors, Metal",11759.2425,-525.9374999999999,21.416666666666664
"Sauder Library with Doors, Mobile",11669.3865,662.6865,22.46666666666667
"Office Star Rocking Chair, Adjustable",11630.218,-949.152,21.46666666666667
"Safco Floating Shelf Set, Pine",11623.9212,486.8712,12.444444444444445
Canon PC1060 Personal Laser Copier,11619.834,4570.9347,15.000000000000002
"Hamilton Beach Microwave, White",11587.103,-692.657,8.933333333333334
SAFCO Arco Folding Chair,11572.78,1179.374,20.0
"Hewlett Fax and Copier, Laser",11536.06902,1410.26902,12.450000000000001
"Hamilton Beach Stove, Red",11515.686,3552.216,14.09090909090909
"Breville Stove, Silver",11511.9506,1084.8706,13.222222222222221
"Canon Copy Machine, High-Speed",11415.0412,1523.5412000000001,12.533333333333333
"Fellowes File Cart, Blue",11350.96,3073.74,14.0625
"Okidata Inkjet, White",11329.5,-144.12,14.333333333333334
Honeywell Enviracaire Portable HEPA Air Cleaner for 17' x 22' Room,11304.44,3247.02,5.0
"Breville Refrigerator, Silver",11285.736,3062.916,14.444444444444443
"KitchenAid Microwave, White",11246.4516,2784.6216,8.700000000000001
"Brother Fax and Copier, Color",11240.35904,1303.60904,16.175
"Bevis Computer Table, Fully Assembled",11177.8962,-3509.5638,35.30769230769231
"Bevis Wood Table, with Bottom Storage",11134.662,-2782.588,31.999999999999996
"Brother Ink, Color",11132.59404,2752.09404,10.866666666666665
Cubify CubeX 3D Printer Double Head Print,11099.963,-8879.9704,53.333333333333336
"Sauder Corner Shelving, Pine",11059.56,1232.96,14.192307692307693
"Hon Rocking Chair, Set of Two",11058.3272,-57.472799999999935,20.064516129032256
"Breville Refrigerator, Black",11058.234,2638.3640000000005,22.666666666666668
DMI Eclipse Executive Suite Bookcases,11046.609,90.17640000000002,18.333333333333336
"SanDisk Router, USB",11034.6456,3244.5356,12.473684210526317
"Lesro Conference Table, Rectangular",11002.93,860.6300000000001,35.666666666666664
"Canon Fax Machine, Laser",10926.72028,1869.96028,15.042857142857141
Tennsco 6- and 18-Compartment Lockers,10925.003999999999,1575.1098,5.454545454545456
"Lesro Conference Table, Adjustable Height",10919.079,163.029,40.83333333333333
"Sauder 3-Shelf Cabinet, Mobile",10835.004,2118.744,15.521739130434781
Plantronics CS510 - Over-the-Head monaural Wireless Headset System,10822.36,3085.0325000000003,8.0
"Cuisinart Refrigerator, Silver",10814.333,498.233,17.0
"Office Star Rocking Chair, Set of Two",10710.754,668.134,12.8
"Lesro Round Table, Rectangular",10707.497,585.457,24.375
"Cisco Signal Booster, with Caller ID",10693.3869,777.4869,15.730769230769232
"Apple Speaker Phone, VoIP",10687.6305,3268.3905,10.4
"Apple Signal Booster, Cordless",10642.455,13.814999999999984,17.11111111111111
"Hon Deluxe Fabric Upholstered Stacking Chairs, Rounded Back",10637.528,1927.442,14.166666666666666
"Barricks Computer Table, Fully Assembled",10620.2178,-1586.2722,29.100000000000005
"Canon Fax and Copier, Laser",10618.34952,3299.73952,11.635294117647058
"Brother Copy Machine, High-Speed",10602.81096,2271.94096,10.12
"Apple Audio Dock, with Caller ID",10581.9386,1218.3686,7.461538461538461
"Office Star Rocking Chair, Black",10579.4104,1653.6704,17.866666666666667
"Harbour Creations Rocking Chair, Black",10577.057,994.747,14.115384615384615
"Safco Floating Shelf Set, Traditional",10576.0866,3984.6166,17.210526315789473
"Novimex Swivel Stool, Adjustable",10527.867,554.427,14.115384615384615
"Enermax Memory Card, USB",10524.864,572.264,19.79310344827586
"Fellowes File Cart, Industrial",10517.97,-520.3299999999999,18.75
"Hon Rocking Chair, Black",10510.2981,2308.3281,17.733333333333334
"Logitech Router, Erganomic",10426.196,2136.516,6.25
"Epson Printer, Durable",10422.02,1979.8400000000001,14.64285714285714
"Panasonic Inkjet, White",10401.75,-12.629999999999995,15.454545454545453
"Harbour Creations Swivel Stool, Black",10365.25,860.35,23.652173913043477
"Breville Microwave, Silver",10317.9188,-1577.4212,23.4
"Hoover Stove, Silver",10316.1638,-2093.0862,22.125
"Epson Card Printer, Durable",10306.242,2101.302,14.166666666666666
"Canon Fax and Copier, Digital",10275.742559999999,2554.19256,9.809999999999999
"Enermax Router, USB",10233.0132,1866.3432,8.142857142857142
"Apple Signal Booster, with Caller ID",10212.31,-425.02000000000004,17.52173913043478
"Chromcraft Conference Table, Rectangular",10210.815999999999,-910.944,21.25
Logitech P710e Mobile Speakerphone,10196.604,1645.3611,6.666666666666668
"Okidata Printer, Wireless",10164.515,-186.425,19.35294117647059
"Motorola Signal Booster, Cordless",10150.9626,2527.8926,21.833333333333336
"Canon Fax Machine, Color",10114.94358,-1629.57642,25.070588235294117
"Brother Fax and Copier, Laser",10111.9486,641.0586000000001,13.756521739130434
"Office Star Swivel Stool, Set of Two",10107.433,-613.7270000000001,15.952380952380954
"SanDisk Router, Erganomic",9980.016,3001.626,5.277777777777778
Chromcraft Bull-Nose Wood Oval Conference Tables & Bases,9917.64,-2876.1156,28.000000000000004
"Brother Ink, Laser",9888.249,-428.711,14.150000000000002
"Rubbermaid Frame, Duo Pack",9833.195,760.5350000000001,11.2
"Tenex File Cart, Blue",9773.328,1417.508,9.551724137931036
"Dania Floating Shelf Set, Metal",9772.4109,2310.4509,6.684210526315789
"Sharp Fax and Copier, Color",9740.11792,2548.77792,9.227272727272728
"Samsung Audio Dock, Full Size",9730.785600000001,1927.3956,12.65217391304348
"Breville Stove, Black",9723.48,2419.26,0.0
"Sauder Floating Shelf Set, Mobile",9710.46,2603.76,11.000000000000002
"Dania Corner Shelving, Traditional",9698.0546,1637.2646,7.35
"Sauder 3-Shelf Cabinet, Pine",9661.725,345.86499999999995,9.523809523809524
"Sharp Fax and Copier, Digital",9646.43296,3783.94296,2.694736842105263
Tennsco Double-Tier Lockers,9630.856,429.7882,10.000000000000002
"Motorola Audio Dock, Cordless",9623.3742,465.55420000000004,18.000000000000004
"Eldon File Cart, Blue",9619.336,210.85599999999997,12.592592592592592
"Cisco Audio Dock, with Caller ID",9610.2615,2488.8015,10.789473684210526
"Epson Inkjet, Durable",9597.519,2850.759,6.999999999999999
Bush Advantage Collection Racetrack Conference Table,9544.725,-1934.3976,35.0
"Memorex Router, Programmable",9474.9075,3189.6375,6.538461538461539
"Okidata Inkjet, Durable",9434.6769,-275.2431,7.0769230769230775
"SanDisk Router, Programmable",9400.3515,147.8415,19.157894736842103
Plantronics Savi W720 Multi-Device Wireless Headset System,9367.289999999999,3696.2819999999997,5.714285714285714
"Panasonic Printer, Wireless",9313.8255,1726.0155,15.0
"Safco Floating Shelf Set, Mobile",9310.7556,1363.4456,15.368421052631579
Bady BDG101FRU Card Printer,9279.884,1327.9834,20.0
"StarTech Card Printer, White",9274.744499999999,714.2545,22.176470588235293
"Nokia Signal Booster, Cordless",9274.207,1629.7369999999999,9.35
"Sharp Personal Copier, Digital",9207.8932,2293.1032,9.076190476190476
Tennsco Single-Tier Lockers,9158.296,-825.7479999999999,7.500000000000001
"Konica Card Printer, Red",9125.4928,1836.7428,18.263157894736842
"Brother Fax and Copier, Digital",9101.10092,900.94092,13.5125
"Hewlett Personal Copier, High-Speed",9090.15588,357.03587999999996,3.5999999999999996
"Canon Personal Copier, High-Speed",9083.1132,-260.00679999999994,12.028571428571427
GuestStacker Chair with Chrome Finish Legs,9070.944,773.2608,22.5
"Bush Library with Doors, Pine",9028.3923,-1949.6277,23.36363636363636
"Motorola Speaker Phone, Full Size",9026.354,227.07399999999993,12.346153846153845
"Cisco Speaker Phone, Cordless",8996.125600000001,1244.2056,9.1
"Cisco Signal Booster, Cordless",8983.814400000001,-449.2356000000001,11.0
"Office Star Steel Folding Chair, Black",8962.5216,-566.4384,17.13793103448276
Canon Imageclass D680 Copier / Fax,8959.872,2799.96,20.0
"Hewlett Fax and Copier, High-Speed",8950.73784,2096.83784,10.988888888888889
"Ikea Floating Shelf Set, Pine",8919.8678,589.4578,14.666666666666666
"Cisco Audio Dock, VoIP",8913.696,2519.016,11.76470588235294
"Sharp Fax and Copier, High-Speed",8913.5696,-24.340400000000002,10.85
Hewlett Packard 610 Color Digital Copier / Printer,8899.822,3124.9375,14.285714285714285
Wilson Electronics DB Pro Signal Booster,8878.4,515.52,22.000000000000004
"SAFCO Rocking Chair, Black",8861.5872,78.89719999999997,11.148148148148149
"Apple Audio Dock, Full Size",8833.3742,944.4342,7.590909090909091
"Cisco Speaker Phone, with Caller ID",8826.2536,1176.4135999999999,15.160000000000002
Office Star - Professional Matrix Back Chair with 2-to-1 Synchro Tilt and Mesh Fabric Seat,8774.5,1305.6456,10.0
"Belkin Memory Card, Programmable",8750.389,1957.429,12.916666666666668
"Cuisinart Refrigerator, Red",8747.544,1678.284,15.000000000000002
"Canon Ink, Digital",8740.268039999999,1345.5980399999999,11.836363636363636
"Barricks Training Table, Adjustable Height",8701.3035,1758.9735,17.0
"SAFCO Rocking Chair, Set of Two",8695.944,1358.154,6.800000000000001
"Panasonic Inkjet, Durable",8695.048499999999,702.0885000000001,10.909090909090908
"Barricks Computer Table, with Bottom Storage",8672.542,41.471999999999994,16.0
Global Deluxe High-Back Manager's Chair,8665.194,1558.591,18.75
"KitchenAid Microwave, Black",8622.4075,1929.3474999999999,7.4444444444444455
"Samsung Signal Booster, Full Size",8554.9944,2060.2044,16.833333333333332
"Samsung Signal Booster, Cordless",8523.0376,2096.1875999999997,15.964285714285714
"Okidata Card Printer, White",8505.816,2118.846,15.937499999999998
"Enermax Router, Programmable",8500.771499999999,1658.9715,14.153846153846153
"Panasonic Printer, White",8494.46,1532.36,12.307692307692308
Hon 4070 Series Pagoda Armless Upholstered Stacking Chairs,8430.997,1388.6348,18.75
"HP Fax and Copier, Digital",8428.550580000001,2524.26058,12.000000000000002
"Konica Printer, White",8414.3875,2414.4975,8.5
"Samsung Speaker Phone, with Caller ID",8386.482,978.582,13.8
"Tenex File Cart, Industrial",8369.2649,388.75489999999996,18.9
"Nokia Signal Booster, VoIP",8327.437,1267.507,9.473684210526317
"Hamilton Beach Microwave, Red",8324.628,2158.428,15.0
"Hewlett Copy Machine, High-Speed",8314.56978,1189.92978,7.8
"Chromcraft Round Table, Adjustable Height",8312.690200000001,-1214.0498,33.36363636363636
"Safco Floating Shelf Set, Metal",8311.032,168.572,18.058823529411764
"Panasonic Printer, Durable",8300.458,1586.9579999999999,0.7692307692307693
"Hon Rocking Chair, Adjustable",8266.131,1677.511,10.192307692307692
"Hon Swivel Stool, Adjustable",8264.3574,210.2174,12.450000000000001
"Canon Fax and Copier, High-Speed",8258.63688,987.14688,8.5
"Hon Rocking Chair, Red",8209.467,318.087,19.863636363636363
Chromcraft Round Conference Tables,8209.059,-189.97609999999997,25.769230769230774
"StarTech Inkjet, Durable",8207.9218,250.6218,13.999999999999998
"Epson Printer, White",8168.498799999999,-1129.4712,18.714285714285715
"Safco 3-Shelf Cabinet, Metal",8168.16,2140.29,13.789473684210526
"Nokia Signal Booster, with Caller ID",8164.975,68.09500000000006,16.272727272727273
"Hot File 7-Pocket, Floor Stand",8138.232,2016.711,7.6923076923076925
"SAFCO Swivel Stool, Black",8111.0934,1051.3134,20.40909090909091
"Bevis Round Table, Rectangular",8107.7472,1299.4872,22.428571428571427
"Brother Copy Machine, Laser",8103.93958,1284.49958,12.053333333333333
"Cisco Audio Dock, Cordless",8102.5779999999995,-217.472,9.705882352941176
"Harbour Creations Rocking Chair, Adjustable",8074.827,927.6270000000001,16.30769230769231
Fellowes PB300 Plastic Comb Binding Machine,8070.192,2518.0551,23.333333333333336
"Brother Fax and Copier, High-Speed",8063.97482,1271.63482,11.5875
"Bush Floating Shelf Set, Mobile",8055.7458,961.6758,13.941176470588236
"Chromcraft Conference Table, Fully Assembled",8042.088,996.408,10.0
"Samsung Speaker Phone, Full Size",8014.3357,1208.2857,9.85
"Panasonic Printer, Red",8005.868,-57.27200000000005,14.499999999999998
"Hewlett Ink, Laser",8004.13824,1230.63824,13.388235294117646
Cubify CubeX 3D Printer Triple Head Print,7999.98,-3839.9904,50.0
Ibico Ibimaster 300 Manual Binding System,7985.383,2318.337,16.25
Global Commerce Series High-Back Swivel/Tilt Chairs,7979.4400000000005,926.1850000000001,16.666666666666664
"Hoover Microwave, Black",7966.6902,1528.5802,6.692307692307692
"Ikea Stackable Bookrack, Mobile",7949.271,2703.631,12.347826086956522
"Brother Personal Copier, High-Speed",7945.90662,1654.91662,10.421052631578947
"Nokia Audio Dock, with Caller ID",7881.799800000001,1091.4198,17.909090909090907
"SAFCO Swivel Stool, Adjustable",7871.5936,2057.9836,7.590909090909091
"HP Ink, Laser",7847.0106,-78.62940000000006,17.89090909090909
"Harbour Creations Chairmat, Black",7839.6114,46.45139999999999,16.258064516129032
Okidata MB760 Printer,7834.4,881.37,20.0
"Dania Stackable Bookrack, Traditional",7829.9175,2436.3775,16.458333333333332
"Sharp Fax and Copier, Laser",7826.412,2720.872,8.85
"Hoover Refrigerator, Black",7815.258000000001,1371.928,2.857142857142857
"Cisco Signal Booster, Full Size",7807.5888,334.3788,9.714285714285714
"Hoover Refrigerator, Silver",7799.748,1886.4279999999999,12.5
"Boston Canvas, Fluorescent",7798.911,912.451,12.795918367346937
"Safco Corner Shelving, Traditional",7791.848,1424.808,17.750000000000004
"Sauder Stackable Bookrack, Mobile",7779.013,1255.963,11.944444444444443
"Cuisinart Microwave, Red",7769.034,1316.964,12.222222222222223
"Office Star Rocking Chair, Red",7730.3226,1307.7426,11.947368421052632
Adjustable Depth Letter/Legal Cart,7730.196,1932.549,6.666666666666667
"Hon Swivel Stool, Red",7706.8240000000005,867.454,15.631578947368418
Ativa V4110MDD Micro-Cut Shredder,7699.89,3772.9461,0.0
Mitel MiVoice 5330e IP Phone,7699.72,780.9716,17.77777777777778
"Bush Floating Shelf Set, Metal",7695.9393,464.94930000000005,14.350000000000001
"Logitech Router, Programmable",7695.1732,2324.8132,10.8
"Cuisinart Microwave, White",7666.43,43.029999999999994,8.666666666666668
"Samsung Audio Dock, with Caller ID",7661.9458,-2137.2242,12.350000000000001
"Motorola Audio Dock, with Caller ID",7660.0645,2336.6545,11.666666666666666
"Samsung Signal Booster, VoIP",7640.412,1139.822,19.375
"Bush Floating Shelf Set, Pine",7630.9548,747.7848000000001,15.55
"Nokia Audio Dock, Full Size",7602.2373,616.8873000000001,18.800000000000004
"Novimex Rocking Chair, Red",7596.654,-93.006,14.304347826086957
"Hon Conference Table, Rectangular",7588.2895,-1920.8505,39.5
"Chromcraft Computer Table, Adjustable Height",7582.967,3009.1070000000004,20.71428571428571
Hon 4700 Series Mobuis Mid-Back Task Chairs with Adjustable Arms,7582.374,832.9932,13.333333333333334
"Cardinal Binding Machine, Clear",7577.6457,2804.8257,5.224489795918368
"Apple Signal Booster, Full Size",7568.308,-1024.1520000000003,18.636363636363633
"KitchenAid Stove, White",7558.257,79.34699999999998,24.0
"Motorola Signal Booster, Full Size",7554.6102,760.4702,9.35
"Motorola Speaker Phone, VoIP",7554.105,-642.8349999999999,11.000000000000002
"Atlantic Metals Mobile 3-Shelf Bookcases, Custom Colors",7539.7122,780.3302,18.375
"Sauder 3-Shelf Cabinet, Metal",7533.3414,1110.0014,16.88888888888889
"Sauder Floating Shelf Set, Traditional",7530.246,1742.406,20.769230769230766
"Samsung Speaker Phone, Cordless",7518.7467,1045.7367,17.347826086956523
Tennsco 16-Compartment Lockers with Coat Rack,7515.523999999999,1114.3708,12.000000000000002
"Motorola Speaker Phone, Cordless",7484.753,161.993,5.277777777777779
"Dania 3-Shelf Cabinet, Pine",7484.624,398.824,20.35
"Nokia Signal Booster, Full Size",7461.7878,1070.4978,13.900000000000002
"Novimex Rocking Chair, Set of Two",7459.7896,935.0096,16.181818181818183
"Dania Corner Shelving, Metal",7417.381,1923.621,24.09090909090909
"Safco 3-Shelf Cabinet, Pine",7412.9091,24.659099999999977,9.470588235294118
Hon 94000 Series Round Tables,7404.5,-681.2139999999999,16.0
Logitech diNovo Edge Keyboard,7399.704,1432.4426999999998,4.0
"Bevis Conference Table, with Bottom Storage",7399.3176,387.6876,20.5
"Hoover Microwave, Silver",7377.9202,2630.4602,21.166666666666668
"StarTech Inkjet, White",7368.378,2355.288,17.5
"Sauder Corner Shelving, Mobile",7335.187199999999,1043.4371999999998,13.35294117647059
"Cuisinart Microwave, Silver",7324.6089999999995,975.289,6.0
"Harbour Creations Rocking Chair, Set of Two",7300.7348,-1477.9951999999998,24.349999999999998
"Nokia Speaker Phone, Cordless",7279.86,1383.06,16.40909090909091
"Ikea Stackable Bookrack, Metal",7279.686,101.64599999999999,18.045454545454547
"Enermax Numeric Keypad, Bluetooth",7268.8294,422.9994,13.774999999999999
"Safco 3-Shelf Cabinet, Traditional",7260.12,555.09,18.23529411764706
Bretford CR4500 Series Slim Rectangular Table,7242.768,-532.7613,26.25
"Dania 3-Shelf Cabinet, Mobile",7227.294,-100.26599999999999,6.842105263157894
"Lesro Computer Table, Fully Assembled",7223.262,-2322.8379999999997,40.0
"Novimex Rocking Chair, Black",7219.7,-339.7000000000001,22.727272727272727
"Hewlett Fax Machine, Digital",7177.3176,2377.0776,17.2
"HP Personal Copier, Digital",7152.74388,507.47387999999995,11.71764705882353
"SAFCO Rocking Chair, Red",7141.6857,1064.4657,13.523809523809524
"Hewlett Personal Copier, Laser",7140.11466,307.61466,11.223529411764705
Samsung Galaxy S III - 16GB - pebble blue (T-Mobile),7139.796,83.99760000000003,20.000000000000004
"Eldon Frame, Durable",7124.9344,1464.3844000000001,9.85714285714286
"Deflect-O Frame, Erganomic",7106.364,-337.026,14.166666666666666
"Konica Printer, Wireless",7097.76,425.0700000000001,11.875
"Cisco Speaker Phone, Full Size",7063.9758,469.2258,17.81818181818182
"Canon Personal Copier, Color",7056.45756,567.23756,12.683333333333332
"KitchenAid Refrigerator, Red",7047.999,-1087.901,34.5
"StarTech Printer, Red",7042.296,444.9959999999999,23.75
"SAFCO Rocking Chair, Adjustable",7034.88,1037.3999999999999,17.894736842105267
"Lesro Conference Table, Fully Assembled",7029.8925,-518.4775,23.4
"HP Ink, High-Speed",7024.5918,1343.3118,10.209090909090909
"Cardinal Binding Machine, Economy",7012.7589,1109.4589,13.692307692307693
Staples,7008.2,2611.0694,9.33920704845815
"Dania Corner Shelving, Pine",6999.1482000000005,417.3982,16.6
"Office Star Steel Folding Chair, Adjustable",6993.408,1895.978,16.238095238095237
"Sharp Personal Copier, Laser",6991.28,1214.8799999999999,18.352380952380955
"Cuisinart Microwave, Black",6988.9335,-551.6265,17.916666666666668
"SAFCO Swivel Stool, Red",6977.907,1161.667,22.133333333333333
"SAFCO Steel Folding Chair, Red",6973.937,1420.357,10.5
Zebra ZM400 Thermal Label Printer,6965.700000000001,3343.536,0.0
"Nokia Speaker Phone, VoIP",6958.952,-342.44800000000004,14.473684210526317
"Ikea Corner Shelving, Mobile",6951.2716,912.7316,4.7857142857142865
"Ibico Binding Machine, Recycled",6950.2568,863.9968,5.976744186046512
"Bevis Oval Conference Table, Walnut",6942.068,-856.0144,27.500000000000004
Hon GuestStacker Chair,6936.102,1233.0848,11.11111111111111
"Office Star Steel Folding Chair, Red",6913.7112,-889.7088,18.193548387096776
"Belkin Router, Programmable",6900.9625,1853.8024999999998,9.545454545454547
"Hamilton Beach Microwave, Black",6898.132,279.422,5.000000000000001
"HP Ink, Color",6892.30116,857.74116,13.419999999999998
"Novimex Rocking Chair, Adjustable",6887.952,603.292,15.294117647058824
"Safco 3-Shelf Cabinet, Mobile",6882.96,1060.28,14.166666666666666
"Epson Card Printer, Wireless",6881.2755,-664.9644999999999,25.8
"Konica Receipt Printer, Durable",6874.7466,1670.1966,4.5
"Sauder Corner Shelving, Metal",6866.9004,1233.3804,13.789473684210526
"Hon Swivel Stool, Set of Two",6833.974,791.614,16.294117647058822
Hoover Upright Vacuum With Dirt Cup,6832.907999999999,460.3526999999999,16.666666666666664
"Bush Corner Shelving, Mobile",6831.9617,127.24169999999998,18.363636363636363
"Tennsco Snap-Together Open Shelving Units, Starter Sets and Add-On Units",6819.312,181.66199999999998,3.3333333333333335
"Belkin Memory Card, USB",6816.4686,-1264.9314,14.958333333333332
"Avery Binding Machine, Durable",6811.841,12.260999999999978,12.431818181818182
"Hon Wood Table, Rectangular",6805.18,1.4999999999999716,20.0
"Sauder 3-Shelf Cabinet, Traditional",6787.7652,40.32519999999998,19.1875
GBC DocuBind 300 Electric Binding Machine,6785.142,494.4212000000001,41.25
Bretford CR8500 Series Meeting Room Furniture,6776.562,461.12700000000007,18.333333333333336
"Bush Corner Shelving, Pine",6775.4626,2330.5126,14.409090909090908
"Memorex Memory Card, Erganomic",6773.4144,407.8344,20.28
Cisco Unified IP Phone 7945G VoIP phone,6751.602,102.29699999999998,23.333333333333336
"Hewlett Ink, Digital",6749.25216,1498.45216,16.65555555555556
Hon Every-Day Series Multi-Task Chairs,6748.482,281.97,16.0
"Deflect-O Frame, Durable",6745.41,2203.17,16.956521739130434
"Rogers Shelving, Wire Frame",6740.364,1038.574,18.275000000000002
"Deflect-O Frame, Black",6739.95,1526.35,17.200000000000003
"Binney & Smith Sketch Pad, Blue",6739.8688,618.4588,17.0
"Bush Stackable Bookrack, Traditional",6732.1976,363.6676,14.05
"Barricks Round Table, Fully Assembled",6716.4596,346.93960000000004,27.333333333333332
"Rogers Trays, Industrial",6701.0552,1831.3752,10.633333333333333
"Lesro Computer Table, Adjustable Height",6700.984,138.71400000000003,19.166666666666664
ClearOne CHATAttach 160 - speaker phone,6695.892,1053.9830000000002,20.0
"SanDisk Memory Card, Bluetooth",6654.672,294.37199999999996,11.818181818181818
"Rubbermaid Frame, Erganomic",6642.9822,1241.7522000000001,14.142857142857142
"Ikea 3-Shelf Cabinet, Mobile",6624.672,598.9920000000001,18.823529411764707
"HP Fax and Copier, Color",6609.08274,1558.16274,10.188235294117646
"Hewlett Personal Copier, Color",6606.6856800000005,1232.93568,8.83076923076923
Standard Rollaway File with Lock,6594.954,1261.33,6.000000000000001
Hon Multipurpose Stacking Arm Chairs,6584.64,814.4159999999999,13.333333333333334
"Dual Level, Single-Width Filing Carts",6574.544,1640.5348000000001,2.2222222222222223
"Sauder Corner Shelving, Traditional",6555.341,814.131,12.588235294117647
"Ikea Stackable Bookrack, Traditional",6543.3204000000005,1520.8704,8.6875
"Cisco Speaker Phone, VoIP",6540.0421,729.2521,16.48
"BIC Canvas, Fluorescent",6534.1944,1799.3844,12.527777777777777
"Nokia Speaker Phone, with Caller ID",6522.4345,563.7544999999999,4.8235294117647065
Balt Solid Wood Round Tables,6518.754,-1201.0581,20.0
"Harbour Creations Steel Folding Chair, Black",6518.6452,144.42519999999996,14.2
"Hon Computer Table, Fully Assembled",6502.7655,203.29549999999998,32.142857142857146
"Barricks Conference Table, with Bottom Storage",6500.74,-1838.37,27.999999999999996
Hon Pagoda Stacking Chairs,6483.796,1540.704,10.0
"HP Fax Machine, Color",6483.48748,-123.85252000000003,12.306666666666667
"Lesro Wood Table, Adjustable Height",6480.756,-711.044,34.0
"Dania Floating Shelf Set, Traditional",6479.331,-765.909,19.235294117647058
"Avery Binding Machine, Clear",6479.284,-167.436,14.217391304347826
"Novimex Steel Folding Chair, Black",6471.248,519.468,18.464285714285715
"Canon Ink, Laser",6459.2964,2668.2264,10.013333333333334
"Hon Wood Table, with Bottom Storage",6446.804,-304.876,16.666666666666664
"Bush Stackable Bookrack, Mobile",6443.1050000000005,1674.555,10.0
"Brother Personal Copier, Digital",6429.0532,302.69320000000005,18.22222222222222
"Barricks Conference Table, Adjustable Height",6425.508,-1924.852,30.999999999999993
"Ikea 3-Shelf Cabinet, Metal",6424.759,-394.721,16.38095238095238
"Ibico Binding Machine, Durable",6411.258,1821.978,11.795918367346939
"Global Leather and Oak Executive Chair, Black",6410.874,854.7832000000001,17.5
Sharp AL-1530CS Digital Copier,6399.872,2064.9587,25.0
"Hon Round Table, with Bottom Storage",6362.889999999999,-1324.65,27.0
"Safco Corner Shelving, Mobile",6352.764,1318.704,11.11111111111111
"HP Personal Copier, Laser",6337.79568,2045.83568,6.445454545454546
"Advantus Frame, Durable",6335.7875,-205.76250000000002,18.863636363636367
"Apple Signal Booster, VoIP",6335.62,559.67,7.933333333333333
"Safco Corner Shelving, Metal",6321.6539999999995,75.83399999999995,14.523809523809526
"Cisco Headset, with Caller ID",6276.8816,2079.0816,8.84
"Canon Personal Copier, Laser",6269.1408,1908.1408,8.053333333333335
"Logitech Memory Card, Erganomic",6265.3475,-717.6125,20.111111111111114
"Rogers Trays, Wire Frame",6253.8075,2016.7675000000002,12.852941176470589
Polycom VVX 310 VoIP phone,6227.654,899.95,15.000000000000002
"Cuisinart Refrigerator, White",6202.460999999999,1497.381,6.166666666666667
"Brother Personal Copier, Color",6195.22092,1504.90092,15.744444444444444
"SanDisk Keyboard, Programmable",6191.9676,625.7375999999999,14.23333333333333
"Apple Speaker Phone, Cordless",6186.8165,-406.10350000000005,19.73913043478261
"Ikea Stackable Bookrack, Pine",6184.107,2182.827,9.6875
"BIC Canvas, Blue",6172.456999999999,-232.893,8.393939393939394
"Motorola Signal Booster, VoIP",6171.3498,-340.51020000000005,21.85
"Konica Printer, Durable",6149.682,1057.262,24.444444444444446
"Hon Wood Table, Fully Assembled",6141.408,823.9380000000001,29.5
"Okidata Receipt Printer, Wireless",6141.403,1414.593,6.875000000000001
"Apple Headset, Full Size",6138.1984999999995,1476.5285,11.821428571428571
Samsung Galaxy S4,6134.701999999999,438.193,20.0
"Sharp Ink, Laser",6131.83714,255.45714000000004,6.1157894736842096
"Epson Printer, Red",6128.8402,267.2402,10.900000000000002
"Bush 3-Shelf Cabinet, Traditional",6111.8631000000005,878.6731,12.999999999999998
Samsung Galaxy S4 Mini,6109.87,1104.4765,12.000000000000002
Global Comet Stacking Arm Chair,6084.144,697.1415,16.0
"Apple Speaker Phone, with Caller ID",6070.059,350.579,15.388888888888888
"Novimex Swivel Stool, Set of Two",6051.573,1448.013,16.25
"Tenex Shelving, Industrial",6049.0418,528.8018,19.09523809523809
"Boston Sketch Pad, Blue",6037.416,2136.136,9.928571428571429
"Tenex Trays, Industrial",6024.6504,210.8304,13.63888888888889
"Smead Shelving, Blue",6008.7671,1336.1071,13.799999999999999
Global Ergonomic Managers Chair,6008.536,785.4532,13.636363636363635
"Bush Corner Shelving, Metal",6007.900000000001,496.24,12.222222222222223
Canon PC1080F Personal Copier,5999.900000000001,1973.9671,5.0
"Global Leather Highback Executive Chair with Pneumatic Height Adjustment, Black",5989.204,267.3034,22.727272727272727
"Barricks Coffee Table, Adjustable Height",5977.6315,-978.6985,36.36363636363637
"Novimex Steel Folding Chair, Set of Two",5971.6096,-397.5104,17.57142857142857
Hon 5100 Series Wood Tables,5965.09,-238.60359999999997,21.428571428571427
"Wilson Jones Binding Machine, Recycled",5962.4592,280.9592,10.414634146341463
"Fellowes Trays, Industrial",5918.3649000000005,777.9549,14.162162162162161
"Fellowes Trays, Wire Frame",5908.539,644.3389999999999,12.186046511627907
"Sanyo Counter Height Refrigerator with Crisper, 3.6 Cubic Foot, Stainless Steel/Black",5906.52,1653.8256000000001,0.0
Hon 4070 Series Pagoda Round Back Stacking Chairs,5906.032,1052.8144,14.285714285714285
"Nokia Audio Dock, Cordless",5895.5137,630.4137000000001,21.157894736842103
"Wilson Jones Binding Machine, Economy",5883.8496000000005,840.3095999999999,13.16279069767442
"Acco Binding Machine, Clear",5871.0455,512.8855,13.46341463414634
"Ibico Binding Machine, Clear",5865.276800000001,849.2568,8.277777777777779
Global Leather Executive Chair,5861.532999999999,701.9799999999999,18.571428571428573
"Konica Phone, Wireless",5857.7597,1074.4697,11.600000000000001
"Hewlett Fax and Copier, Digital",5856.66756,1262.94756,8.183333333333334
"Tenex Trays, Single Width",5854.6656,1614.0356,12.225000000000001
"Safco Stackable Bookrack, Traditional",5845.0724,-397.1776,25.11764705882353
"Brother Personal Copier, Laser",5835.1513,640.2013,7.357142857142858
"HP Fax and Copier, High-Speed",5826.07074,928.97074,15.328571428571427
"Samsung Speaker Phone, VoIP",5812.954,1680.574,6.42857142857143
"KitchenAid Blender, Silver",5810.403,1791.543,9.23529411764706
"Office Impressions End Table, 20-1/2""H x 24""W x 20""D",5801.816,-66.82720000000003,18.0
"Breville Stove, White",5800.1503999999995,-270.6296,19.624999999999996
Zebra GX420t Direct Thermal/Thermal Transfer Printer,5787.3550000000005,509.712,30.0
Iceberg Mobile Mega Data/Printer Cart ,5751.773999999999,1388.6082,2.5
"Hon Training Table, Adjustable Height",5726.619,1911.789,19.0
"Harbour Creations Steel Folding Chair, Set of Two",5714.3222000000005,342.58220000000006,17.599999999999998
Safco Contoured Stacking Chairs,5697.76,870.16,12.5
"Bush 3-Shelf Cabinet, Metal",5695.1082,1243.1682,11.9375
"SanDisk Numeric Keypad, Bluetooth",5688.0665,441.6965,11.421052631578947
"Epson Card Printer, White",5682.7112,-152.03880000000004,20.153846153846157
Canon PC940 Copier,5669.874,2092.4535,20.000000000000004
"Fellowes Shelving, Wire Frame",5668.6154,1953.4754,13.257142857142856
"Apple Headset, Cordless",5667.658,729.568,11.0
"Logitech Keyboard, Erganomic",5662.4876,709.8676,6.523809523809524
"Bevis Round Table, Adjustable Height",5654.796,-3649.8940000000002,46.0
"SanDisk Memory Card, Erganomic",5652.4490000000005,83.51899999999999,14.2
"Motorola Audio Dock, Full Size",5646.7578,965.3478,14.235294117647058
"Rubbermaid Frame, Durable",5641.4556,114.24559999999998,13.0
Bretford Just In Time Height-Adjustable Multi-Task Work Tables,5634.9,-964.194,22.5
"Canon Personal Copier, Digital",5626.28808,931.31808,6.68235294117647
"Canon Fax and Copier, Color",5619.92256,1235.68256,9.066666666666666
"Samsung Audio Dock, VoIP",5616.858,1453.338,15.999999999999998
Logitech Z-906 Speaker sys - home theater - 5.1-CH,5609.83,2243.9320000000002,0.0
"Sanford Pencil Sharpener, Water Color",5581.9741,601.9441,13.325000000000001
"Harbour Creations Chairmat, Red",5575.68,1406.88,11.950000000000001
Deluxe Rollaway Locking File with Drawer,5572.792,1380.7216,8.0
"Tenex Shelving, Wire Frame",5566.428,-501.66200000000003,18.916666666666668
"Nokia Headset, with Caller ID",5565.1332,127.6032,21.0
"Acco Binding Machine, Recycled",5563.46,954.59,11.142857142857142
"Lesro Wood Table, Fully Assembled",5556.465,-1296.1450000000002,50.33333333333333
"Canon Ink, Color",5553.10548,1399.60548,2.928571428571429
"Hon Training Table, Fully Assembled",5552.7915,1341.8515,22.000000000000004
"Ibico Binding Machine, Economy",5539.4766,668.5766,9.342857142857143
"Stanley Pencil Sharpener, Water Color",5537.229,125.53900000000002,7.426666666666668
"Avery Binding Machine, Economy",5535.3628,307.1928,11.166666666666664
"Office Star Chairmat, Adjustable",5534.9316,1305.8516,4.875000000000001
"Belkin Memory Card, Bluetooth",5522.361,423.741,13.5
"Eldon Frame, Duo Pack",5518.9095,735.5295000000001,16.68421052631579
"Nokia Headset, Cordless",5509.632,1368.512,16.73076923076923
"Atlantic Metals Mobile 5-Shelf Bookcases, Custom Colors",5492.885,15.049000000000007,31.625000000000004
"Dania Floating Shelf Set, Mobile",5474.0595,676.1295,21.666666666666668
"Dania Corner Shelving, Mobile",5444.1677,706.6877,12.764705882352942
"Global High-Back Leather Tilter, Burgundy",5436.158,-474.7414,18.571428571428573
"Office Star Swivel Stool, Black",5432.8651,259.18510000000003,18.55
Hon Olson Stacker Chairs,5427.99,1292.1264,7.500000000000001
"Dania Stackable Bookrack, Mobile",5418.861,1421.221,14.444444444444446
"Advantus Frame, Erganomic",5416.4006,1402.6006,8.600000000000001
"SanDisk Memory Card, Programmable",5407.3077,9.757700000000048,12.176470588235293
"HP Personal Copier, High-Speed",5401.56402,34.29401999999999,10.96470588235294
Ibico Hi-Tech Manual Binding System,5398.323,-304.98999999999995,42.727272727272734
"Brother Ink, High-Speed",5380.396,602.176,13.011764705882351
"Harbour Creations Rocking Chair, Red",5379.5716,-13.528399999999998,18.666666666666668
"Boston Canvas, Water Color",5379.5282,309.8682,13.914285714285715
"Barricks Wood Table, with Bottom Storage",5374.348900000001,135.91889999999995,31.75
"Binney & Smith Canvas, Blue",5357.8752,195.8052,17.264705882352942
"Eldon Shelving, Single Width",5355.986,-834.304,16.02631578947368
"Nokia Speaker Phone, Full Size",5336.402,325.832,12.812499999999998
"StarTech Card Printer, Red",5333.58,629.58,8.181818181818182
Wilson SignalBoost 841262 DB PRO Amplifier Kit,5327.26,1043.8549999999998,16.666666666666664
"Nokia Office Telephone, Full Size",5326.4412,300.7912,8.666666666666668
"Barricks Training Table, Rectangular",5325.5682,-632.0717999999999,35.22222222222222
"Cisco Headset, Full Size",5323.0827,1372.1027,7.588235294117647
"Office Star Bag Chairs, Set of Two",5315.7489,-291.5811,20.96666666666667
"Konica Inkjet, Durable",5301.450000000001,560.9100000000001,13.999999999999998
"Sanford Canvas, Fluorescent",5299.8556,1299.6856,10.894736842105264
"Sanford Canvas, Blue",5299.548,705.768,16.106382978723403
Hon Olson Stacker Stools,5294.456,833.5952,16.0
GE 30524EE4,5291.7300000000005,838.8371999999999,15.555555555555555
"HP Ink, Digital",5286.49572,1120.07572,3.8249999999999997
Hon 2090 Pillow Soft Series Mid Back Swivel/Tilt Chairs,5282.424,-989.0496,21.666666666666668
"BIC Sketch Pad, Water Color",5271.264,734.754,8.142857142857144
"Bush 3-Shelf Cabinet, Mobile",5260.7934,-113.03659999999999,17.599999999999998
"Okidata Printer, Red",5233.305,-815.925,23.18181818181818
"Fellowes Shelving, Single Width",5219.874,926.694,12.000000000000002
"Lifetime Advantage Folding Chairs, 4/Carton",5212.112,972.6368,14.285714285714285
"Motorola Headset, with Caller ID",5199.3138,1311.2838,14.000000000000002
"HP Personal Copier, Color",5190.1344,728.6944,12.266666666666667
"Atlantic Metals Mobile 4-Shelf Bookcases, Custom Colors",5184.081,-126.44100000000005,26.666666666666668
"Bevis Wood Table, Rectangular",5179.005,-233.83500000000004,16.249999999999996
"Stanley Sketch Pad, Fluorescent",5176.2201,1108.3700999999999,6.333333333333332
"Stanley Canvas, Blue",5169.2852,396.0452,10.636363636363635
"Hon Steel Folding Chair, Adjustable",5163.262,1077.502,15.892857142857144
"Ikea 3-Shelf Cabinet, Pine",5150.5578000000005,-519.4721999999999,18.47058823529412
"Sanford Canvas, Easy-Erase",5142.1489,353.5789,12.405405405405405
"Belkin Numeric Keypad, Bluetooth",5120.668,1796.208,11.212121212121213
Razer Tiamat Over Ear 7.1 Surround Sound PC Gaming Headset,5119.744000000001,2155.8922000000002,2.857142857142857
"Binney & Smith Canvas, Fluorescent",5102.386,607.646,12.058823529411763
"Hewlett Ink, High-Speed",5101.6320000000005,42.16200000000003,6.538461538461539
"Chromcraft 48"" x 96"" Racetrack Double Pedestal Table",5098.176,-404.00640000000004,31.666666666666664
"StarTech Printer, Wireless",5097.783,460.83299999999997,9.375
"Boston Pencil Sharpener, Water Color",5093.352,972.782,15.084745762711865
"Eldon Trays, Wire Frame",5085.9648,599.1148000000001,20.424999999999997
"Ikea Floating Shelf Set, Metal",5082.68,139.64000000000001,6.153846153846154
"Rogers Shelving, Industrial",5066.1925,787.6225000000001,9.257142857142858
"Tenex Frame, Erganomic",5060.036,987.3359999999999,14.863636363636365
"Smead Trays, Blue",5057.9184,346.63839999999993,14.738095238095239
"Apple Office Telephone, Cordless",5057.517,2007.417,15.555555555555555
"Sanford Sketch Pad, Fluorescent",5052.594,1565.964,13.714285714285715
"Bush Corner Shelving, Traditional",5044.3265,649.5465,21.153846153846153
"Hon Computer Table, with Bottom Storage",5043.186000000001,474.42599999999993,10.0
"StarTech Printer, Durable",5036.0985,-479.55150000000003,22.14285714285714
"Eldon Shelving, Industrial",5033.44,-216.15999999999997,16.216216216216218
"Konica Receipt Printer, Wireless",5020.4,805.93,1.7857142857142856
"Tenex Frame, Duo Pack",5018.5576,-60.7524,16.5
Hoover Shoulder Vac Commercial Portable Vacuum,5009.48,715.64,18.333333333333336
"Panasonic Card Printer, Durable",5001.9346000000005,1017.8546,25.636363636363633
"Logitech Memory Card, Bluetooth",4996.7,-240.65999999999997,23.333333333333332
"Epson Inkjet, White",4992.7995,375.5295,14.166666666666666
"Binney & Smith Sketch Pad, Water Color",4980.525,1119.125,10.0
Panasonic KX-TG9471B,4978.146000000001,1168.1004,5.714285714285714
"Cisco Headset, Cordless",4965.8717,32.26169999999997,17.849999999999998
Chromcraft Rectangular Conference Tables,4952.673,-450.243,32.22222222222222
"Chromcraft Wood Table, Adjustable Height",4944.0419999999995,872.202,30.0
"Okidata Receipt Printer, Red",4928.463,-179.27700000000007,12.5
"Samsung Office Telephone, Cordless",4928.268,171.948,12.105263157894736
"Tenex Trays, Blue",4922.4487,581.3086999999999,13.789473684210526
"Enermax Memory Card, Programmable",4919.1442,1347.9342000000001,10.53846153846154
Apple iPhone 5S,4901.914000000001,512.991,20.0
"Okidata Receipt Printer, Durable",4900.2849,-230.13509999999997,15.5
"Fellowes Trays, Single Width",4893.9066,1524.3066000000001,14.366666666666669
O'Sullivan 2-Door Barrister Bookcase in Odessa Pine,4886.46,566.4674,15.0
"Advantus Frame, Black",4881.872,-308.75800000000004,21.11111111111111
"Chromcraft Round Table, with Bottom Storage",4881.195,186.615,39.0
"Deflect-O Frame, Duo Pack",4879.632,-527.328,14.277777777777779
"Panasonic Inkjet, Wireless",4871.7249,302.60490000000004,9.2
"Samsung Headset, Cordless",4871.5095,1343.9495,18.166666666666668
"Apple Headset, with Caller ID",4864.464,374.624,15.833333333333332
Brother DCP1000 Digital 3 in 1 Multifunction Machine,4859.838,1154.9615000000001,14.285714285714285
"Enermax Keyboard, Erganomic",4858.5914999999995,1149.6615,15.4
"Tenex Trays, Wire Frame",4847.592,1673.3319999999999,13.899999999999999
"Boston Sketch Pad, Fluorescent",4846.2258,147.4658,6.0625
"Novimex Steel Folding Chair, Red",4845.2657,337.09569999999997,14.379310344827587
"Memorex Memory Card, Programmable",4840.5246,552.3246,9.842105263157896
"Binney & Smith Pencil Sharpener, Water Color",4836.1768,1215.2968,12.254545454545456
Fellowes Staxonsteel Drawer Files,4829.25,509.9688,2.857142857142857
"Brother Ink, Digital",4824.2361200000005,866.65612,11.985714285714286
"Hewlett Fax and Copier, Color",4820.31294,1162.85294,8.709090909090909
"Stanley Canvas, Fluorescent",4812.2478,1325.8078,11.864864864864865
"Bush Floating Shelf Set, Traditional",4805.8362,653.6562,16.214285714285715
"StarTech Card Printer, Wireless",4803.63,-128.12999999999997,34.90909090909091
"Konica Receipt Printer, White",4796.235,1211.985,12.692307692307692
"Dania 3-Shelf Cabinet, Traditional",4789.0255,706.1955,11.692307692307692
"Hamilton Beach Microwave, Silver",4787.094,237.65399999999997,13.999999999999998
"Memorex Keyboard, Programmable",4783.16,722.25,15.153846153846153
"Wilson Jones Binding Machine, Durable",4783.1034,-256.0966,16.26829268292683
"Fellowes Trays, Blue",4782.6913,-575.0687,17.114285714285714
Smead Adjustable Mobile File Trolley with Lockable Top,4778.766,1106.6616,6.666666666666667
High-Back Leather Manager's Chair,4770.633,-197.5848,16.666666666666664
"Motorola Headset, Full Size",4747.5477,706.8877,16.42105263157895
"Okidata Printer, Durable",4742.9338,-626.0662,32.90909090909091
"Motorola Office Telephone, Full Size",4742.1625,791.5324999999999,16.91304347826087
"HP Fax and Copier, Laser",4732.22982,1104.68982,3.4600000000000004
"Konica Card Printer, Wireless",4729.59,1288.74,17.272727272727273
"Apple Audio Dock, Cordless",4727.259,381.639,6.538461538461539
"Chromcraft Wood Table, Rectangular",4724.0856,-665.7544,38.99999999999999
"Ikea Floating Shelf Set, Mobile",4713.316,872.716,14.545454545454547
"KitchenAid Toaster, White",4712.1516,1666.1916,2.8888888888888893
"Novimex Chairmat, Set of Two",4711.6125,1354.7325,13.25
"Konica Card Printer, Durable",4709.458,-612.732,25.0
"Eldon Shelving, Blue",4705.1328,864.8028,20.973684210526315
SAFCO Boltless Steel Shelving,4704.696,-470.4696,10.0
"Sharp Ink, High-Speed",4677.4897599999995,259.14976,2.3692307692307693
"Rogers Trays, Blue",4654.784,693.2239999999999,13.2258064516129
"Tenex Frame, Black",4652.154,370.544,7.352941176470589
"Epson Receipt Printer, Wireless",4644.1404999999995,98.32049999999998,15.769230769230768
"Memorex Memory Card, Bluetooth",4640.3308,1190.7908,11.076923076923077
Global Executive Mid-Back Manager's Chair,4626.582,750.7284,11.666666666666666
DMI Arturo Collection Mission-style Design Wood Chair,4619.987999999999,486.15560000000005,19.090909090909093
Polycom CX600 IP Phone VoIP phone,4619.23,896.8505,15.000000000000002
"Novimex Steel Folding Chair, Adjustable",4617.24,-27.9,15.714285714285714
"BIC Canvas, Water Color",4615.2432,-215.5368,8.3
"Enermax Keyboard, USB",4610.217,786.527,19.583333333333332
"Samsung Office Telephone, Full Size",4608.6996,19.599600000000024,19.458333333333332
"Apple Office Telephone, VoIP",4602.048,1016.778,17.708333333333336
Letter Size Cart,4600.092,1252.8822,5.0
"Rogers Shelving, Blue",4591.407,216.207,15.294117647058824
"Wilson Jones Binding Machine, Clear",4576.1742,898.3142,7.379310344827586
"Stanley Canvas, Easy-Erase",4571.935,856.515,12.487179487179487
"Ikea 3-Shelf Cabinet, Traditional",4560.9288,1369.2287999999999,20.75
"Hon Steel Folding Chair, Set of Two",4554.158100000001,420.0081,21.35
KI Adjustable-Height Table,4552.641,-248.4822,23.61111111111111
"Harbour Creations Chairmat, Set of Two",4550.535,-227.73499999999999,20.560000000000002
"Binney & Smith Sketch Pad, Fluorescent",4549.2824,-572.6676,17.07894736842105
"Bevis Training Table, Adjustable Height",4547.2994,-316.16060000000004,31.166666666666664
"Hon Bag Chairs, Set of Two",4546.45,221.35,18.42857142857143
"Bevis Round Bullnose 29"" High Table Top",4544.925,-192.18540000000002,26.0
"Dania 3-Shelf Cabinet, Metal",4541.999,280.6190000000001,14.166666666666666
"Smead Trays, Industrial",4537.776,995.106,14.027777777777779
"Apple Speaker Phone, Full Size",4535.076,385.38599999999997,15.0
"Chromcraft Conference Table, Adjustable Height",4520.11,90.20000000000005,40.0
Fellowes Officeware Wire Shelving,4509.465999999999,-332.371,7.272727272727273
Samsung Galaxy Note 2,4507.902,-128.79719999999998,30.000000000000004
"Stanley Canvas, Water Color",4503.1545,1484.5445,8.821428571428571
"Okidata Card Printer, Durable",4492.0035,-423.2065,15.699999999999998
"Okidata Card Printer, Red",4480.182,243.37199999999999,8.5
"Fellowes Strictly Business Drawer File, Letter/Legal Size",4479.03,388.746,5.714285714285714
Sanyo 2.5 Cubic Foot Mid-Size Office Refrigerators,4476.96,956.9502,10.0
"Konica Receipt Printer, Red",4473.52,433.51,18.333333333333332
"Fiskars Trimmer, Easy Grip",4466.8104,1381.9404,2.3928571428571432
"Advantus Frame, Duo Pack",4453.870800000001,916.2708,13.8
"Ikea Corner Shelving, Metal",4449.9264,-523.7436,12.933333333333334
"Canon Ink, High-Speed",4448.1945,530.5045,6.957142857142857
"Riverside Furniture Oval Coffee Table, Oval End Table, End Table with Drawer",4446.175,-1147.4,30.0
"Avery Binding Machine, Recycled",4438.332,1264.422,9.757575757575758
Nortel Meridian M3904 Professional Digital phone,4434.912,936.2592000000001,8.0
"Acco Binding Machine, Economy",4429.6733,229.7933,18.294117647058822
"Cisco Office Telephone, VoIP",4420.8525,472.04249999999996,28.076923076923077
Global Commerce Series Low-Back Swivel/Tilt Chairs,4420.056,41.1168,27.142857142857142
"SAFCO Steel Folding Chair, Set of Two",4414.712399999999,1247.4624000000001,18.64705882352941
"Hewlett Ink, Color",4412.92752,201.64752,10.033333333333333
"Tenex Shelving, Blue",4410.5154,-725.5046,19.6
"Smead Trays, Wire Frame",4401.545,248.875,9.0625
Sharp 1540cs Digital Laser Copier,4399.92,1649.97,17.142857142857146
"Tenex Shelving, Single Width",4397.9875,599.9875,11.636363636363637
"Hon Chairmat, Set of Two",4395.9024,1211.7924,19.36
"Sanford Pencil Sharpener, Easy-Erase",4393.095,1837.895,13.77551020408163
"Binney & Smith Canvas, Water Color",4389.561,1534.221,16.71875
Logitech G19 Programmable Gaming Keyboard,4389.246,729.0612,2.5
"Tennsco Stur-D-Stor Boltless Shelving, 5 Shelves, 24"" Deep, Sand",4384.044,-36.533699999999996,2.857142857142857
"SAFCO Steel Folding Chair, Adjustable",4382.364,1244.904,13.0
"Smead Trays, Single Width",4381.5849,578.4849,19.48780487804878
"Acco Binding Machine, Durable",4377.241,1235.821,4.117647058823529
"Smead Shelving, Wire Frame",4351.68,438.56,15.804347826086957
"Office Star Chairmat, Set of Two",4351.2613,1426.1713,11.347826086956523
"Eldon Frame, Erganomic",4349.744,-310.786,15.0
"Apple Headset, VoIP",4349.4105,209.68050000000002,12.260869565217392
"Memorex Numeric Keypad, Bluetooth",4335.4866,879.5666,15.1025641025641
"Hon Practical Foundations 30 x 60 Training Table, Light Gray/Charcoal",4334.827499999999,430.0695,17.5
"Hon Steel Folding Chair, Red",4333.1723999999995,1000.5324,20.55
Bevis 36 x 72 Conference Tables,4332.252,448.164,16.25
GBC DocuBind TL200 Manual Binding Machine,4322.814,1592.4978,21.666666666666668
"Panasonic Receipt Printer, White",4322.6013,513.6213,15.636363636363637
"SAFCO Chairmat, Adjustable",4317.6676,-301.8224,18.454545454545453
"Enermax Keyboard, Programmable",4317.6672,989.9372,11.307692307692307
"Green Bar Cards & Envelopes, Multicolor",4306.04,61.579999999999984,14.800000000000002
"Belkin Memory Card, Erganomic",4305.0872,967.6772,19.27777777777778
"Tenex Frame, Durable",4304.2989,521.1488999999999,18.7
"Chromcraft Bull-Nose Wood 48"" x 96"" Rectangular Conference Tables",4297.644,-611.5877999999999,33.33333333333333
"Samsung Office Telephone, with Caller ID",4297.1284,298.40840000000003,13.652173913043478
"Enermax Memory Card, Erganomic",4284.17,1147.22,14.047619047619047
"Lesro Coffee Table, with Bottom Storage",4275.6,249.47999999999996,16.666666666666664
"Sanford Sketch Pad, Water Color",4269.5905999999995,1519.1106,11.068965517241379
"Cardinal Binding Machine, Recycled",4269.5721,527.7021,15.029411764705882
Cisco 9971 IP Video Phone Charcoal,4268.0,466.4,35.0
"Panasonic Receipt Printer, Durable",4259.904,786.8340000000001,10.0
"Samsung Headset, VoIP",4232.4975,1397.5275,11.842105263157894
"Samsung Headset, with Caller ID",4227.7880000000005,-175.172,19.142857142857142
"Belkin Keyboard, Erganomic",4226.6406,25.46059999999993,14.277777777777779
"Lesro Training Table, Adjustable Height",4223.8308,-1443.9792000000002,34.57142857142857
Motorola L703CM,4211.7300000000005,467.97,16.666666666666664
GBC DocuBind 200 Manual Binding Machine,4209.8,1052.45,32.5
Hewlett Packard 310 Color Digital Copier,4199.86,839.972,13.333333333333334
"SAFCO Commercial Wire Shelving, Black",4199.456,-635.444,14.000000000000002
"Boston Canvas, Blue",4187.1384,834.8184,17.344827586206897
Office Star - Mid Back Dual function Ergonomic High Back Chair with 2-Way Adjustable Arms,4185.48,342.88739999999996,16.0
Fellowes PB200 Plastic Comb Binding Machine,4181.754,693.5592,32.22222222222222
Cisco SPA301,4180.532,904.742,15.555555555555555
"Office Star Chairmat, Red",4180.0088,1185.3288,12.769230769230772
"Boston Canvas, Easy-Erase",4174.7904,495.47040000000004,16.324324324324323
"Boston Sketch Pad, Water Color",4167.5996,-826.5304,20.42857142857143
"Global Wood Trimmed Manager's Task Chair, Khaki",4166.884,-503.1194,22.857142857142858
"Sharp Ink, Color",4161.5239,684.8839,18.8
"Apple Office Telephone, Full Size",4158.6279,701.7579000000001,16.38095238095238
"SanDisk Numeric Keypad, Erganomic",4155.735,461.445,3.684210526315789
"Chromcraft Wood Table, with Bottom Storage",4149.672,-310.648,35.0
"Eldon Trays, Single Width",4146.72,320.96,17.314285714285717
"SanDisk Keyboard, Erganomic",4123.08,926.6999999999999,12.0
"Sanford Markers, Water Color",4122.5514,402.2114,9.071428571428571
Canon PC-428 Personal Copier,4119.794,1469.9265,20.000000000000004
"Motorola Signal Booster, with Caller ID",4115.4646,873.0346,4.923076923076923
"Boston Sketch Pad, Easy-Erase",4111.2702,678.0402,12.485714285714286
"Binney & Smith Canvas, Easy-Erase",4097.1847,642.7746999999999,10.586206896551724
"BIC Sketch Pad, Blue",4093.928,10.507999999999974,15.657894736842106
"Epson Phone, Wireless",4084.9365,1739.9865,6.25
"Rubbermaid Frame, Black",4069.5930000000003,294.453,14.266666666666664
"Breville Blender, White",4067.253,964.203,12.142857142857144
"Hoover Blender, White",4063.6800000000003,-128.47999999999996,12.142857142857144
"Motorola Headset, Cordless",4048.8371,89.84709999999998,16.1
Wireless Extenders zBoost YX545 SOHO Signal Booster,4044.3860000000004,733.2812,14.285714285714285
"Barricks Wood Table, Fully Assembled",4043.52,437.03999999999996,6.666666666666667
"Motorola Speaker Phone, with Caller ID",4031.3994,542.7094000000001,21.307692307692307
"Rogers Shelving, Single Width",4024.6528,-377.9672,18.037037037037038
"Ikea Corner Shelving, Pine",4022.59,754.09,15.333333333333332
"Sanford Sketch Pad, Blue",4019.9772,-230.93280000000001,15.0625
"Logitech Memory Card, Programmable",4013.408,695.088,11.176470588235293
Fellowes Super Stor/Drawer Files,4006.44,473.34150000000005,6.666666666666668
Samsung Galaxy S4 Active,3999.92,1039.9792,0.0
WD My Passport Ultra 2TB Portable External Hard Drive,3998.4,499.8,2.5
"Rogers Trays, Single Width",3994.2826,-571.6474,18.130434782608695
Canon imageCLASS MF7460 Monochrome Digital Laser Multifunction Copier,3991.98,1995.99,0.0
Office Star - Contemporary Swivel Chair with Padded Adjustable Arms and Flex Back,3989.734,425.7596,15.714285714285717
"Cardinal Binding Machine, Durable",3987.097,1000.0070000000001,5.151515151515151
"Novimex Bag Chairs, Black",3986.0420999999997,447.6921,17.8
"Epson Phone, Durable",3976.9239,229.80390000000003,20.11764705882353
Polycom SoundStation2 EX Conference phone,3968.5099999999998,518.336,20.0
"Acco 3-Hole Punch, Economy",3968.2096,344.56960000000004,6.454545454545454
Hon Racetrack Conference Tables,3963.901,-598.5228,28.33333333333334
"Lesro Round Table, Adjustable Height",3960.6240000000003,-2402.976,43.4
Canon Image Class D660 Copier,3959.9339999999997,1691.9718,10.0
"Global Airflow Leather Mesh Back Chair, Black",3955.676,573.724,15.555555555555555
Fellowes High-Stak Drawer Files,3946.656,419.3322,12.5
"Enermax Note Cards, Premium",3940.6707,573.2307,13.813953488372094
"Harbour Creations Steel Folding Chair, Adjustable",3938.2419999999997,700.972,19.375
"Safco Stackable Bookrack, Mobile",3933.0719999999997,-217.15800000000002,17.142857142857142
"Bevis Training Table, Rectangular",3929.6325,336.83250000000004,16.25
"Hon Chairmat, Red",3921.8988,178.09879999999998,15.346153846153848
"Fellowes Shelving, Industrial",3921.4368,919.7268,10.285714285714285
"Konica Phone, Red",3921.147,941.667,16.57894736842105
"Nokia Office Telephone, with Caller ID",3914.0959,-186.30409999999998,20.076923076923077
"Enermax Numeric Keypad, Erganomic",3905.9198,524.0798,9.666666666666666
"Fellowes Shelving, Blue",3899.5728,734.8628,9.458333333333334
"Green Bar Cards & Envelopes, 8.5 x 11",3897.726,481.826,9.423076923076925
"Memorex Memory Card, USB",3893.5568,580.0968,17.736842105263158
"Panasonic Card Printer, White",3889.5274999999997,-693.5624999999999,36.5
"Okidata Card Printer, Wireless",3885.843,-722.277,23.636363636363637
"Breville Microwave, Black",3884.706,602.106,12.5
"Epson Receipt Printer, White",3877.6295999999998,683.6796,19.07142857142857
"Lesro Wood Table, Rectangular",3867.25,-666.5,20.833333333333336
"Logitech Keyboard, Programmable",3865.12,387.13,12.391304347826088
Luxo Professional Fluorescent Magnifier Lamp with Clamp-Mount Base,3861.056,289.57919999999996,20.0
"Wilson Jones 3-Hole Punch, Durable",3859.258,844.318,10.961538461538462
"Barricks Wood Table, Adjustable Height",3858.792,-258.1379999999999,43.33333333333333
Honeywell Enviracaire Portable HEPA Air Cleaner for 16' x 20' Room,3855.18,1503.5202,0.0
"Advantus Photo Frame, Black",3854.8248,-194.90519999999998,16.523809523809526
Polycom SoundPoint IP 450 VoIP phone,3839.62,162.6192,23.333333333333336
"Konica Printer, Red",3837.0552000000002,200.8752,28.555555555555557
"Cardinal 3-Hole Punch, Durable",3833.657,1346.797,7.833333333333334
"SanDisk Numeric Keypad, USB",3819.546,734.046,14.130434782608695
"Harbour Creations Chairmat, Adjustable",3819.3505999999998,1077.7806,13.789473684210526
Google Nexus 5,3815.788,710.9605,12.000000000000002
"Cisco Office Telephone, Cordless",3782.274,613.414,15.625
Hon Non-Folding Utility Tables,3775.647,541.654,20.0
"StarTech Receipt Printer, White",3747.0762,941.4162,4.0
"Hon Computer Table, Adjustable Height",3747.0465,-911.1735,21.666666666666664
Logitech VX Revolution Cordless Laser Mouse for Notebooks (Black),3743.7920000000004,21.5988,8.0
"Hon Coffee Table, with Bottom Storage",3743.415,-784.835,29.28571428571428
"SAFCO PlanMaster Heigh-Adjustable Drafting Table Base, 43w x 30d x 30-37h, Black",3739.115,608.043,27.999999999999996
"StarTech Card Printer, Durable",3733.263,177.333,17.727272727272727
"Lesro Round Table, Fully Assembled",3723.0708,-154.3092,46.4
"Sharp Ink, Digital",3721.2519,535.0119,5.300000000000001
"Cisco Office Telephone, Full Size",3719.8975,608.8475,15.857142857142856
"Hon Chairmat, Adjustable",3707.478,765.318,11.73913043478261
"Stanley Markers, Water Color",3701.0808,768.4008,13.204081632653061
"Smead Shelving, Industrial",3700.4796,26.229600000000005,15.42857142857143
"BIC Sketch Pad, Easy-Erase",3700.4128,1211.2528,12.137931034482758
"Bevis Conference Table, Rectangular",3685.32,1037.92,30.0
"Hon Steel Folding Chair, Black",3684.8835,-326.6465,22.5
Aastra 57i VoIP phone,3684.708,575.3316,14.285714285714285
"Office Star - Contemporary Task Swivel chair with Loop Arms, Charcoal",3680.538,-491.175,18.88888888888889
"Office Star Steel Folding Chair, Set of Two",3677.9076,910.4976,19.133333333333333
"SanDisk Keyboard, Bluetooth",3675.5628,419.2128,14.785714285714285
"Bevis Computer Table, Adjustable Height",3674.272,-105.06800000000004,15.000000000000002
"Panasonic Receipt Printer, Red",3671.355,798.6550000000001,15.333333333333332
"Sanford Canvas, Water Color",3667.71,-497.59000000000003,23.333333333333332
"Sauder Stackable Bookrack, Traditional",3666.752,-131.10799999999995,17.69230769230769
"Barricks Conference Table, Rectangular",3663.8325,-2487.9675,34.99999999999999
"Lesro Round Table, with Bottom Storage",3661.281,-33.27899999999998,33.33333333333333
Polycom VoiceStation 500 Conference phone,3657.38,339.1925,16.0
"Nokia Headset, Full Size",3656.264,441.664,4.133333333333333
"Novimex Chairmat, Adjustable",3645.4990000000003,68.89900000000002,18.478260869565215
"Dania Floating Shelf Set, Pine",3641.6,-302.05999999999995,20.363636363636363
"Situations Contoured Folding Chairs, 4/Set",3641.2740000000003,234.234,18.000000000000004
"Sharp Personal Copier, High-Speed",3638.984,254.88400000000001,16.614285714285714
"Nokia Headset, VoIP",3638.04,739.5799999999999,8.0
"Harbour Creations Steel Folding Chair, Red",3636.2871999999998,-79.29280000000004,23.523809523809526
"Barricks Round Table, with Bottom Storage",3635.9475,-1715.3325,28.333333333333332
"Bush Heritage Pine Collection 5-Shelf Bookcase, Albany Pine Finish, *Special Order",3626.0056,-208.65040000000002,23.375
"Office Star Chairmat, Black",3623.1611000000003,1149.7511,11.588235294117647
Toshiba IPT2010-SD IP Telephone,3613.74,425.3094,17.5
"Hewlett Personal Copier, Digital",3613.48416,306.98416000000003,17.78
"Ibico 3-Hole Punch, Recycled",3606.824,1011.044,13.08108108108108
"Konica Card Printer, White",3604.6780000000003,446.33799999999997,10.0
"Bush Cubix Conference Tables, Fully Assembled",3603.288,311.82300000000004,20.0
"Motorola Office Telephone, VoIP",3598.0085,680.9085,22.1
"Green Bar Note Cards, Premium",3595.648,152.668,12.720930232558139
"KitchenAid Blender, Black",3593.3312,618.7612,20.73333333333333
Pyle PMP37LED,3590.026,576.8999,10.0
"Memorex Keyboard, Erganomic",3578.743,640.123,11.333333333333332
"Chromcraft Round Table, Fully Assembled",3576.751,-1823.079,43.333333333333336
"Avery 3-Hole Punch, Recycled",3563.6611000000003,296.8711,13.551020408163264
"Samsung Signal Booster, with Caller ID",3562.2672000000002,-349.8628,28.142857142857146
"Cardinal 3-Hole Punch, Economy",3559.776,1021.5360000000001,10.91304347826087
"Stanley Sketch Pad, Blue",3555.881,950.101,9.466666666666667
"Cardinal 3-Hole Punch, Recycled",3545.856,529.506,14.857142857142854
Global Adaptabilities Conference Tables,3540.348,354.0348,15.000000000000002
"24 Capacity Maxi Data Binder Racks, Pearl",3537.24,536.9025,10.0
Global Comet Stacking Armless Chair,3528.79,514.366,16.666666666666664
"Harbour Creations Bag Chairs, Adjustable",3520.9211999999998,981.9912,18.434782608695652
"SAFCO Chairmat, Red",3514.6244,482.5844,14.76666666666667
Avanti 4.4 Cu. Ft. Refrigerator,3511.012,383.6776,14.285714285714285
"Novimex Bag Chairs, Adjustable",3500.5125,870.4425,13.307692307692307
"Smead Shelving, Single Width",3487.4208,430.5408,14.911764705882355
"Harbour Creations Bag Chairs, Black",3487.2775,822.9475,16.64
"Lesro Training Table, Fully Assembled",3483.7803,-842.5496999999999,24.5
"BIC Pencil Sharpener, Water Color",3483.3872,732.4472000000001,11.297297297297296
Hon Rectangular Conference Tables,3481.515,-295.815,32.5
"Logitech Memory Card, USB",3479.9334000000003,343.88339999999994,14.799999999999999
"Acco 3-Hole Punch, Durable",3472.7192,431.11920000000003,12.170731707317074
"Panasonic Receipt Printer, Wireless",3468.621,380.091,8.200000000000001
"Konica Phone, White",3465.216,835.5360000000001,14.133333333333335
"Kleencut Shears, Steel",3459.3642,688.8142,14.045454545454545
"Wilson Jones 3-Hole Punch, Recycled",3459.2670000000003,1077.387,7.973684210526316
"Iceberg OfficeWorks 42"" Round Tables",3457.442,-392.54799999999994,20.0
"Global Adaptabilites Bookcase, Cherry/Storm Gray Finish",3447.84,206.87040000000002,0.0
"Stanley Sketch Pad, Easy-Erase",3431.4700000000003,270.35,20.54054054054054
"Nokia Office Telephone, Cordless",3430.724,96.94400000000002,7.857142857142857
"Hon Round Table, Rectangular",3423.2,-303.10999999999996,20.0
O'Sullivan Living Dimensions 5-Shelf Bookcases,3420.7704,-755.7515999999999,24.0
Geemarc AmpliPOWER60,3415.04,384.192,18.181818181818183
Hewlett-Packard Desktjet 6988DT Refurbished Printer,3404.5,1668.205,0.0
Bush Advantage Collection Round Conference Table,3401.6000000000004,210.47400000000002,23.75
"Ikea Corner Shelving, Traditional",3400.558,437.12800000000004,18.46153846153846
Fellowes Stor/Drawer Steel Plus Storage Drawers,3397.308,78.25259999999999,5.0
"Bevis Round Table, Fully Assembled",3395.112,547.272,26.666666666666668
"Advantus Door Stop, Erganomic",3394.515,175.315,15.000000000000002
"Bevis Coffee Table, Adjustable Height",3373.4961,-426.4239,21.4
"Belkin Keyboard, Programmable",3368.241,310.641,17.7
"Breville Coffee Grinder, White",3363.4,-30.199999999999996,9.647058823529413
"Chromcraft Bull-Nose Wood Round Conference Table Top, Wood Base",3354.89,100.211,18.333333333333336
"Boston Pencil Sharpener, Easy-Erase",3353.4107,285.2507,10.45945945945946
"SAFCO Bag Chairs, Red",3349.8896,-136.19039999999998,16.15625
"BIC Canvas, Easy-Erase",3334.8063,696.3663,17.19230769230769
"Memorex Numeric Keypad, Erganomic",3331.98,745.22,14.107142857142858
"Xerox Cards & Envelopes, 8.5 x 11",3326.0566000000003,872.0166,5.631578947368421
"Dot Matrix Printer Tape Reel Labels, White, 5000/Box",3322.878,1517.9064,5.0
"Bush Andora Bookcase, Maple/Graphite Gray Finish",3317.7235,135.5887,16.666666666666664
Tenex Antistatic Computer Chair Mats,3317.0119999999997,-530.038,23.333333333333332
"Deflect-O Clock, Black",3312.2427000000002,-804.5273,25.08333333333333
"Belkin Numeric Keypad, Erganomic",3307.5325,-185.2475,17.333333333333332
"Belkin Keyboard, USB",3304.737,684.5269999999999,19.333333333333332
"Enermax Memory Card, Bluetooth",3297.4824,129.05239999999998,13.615384615384615
"Rogers Folders, Industrial",3287.396,-37.06400000000001,11.026315789473685
"Stiletto Shears, High Speed",3284.2264,358.2964,11.678571428571429
"Epson Card Printer, Red",3282.958,1202.298,9.0
"Office Star Bag Chairs, Black",3279.552,384.452,10.416666666666668
"Lesro Computer Table, with Bottom Storage",3272.028,86.02800000000002,36.66666666666667
"Safco Corner Shelving, Pine",3270.0635,519.0035,9.444444444444445
"Barricks Training Table, Fully Assembled",3266.9835,-681.2265,39.166666666666664
"Kleencut Trimmer, Steel",3263.5419,28.311899999999987,11.423076923076922
"Sanford Sketch Pad, Easy-Erase",3261.5175,1371.8375,4.68
"Hoover Toaster, Red",3253.596,227.87600000000003,16.923076923076923
Bevis 44 x 96 Conference Tables,3253.2200000000003,-164.72000000000003,18.0
"Chromcraft Round Table, Rectangular",3252.69,-641.31,23.333333333333332
"Fiskars Trimmer, Serrated",3249.22,-63.440000000000026,14.535714285714288
"Bush 3-Shelf Cabinet, Pine",3236.904,505.214,10.0
Ibico EB-19 Dual Function Manual Binding System,3234.913,1086.3772,23.75
"Barricks Round Table, Adjustable Height",3232.075,-1880.675,41.66666666666667
"Cardinal 3-Hole Punch, Clear",3232.002,649.332,11.470588235294118
"SAFCO Steel Folding Chair, Black",3228.488,474.878,20.333333333333332
"Eldon Trays, Industrial",3228.3849999999998,836.1550000000001,16.666666666666664
"Stanley Sketch Pad, Water Color",3223.197,610.597,10.0
GBC ProClick 150 Presentation Binding System,3222.996,-461.3308,50.0
"Rubbermaid Photo Frame, Durable",3217.6914,915.7414,13.347826086956523
"Novimex Chairmat, Black",3214.2939,618.0539,16.68181818181818
"Motorola Headset, VoIP",3213.9558,162.7258,18.25
"Harbour Creations Bag Chairs, Red",3211.8398,717.0398,18.954545454545453
"Eldon Door Stop, Black",3211.2432,419.4932,8.631578947368421
Okidata C331dn Printer,3210.8,111.68,24.000000000000004
"Fiskars Letter Opener, Easy Grip",3206.5144,748.0544,9.303030303030303
"Kleencut Letter Opener, Easy Grip",3192.401,768.881,7.4324324324324325
"Memorex Keyboard, USB",3191.13,337.8,7.500000000000001
"Barricks Coffee Table, Fully Assembled",3190.2740999999996,-885.0759,46.166666666666664
"Panasonic Card Printer, Red",3189.1603999999998,-127.81960000000001,9.571428571428573
"Advantus Photo Frame, Erganomic",3188.88,1007.04,9.090909090909092
"Stiletto Shears, Steel",3181.83,-76.37,12.363636363636363
"Apple Office Telephone, with Caller ID",3179.5712000000003,382.5112,11.5
Office Impressions Heavy Duty Welded Shelving & Multimedia Storage Drawers,3178.13,-167.27,4.0
"Epson Receipt Printer, Red",3168.495,815.955,10.571428571428571
Jabra SPEAK 410,3158.064,654.1704,8.88888888888889
"Global Fabric Manager's Chair, Dark Gray",3150.576,499.851,13.333333333333334
"BIC Markers, Easy-Erase",3144.37,591.04,13.750000000000002
Hon 2111 Invitation Series Corner Table,3140.55,-401.9904,20.0
"Barricks Coffee Table, Rectangular",3140.2349999999997,-1426.875,43.49999999999999
Economy Rollaway Files,3138.8,693.84,8.571428571428573
"Tenex Clock, Black",3137.275,241.31499999999997,18.541666666666668
"Hon Wood Table, Adjustable Height",3129.984,352.044,20.0
"Panasonic Card Printer, Wireless",3128.7599999999998,623.85,5.714285714285714
"SanDisk Cards & Envelopes, Recycled",3118.896,-257.624,11.391304347826088
"Elite Trimmer, Steel",3113.3798,993.4298,17.36
"Office Star Bag Chairs, Adjustable",3101.7653,386.13530000000003,20.083333333333332
BlackBerry Q10,3099.354,548.0565,6.666666666666667
"Barricks Computer Table, Adjustable Height",3098.0885,-876.5715,48.75
"Epson Receipt Printer, Durable",3096.2745,202.17449999999997,10.363636363636362
"Enermax Keyboard, Bluetooth",3082.1778,39.57780000000001,14.52941176470588
"Fiskars Shears, High Speed",3079.132,1230.872,9.090909090909092
Panasonic KX-TG9541B DECT 6.0 Digital 2-Line Expandable Cordless Phone With Digital Answering System,3059.7960000000003,1147.4235,20.0
"Hamilton Beach Blender, Black",3056.2323,171.04229999999998,11.133333333333333
"Eldon Clock, Black",3051.8916,671.3616,16.0
Hoover WindTunnel Plus Canister Vacuum,3051.3,697.44,6.666666666666667
Digium D40 VoIP phone,3044.164,571.4257,11.11111111111111
Hewlett-Packard Deskjet 3050a All-in-One Color Inkjet Printer,3040.0,1459.2,0.0
"Acco 7-Outlet Masterpiece Power Center, Wihtout Fax/Phone Line Protection",3039.5,401.214,28.57142857142857
Space Solutions HD Industrial Steel Shelving.,3035.208,24.143700000000003,2.5
Carina Double Wide Media Storage Towers in Natural & Black,3028.652,-3.239200000000003,6.666666666666667
"Eaton Cards & Envelopes, Premium",3016.3674,442.0174,13.263157894736842
"Advantus Photo Frame, Duo Pack",3007.368,854.448,15.208333333333332
"Avery 3-Hole Punch, Clear",3007.0288,90.0888,11.305555555555555
"Elite Trimmer, Serrated",2985.186,778.946,7.173913043478261
Compact Automatic Electric Letter Opener,2982.75,-57.268800000000006,5.0
"SAFCO Chairmat, Black",2981.4105,-192.6495,16.857142857142858
"SAFCO PlanMaster Boards, 60w x 37-1/2d, White Melamine",2979.004,54.71640000000002,26.0
"Rogers Box, Blue",2978.3523999999998,-20.447600000000016,15.369565217391305
O'Sullivan Living Dimensions 2-Shelf Bookcases,2970.059,-78.637,11.000000000000002
"Bevis Training Table, Fully Assembled",2968.6105000000002,-998.5095,31.166666666666664
"Cisco Headset, VoIP",2963.3942,56.554199999999994,8.384615384615385
"Hoover Blender, Black",2962.2299,96.08989999999997,22.7
"Global Manager's Adjustable Task Chair, Storm",2959.208,493.70459999999997,11.666666666666666
"Acme Trimmer, Easy Grip",2955.722,152.72200000000004,17.2
GBC DocuBind P100 Manual Binding Machine,2954.444,489.641,25.0
"Logitech Keyboard, USB",2950.2382,59.71819999999998,14.529411764705882
"Hoover Coffee Grinder, White",2949.8282,-22.39180000000001,10.999999999999998
"BIC Pencil Sharpener, Blue",2949.35,529.82,16.59090909090909
O'Sullivan Plantations 2-Door Library in Landvery Oak,2946.3668,-767.7436,33.2
3.6 Cubic Foot Counter Height Office Refrigerator,2946.2,-872.0752,52.0
"KitchenAid Toaster, Black",2939.4125,509.7825,7.352941176470589
"SanDisk Memory Card, USB",2931.8740000000003,596.114,20.0
Aastra 6757i CT Wireless VoIP phone,2929.984,482.5856,16.666666666666664
"Panasonic Phone, Red",2928.6828,318.9228,22.4375
"Chromcraft Coffee Table, Adjustable Height",2917.2,60.780000000000015,15.833333333333336
"Boston Markers, Blue",2916.8736,651.5436,12.720930232558139
"SAFCO Bag Chairs, Adjustable",2914.1385,192.5885,17.857142857142858
Novimex Swivel Fabric Task Chair,2913.9139999999998,-445.39099999999996,20.0
"Deflect-O Clock, Durable",2912.9880000000003,135.49799999999996,18.88888888888889
"Samsung Office Telephone, VoIP",2910.649,351.18899999999996,22.36842105263158
ShoreTel ShorePhone IP 230 VoIP phone,2906.628,422.475,15.000000000000002
"Binney & Smith Markers, Water Color",2904.9822,493.79220000000004,12.71875
O'Sullivan Living Dimensions 3-Shelf Bookcases,2904.161,-170.83299999999997,20.0
"Belkin Mouse, Erganomic",2900.0424000000003,248.38240000000002,13.586206896551726
"Eldon Photo Frame, Duo Pack",2888.1405,-273.0895,15.227272727272728
Kensington 7 Outlet MasterPiece Power Center,2883.276,229.5942,20.0
"Hon Chairmat, Black",2881.206,-1.1939999999999982,9.000000000000002
Logitech Wireless Gaming Headset G930,2879.82,763.1523,13.333333333333334
"Eldon Frame, Black",2874.0875,-120.5125,15.4
"Okidata Phone, White",2872.6936,123.94360000000002,17.46153846153846
Bose SoundLink Bluetooth Speaker,2865.6,967.14,20.0
"Electrix Architect's Clamp-On Swing Arm Lamp, Black",2863.8,627.1722000000001,12.0
"Advantus Clock, Duo Pack",2861.4775,105.4375,12.222222222222223
"Deflect-O Clock, Erganomic",2853.7607,575.0907,16.76
"Hoover Toaster, White",2847.8522000000003,641.2122,11.214285714285714
"Lesro Round Back Collection Coffee Table, End Table",2847.7799999999997,-328.59,28.749999999999996
"SanDisk Cards & Envelopes, Premium",2847.7416,1016.9316,10.647058823529413
Okidata MB491 Multifunction Printer,2844.2999999999997,-434.13,44.99999999999999
"Acco 3-Hole Punch, Recycled",2843.8856,212.59560000000002,8.451612903225806
"Ames Interoffice Envelope, Security-Tint",2840.112,656.572,12.777777777777777
Premier Automatic Letter Opener,2836.366,-427.8586,12.000000000000002
"Belkin Numeric Keypad, USB",2829.856,-454.84400000000005,18.89473684210526
"Elite Shears, Easy Grip",2825.8893,-185.7507,16.321428571428573
"Memorex Keyboard, Bluetooth",2824.8262,391.86620000000005,9.85
"Cameo Interoffice Envelope, Recycled",2810.0135,789.8235,15.434782608695652
"Rubbermaid Door Stop, Duo Pack",2807.4786,314.96860000000004,8.16
"Chromcraft Wood Table, Fully Assembled",2807.142,164.442,18.333333333333336
"Rubbermaid Clock, Erganomic",2806.9638,1121.6538,10.705882352941176
Logitech Wireless Headset h800,2799.72,719.928,6.666666666666667
"Novimex Chairmat, Red",2799.159,258.509,17.727272727272727
"Logitech Numeric Keypad, Erganomic",2791.3696,678.5196,15.571428571428573
Xerox 1915,2789.01,1262.394,4.444444444444445
"Deflect-O Photo Frame, Black",2788.587,407.247,5.705882352941177
"Belkin Keyboard, Bluetooth",2787.612,-704.398,22.3125
"Binney & Smith Pencil Sharpener, Easy-Erase",2779.2212,350.4712,12.828571428571427
"Fellowes Folders, Blue",2776.4,947.01,16.41025641025641
"Hon Bag Chairs, Red",2774.016,525.726,17.48
"Stiletto Letter Opener, Easy Grip",2773.248,389.408,14.45945945945946
"Eldon Trays, Blue",2771.067,538.747,9.333333333333332
"Cameo Interoffice Envelope, Set of 50",2764.3785,826.1385,11.09090909090909
"StarTech Phone, White",2761.616,836.416,13.333333333333334
Electrix Halogen Magnifier Lamp,2759.06,314.76599999999996,23.333333333333332
"Cisco Office Telephone, with Caller ID",2758.437,-46.44300000000001,18.823529411764707
"Green Bar Cards & Envelopes, Premium",2757.5848,321.22479999999996,7.055555555555555
"Logitech Keyboard, Bluetooth",2757.447,539.667,18.46666666666667
"Jiffy Interoffice Envelope, Recycled",2756.624,887.084,9.058823529411764
Maxell iVDR EX 500GB Cartridge,2755.4,1184.8220000000001,0.0
"Belkin Flash Drive, Programmable",2755.1096,172.0096,7.7368421052631575
"Hon Bag Chairs, Adjustable",2746.9224,-97.1576,23.782608695652172
VTech DS6151,2746.582,478.762,12.5
"Hoover Toaster, Silver",2746.3319,660.9019,18.999999999999996
Nortel Meridian M5316 Digital phone,2744.87,253.77100000000002,20.0
"Motorola Office Telephone, Cordless",2744.6532,-360.3068,20.285714285714285
O'Sullivan 4-Shelf Bookcase in Odessa Pine,2740.197,-975.0988,42.142857142857146
"Advantus Door Stop, Black",2739.6252,460.4652,18.227272727272727
"Carina Mini System Audio Rack, Model AR050B",2730.108,-68.8076,6.666666666666667
"Stanley Pencil Sharpener, Fluorescent",2721.67,644.93,13.970588235294118
"Enermax Numeric Keypad, USB",2715.645,-266.00499999999994,12.764705882352942
"Lesro Training Table, Rectangular",2711.6466,-2581.2834000000003,58.199999999999996
"Bevis Round Table, with Bottom Storage",2710.1337000000003,-404.2563,30.5
"1.7 Cubic Foot Compact ""Cube"" Office Refrigerators",2706.08,578.6848,6.666666666666667
"Kraft Interoffice Envelope, Security-Tint",2706.024,605.0640000000001,6.190476190476191
Hon Mobius Operator's Chair,2705.7799999999997,499.3394,4.0
"Ibico 3-Hole Punch, Durable",2705.6324999999997,712.4825000000001,10.948717948717949
"Enermax Mouse, Bluetooth",2700.9073,741.4273000000001,11.884615384615383
"GE 48"" Fluorescent Tube, Cool White Energy Saver, 34 Watts, 30/Box",2699.056,1260.221,7.500000000000001
"Eldon Door Stop, Durable",2691.7176,557.1576,15.368421052631579
"Advantus Clock, Black",2685.1275,484.32750000000004,13.526315789473683
"Bevis Computer Table, with Bottom Storage",2682.234,-159.06600000000003,31.666666666666664
"Fiskars Shears, Easy Grip",2678.5946,335.5346,12.473684210526317
"Avery 3-Hole Punch, Durable",2677.565,749.6750000000001,15.225
"Binney & Smith Sketch Pad, Easy-Erase",2672.4024,231.6924,15.964285714285714
"Bevis Round Conference Table Top, X-Base",2671.421,-519.941,26.666666666666668
"Fellowes Folders, Single Width",2669.9586,832.1286,14.174999999999999
"Kleencut Trimmer, Easy Grip",2665.2255,373.50550000000004,8.631578947368421
"Binney & Smith Markers, Fluorescent",2663.6935,465.4135,13.35897435897436
Imation Bio 8GB USB Flash Drive Imation Corp,2659.84,398.976,0.0
"BIC Pencil Sharpener, Easy-Erase",2658.6240000000003,102.294,10.9375
"Xerox Cards & Envelopes, Recycled",2655.8488,826.3688,8.526315789473683
Global Highback Leather Tilter in Burgundy,2647.809,49.1346,14.444444444444446
"Acme Shears, High Speed",2646.592,666.852,21.666666666666668
Cisco 8x8 Inc. 6753i IP Business Phone System,2645.804,83.69380000000001,16.666666666666664
Premier Electric Letter Opener,2641.608,-7.105427357601002e-15,7.500000000000001
"Fiskars Trimmer, Steel",2637.664,-45.47599999999999,14.14285714285714
"Eaton Note Cards, Premium",2632.9772,232.59719999999996,10.424242424242426
Vtech CS6719,2630.1259999999997,418.51640000000003,17.142857142857146
"Boston Markers, Easy-Erase",2628.036,-52.68399999999999,10.243243243243242
"Tenex Clock, Durable",2624.5128,535.2528,24.619047619047617
NETGEAR AC1750 Dual Band Gigabit Smart WiFi Router,2623.8360000000002,723.1548,4.0
"Acme Trimmer, Steel",2620.9148,317.2548,16.448275862068964
"Jiffy Interoffice Envelope, Set of 50",2620.7639999999997,-32.466,12.85714285714286
Razer Kraken 7.1 Surround Sound Over Ear USB Gaming Headset,2619.738,995.9004,6.666666666666667
"Kleencut Box Cutter, High Speed",2615.844,-283.096,23.9
"Enermax Mouse, Erganomic",2615.819,497.409,4.833333333333333
"Ibico 3-Hole Punch, Clear",2615.0313,749.3613,16.13888888888889
Fellowes Bankers Box Staxonsteel Drawer File/Stacking System,2612.196,153.3528,7.500000000000001
Motorola Droid Maxx,2609.826,341.9772,15.000000000000002
"Enermax Flash Drive, Programmable",2608.1592,399.7392,10.85
"Bevis Wood Table, Adjustable Height",2607.56,542.8399999999999,30.0
"Barricks Wood Table, Rectangular",2603.37,648.27,23.5
"StarTech Receipt Printer, Wireless",2597.5242,100.3842,11.88888888888889
"Enermax Mouse, Programmable",2592.2336999999998,300.6537,11.0625
Hon Deluxe Fabric Upholstered Stacking Chairs,2586.1879999999996,-48.796,27.500000000000004
"Office Star Bag Chairs, Red",2577.96,210.21000000000004,20.0
"BIC Pencil Sharpener, Fluorescent",2572.3446,580.9746,8.89655172413793
"Kleencut Shears, Serrated",2570.3811,-167.51889999999997,13.407407407407407
"Enermax Mouse, USB",2565.405,229.365,12.0
"Stiletto Box Cutter, Steel",2559.609,424.009,5.652173913043478
"Deflect-O Clock, Duo Pack",2555.6059,507.6459,11.714285714285715
"Stanley Markers, Fluorescent",2554.7158,664.7558,11.157894736842106
"Eaton Cards & Envelopes, Recycled",2552.8455,344.6655,17.75
"Stur-D-Stor Shelving, Vertical 5-Shelf: 72""H x 36""W x 18 1/2""D",2552.54,51.050799999999995,0.0
"Chromcraft Computer Table, Fully Assembled",2550.76,376.61,40.0
"Elite Trimmer, Easy Grip",2543.5761,621.8961,14.578947368421053
"Acco 3-Hole Punch, Clear",2543.3869999999997,29.086999999999993,13.783783783783782
Bevis Boat-Shaped Conference Table,2542.467,-445.587,31.666666666666664
Fellowes Powershred HS-440 4-Sheet High Security Shredder,2541.8360000000002,1092.6795,6.666666666666667
"Rubbermaid Photo Frame, Duo Pack",2538.69,837.38,9.722222222222223
"Okidata Receipt Printer, White",2535.9924,101.89240000000001,17.454545454545453
"SAFCO Chairmat, Set of Two",2534.9388,275.6388,19.000000000000004
"Hoover Coffee Grinder, Red",2533.7650000000003,88.60499999999999,13.571428571428571
"Rubbermaid Stacking Tray, Erganomic",2532.9078,364.7078,14.666666666666666
"Deflect-O Door Stop, Black",2530.348,-554.632,18.53846153846154
"Eldon Door Stop, Erganomic",2523.552,239.482,21.5
"Breville Toaster, Red",2520.1792,264.6092,22.3125
Xerox WorkCentre 6505DN Laser Multifunction Printer,2519.958,-251.9958,40.0
"Tenex Clock, Duo Pack",2518.1832,588.1732,17.35294117647059
"Tenex Stacking Tray, Erganomic",2516.122,186.182,15.097560975609758
"Enermax Flash Drive, USB",2514.928,656.798,5.555555555555555
Safco Industrial Wire Shelving System,2511.0480000000002,-218.352,10.0
Plantronics Calisto P620-M USB Wireless Speakerphone System,2508.672,505.6542,10.0
"Deflect-O Door Stop, Erganomic",2499.5685,557.9485,20.22222222222222
"Epson Phone, White",2499.147,912.757,12.222222222222223
Kensington 7 Outlet MasterPiece HOMEOFFICE Power Control Center,2491.28,563.816,20.0
Kensington 4 Outlet MasterPiece Compact Power Control Center,2488.392,380.5776,17.142857142857146
"Rush Hierlooms Collection 1"" Thick Stackable Bookcases",2487.759,410.352,3.75
Sensible Storage WireTech Storage Systems,2484.3,-78.078,7.500000000000001
"Lesro Coffee Table, Adjustable Height",2482.589,132.73900000000003,23.333333333333332
"Acme Box Cutter, Easy Grip",2482.146,245.28600000000003,11.200000000000001
Wi-Ex zBoost YX540 Cellular Phone Signal Booster,2481.15,540.015,10.000000000000002
"BIC Markers, Water Color",2480.331,805.291,9.189189189189188
"Xerox Cards & Envelopes, Premium",2467.354,666.004,9.473684210526317
"SanDisk Note Cards, Premium",2465.8095,658.9895,14.799999999999999
"GlobeWeis Mailers, Security-Tint",2460.276,681.756,15.571428571428573
"Jiffy Mailers, Security-Tint",2454.659,328.569,18.333333333333332
Enermax Acrylux Wireless Keyboard,2450.16,630.468,10.000000000000002
"Acme Letter Opener, Steel",2442.1340999999998,445.4241,13.821428571428571
"Boston Highlighters, Water Color",2441.523,305.20300000000003,7.970588235294118
"Cuisinart Blender, Red",2439.7758,204.11580000000004,9.454545454545455
"GlobeWeis Interoffice Envelope, Set of 50",2438.82,298.22999999999996,4.444444444444445
"Logitech Numeric Keypad, Programmable",2437.226,340.886,12.5
"Acme Trimmer, High Speed",2437.04,614.24,9.0
"BIC Markers, Fluorescent",2435.8893,-253.42070000000004,15.466666666666665
"Breville Coffee Grinder, Black",2435.256,635.0559999999999,8.461538461538462
"Wilson Jones 3-Hole Punch, Economy",2435.13,460.95,15.256410256410257
"Novimex Bag Chairs, Set of Two",2432.998,257.148,15.25
"Tenex Photo Frame, Erganomic",2427.1259999999997,-71.724,16.666666666666664
"SanDisk Note Cards, Multicolor",2423.1592,621.7492,8.285714285714285
"Harbour Creations Bag Chairs, Set of Two",2422.3762,462.0562,16.0625
"BIC Highlighters, Water Color",2420.9713,34.081300000000006,8.307692307692308
"Novimex Bag Chairs, Red",2420.1004,-40.419599999999996,15.6
"Samsung Headset, Full Size",2417.9454,218.34539999999998,21.214285714285715
"Hon Coffee Table, Adjustable Height",2417.484,674.184,11.666666666666666
"Eldon Shelving, Wire Frame",2413.1252,-55.24479999999999,13.625000000000002
"Cameo Mailers, with clear poly window",2409.982,-48.878,15.772727272727272
"Advantus Stacking Tray, Erganomic",2407.9029,107.66290000000002,19.38888888888889
"Eldon Clock, Duo Pack",2398.6148,841.8248,13.052631578947368
"SanDisk Computer Printout Paper, 8.5 x 11",2397.0414,-68.6886,8.818181818181818
Panasonic KX MB2061 Multifunction Printer,2396.4,179.73,20.0
"Stockwell Paper Clips, Assorted Sizes",2395.4378,251.2878,15.169230769230769
"Lesro Wood Table, with Bottom Storage",2393.2416,-878.7684,23.5
Global Super Steno Chair,2389.902,-3.552713678800501e-15,14.285714285714285
Harbour Creations Steel Folding Chair,2389.125,336.375,16.25
"Cameo Mailers, Recycled",2388.848,710.718,6.666666666666667
"Wilson Jones 3-Hole Punch, Clear",2386.5029999999997,422.123,9.272727272727273
"Fellowes Box, Industrial",2380.6272,-285.5428,15.666666666666668
"Hoover Toaster, Black",2372.4791999999998,871.3091999999999,7.000000000000001
"Okidata Calculator, White",2370.225,-150.70499999999998,11.071428571428573
"Enermax Flash Drive, Erganomic",2368.3215,803.4815,19.136363636363637
"SanDisk Flash Drive, Bluetooth",2366.0736,740.7436,15.428571428571427
"Acme Letter Opener, Easy Grip",2363.1653,683.2453,10.916666666666668
Logitech Gaming G510s - Keyboard,2362.7219999999998,676.5204,7.500000000000001
Swingline SM12-08 MicroCut Jam Free Shredder,2359.941,-447.9888,53.333333333333336
"Fellowes Box, Wire Frame",2359.0,736.18,12.043478260869565
"Tenex Folders, Single Width",2358.79,123.58000000000001,13.63888888888889
"Green Bar Note Cards, Multicolor",2358.1349999999998,470.755,17.14285714285714
"Belkin Mouse, Bluetooth",2355.3449,303.7049,12.57142857142857
"StarTech Phone, Wireless",2348.1252,128.5452,12.642857142857142
"Acme Trimmer, Serrated",2341.1264,-19.063599999999994,15.14285714285714
"3D Systems Cube Printer, 2nd Generation, White",2339.982,-467.9964,35.0
Logitech G700s Rechargeable Gaming Mouse,2339.766,889.911,8.88888888888889
"Eaton Computer Printout Paper, 8.5 x 11",2339.0895,382.3995,17.785714285714285
"Fiskars Box Cutter, Serrated",2337.024,317.954,18.5
"Acme Shears, Serrated",2335.5066,-78.69340000000001,16.55
StarTech.com 10/100 VDSL2 Ethernet Extender Kit,2330.65,-785.7620000000001,42.50000000000001
"Fiskars Shears, Steel",2330.5184,330.35839999999996,11.285714285714286
"SanDisk Keyboard, USB",2329.2542,206.2742,14.625
"Stanley Markers, Easy-Erase",2328.641,20.971000000000004,5.675675675675676
"Stiletto Trimmer, Serrated",2327.1555,96.05550000000001,13.1875
"Barricks Training Table, with Bottom Storage",2316.163,-670.717,32.33333333333333
"Logitech Numeric Keypad, USB",2307.888,638.868,12.315789473684209
"StarTech Printer, White",2306.4948,223.89480000000003,15.4
"Fellowes Folders, Industrial",2303.616,173.736,16.8
"BIC Sketch Pad, Fluorescent",2302.144,641.794,14.722222222222223
"Fellowes Mobile File Cart, Black",2300.66,485.00399999999996,6.000000000000001
"Gould Plastics 18-Pocket Panel Bin, 34w x 5-1/4d x 20-1/2h",2299.75,-172.9412,12.000000000000002
"Lesro Sheffield Collection Coffee Table, End Table, Center Table, Corner Table",2298.114,-12.13290000000001,17.77777777777778
Bevis Round Conference Table Top & Single Column Base,2297.5380000000005,100.97460000000001,22.000000000000004
"Stiletto Box Cutter, Easy Grip",2292.9900000000002,318.69,7.478260869565219
"Breville Toaster, Silver",2282.488,-113.79199999999999,14.000000000000002
"Stockwell Clamps, 12 Pack",2280.6758,392.9758,15.340425531914894
Xiaomi Mi3,2279.96,592.7896,0.0
"Enermax Note Cards, 8.5 x 11",2278.0085,598.6084999999999,8.363636363636363
"Eldon Folders, Industrial",2275.2708000000002,-73.4992,11.18918918918919
"Kraft Interoffice Envelope, Set of 50",2271.71,229.19,14.842105263157896
"SAFCO Bag Chairs, Set of Two",2268.1572,606.5172,21.047619047619047
"Tenex 46"" x 60"" Computer Anti-Static Chairmat, Rectangular Shaped",2267.9719999999998,148.372,14.285714285714285
"Boston Markers, Water Color",2266.485,-256.355,11.607142857142858
GBC DocuBind P50 Personal Binding Machine,2264.892,569.422,34.0
"Sanford Pencil Sharpener, Fluorescent",2264.7744,477.3744,12.848484848484848
"Eldon Clock, Durable",2259.81,226.15,19.333333333333332
"Panasonic Phone, Durable",2257.3872,532.8672,15.636363636363637
Cisco IP Phone 7961G-GE VoIP phone,2252.432,-119.119,35.0
"Elite Letter Opener, Easy Grip",2248.841,66.131,10.703703703703704
"SAFCO Bag Chairs, Black",2247.7048,-58.575199999999974,16.35
"Rubbermaid Photo Frame, Erganomic",2243.4798,191.26979999999998,14.76470588235294
"Belkin Mouse, USB",2242.1432,338.3132,10.391304347826088
Plantronics S12 Corded Telephone Headset System,2242.032,754.5300000000001,10.000000000000002
BPI Conference Tables,2241.8675,-795.9725000000001,37.0
"Cuisinart Blender, Black",2239.2396,-100.36040000000001,14.571428571428571
"StarTech Calculator, Red",2236.8671,392.3671,3.7222222222222228
"Advantus Clock, Durable",2233.776,96.596,9.411764705882353
"Acme Shears, Easy Grip",2229.105,-247.695,21.714285714285715
"Binney & Smith Highlighters, Water Color",2228.6721,709.6220999999999,15.6
"Sanford Markers, Easy-Erase",2227.344,114.024,13.472222222222221
Plantronics HL10 Handset Lifter,2227.008,250.5384,20.000000000000004
Konftel 250 Conference phone - Charcoal black,2221.596,324.6948,10.0
Avanti 1.7 Cu. Ft. Refrigerator,2221.56,476.6256,10.0
"Binney & Smith Markers, Easy-Erase",2215.542,606.102,14.08108108108108
"Hoover Blender, Silver",2215.476,737.226,1.0
"Tenex Photo Frame, Duo Pack",2214.573,554.533,17.6
"Logitech Mouse, Bluetooth",2211.128,466.328,10.200000000000001
"Ames Interoffice Envelope, with clear poly window",2210.786,169.63600000000002,12.105263157894736
"GlobeWeis Mailers, Recycled",2209.2525,573.4125,14.250000000000002
Office Star - Ergonomic Mid Back Chair with 2-Way Adjustable Arms,2207.956,231.6544,10.0
"Rogers Folders, Wire Frame",2206.6048,61.2748,15.687499999999998
"Global Value Steno Chair, Gray",2204.862,245.99699999999999,16.0
"GlobeWeis Manila Envelope, Set of 50",2203.7994,463.8394,11.92
Office Star - Mesh Screen back chair with Vinyl seat,2200.464,-130.98000000000002,14.285714285714285
"Enermax Cards & Envelopes, Premium",2199.57,354.69,15.0
"Fiskars Shears, Serrated",2198.2294,326.3694,11.333333333333334
"Hamilton Beach Coffee Grinder, Red",2192.724,508.044,1.4285714285714286
"3M Polarizing Task Lamp with Clamp Arm, Light Gray",2191.68,569.8368,0.0
"Eldon Photo Frame, Erganomic",2188.2652,-75.7548,20.52380952380953
"Belkin Flash Drive, USB",2186.18,591.98,8.095238095238095
"Global Push Button Manager's Chair, Indigo",2185.951,283.74739999999997,20.0
"Xerox Note Cards, Premium",2184.6666,477.3666,10.954545454545455
"Stiletto Trimmer, Steel",2182.1055,422.9055,12.736842105263158
"Binney & Smith Markers, Blue",2180.145,260.445,16.486486486486484
"Hamilton Beach Blender, Silver",2179.2704,-59.289600000000014,15.9
"Boston Markers, Fluorescent",2169.876,154.126,11.470588235294118
"Sanford Markers, Fluorescent",2166.5206000000003,504.6706,18.128205128205128
"SanDisk Cards & Envelopes, 8.5 x 11",2163.7200000000003,137.42999999999998,12.666666666666664
Jabra Supreme Plus Driver Edition Headset,2159.82,259.1784,16.0
Razer Kraken PRO Over Ear PC and Music Headset,2159.73,479.94,10.0
Logitech G35 7.1-Channel Surround Sound Headset,2157.8340000000003,699.3462,3.3333333333333335
Samsung Galaxy Note 3,2155.902,153.993,20.000000000000004
"Logitech Flash Drive, USB",2155.7248,567.7848,15.35
Sauder Inglewood Library Bookcases,2154.348,311.1836,13.0
"Cuisinart Blender, Silver",2154.132,185.232,5.454545454545454
"Breville Toaster, Black",2152.224,262.254,16.36363636363636
"Tenex Door Stop, Duo Pack",2150.034,500.06399999999996,15.133333333333335
"Chromcraft Training Table, with Bottom Storage",2146.2084,-536.8416,32.33333333333333
"Chromcraft Training Table, Rectangular",2141.9106,-1108.2094,49.0
KI Conference Tables,2140.878,-479.2164,32.5
"KitchenAid Toaster, Red",2135.844,608.044,15.0
"Stockwell Clamps, Assorted Sizes",2133.838,565.278,12.11111111111111
"Cameo Interoffice Envelope, with clear poly window",2124.5995,-105.8005,16.666666666666664
"Tenex Folders, Wire Frame",2122.008,705.168,10.689655172413794
"Breville Blender, Silver",2120.64,287.13,20.0
"Enermax Note Cards, Multicolor",2118.5536,102.0136,13.916666666666666
Mitel 5320 IP Phone VoIP phone,2116.688,211.66879999999998,20.0
"Elite Letter Opener, High Speed",2107.075,375.365,20.933333333333334
"Cameo Interoffice Envelope, Security-Tint",2105.6497,293.0197,19.38888888888889
"Rubbermaid Photo Frame, Black",2104.5,166.85999999999999,11.333333333333334
"Deflect-O Photo Frame, Durable",2100.4018,175.1518,15.944444444444445
Imation Bio 2GB USB Flash Drive Imation Corp,2098.88,881.5296,0.0
Laminate Occasional Tables,2096.168,-206.5342,23.333333333333332
"Kleencut Shears, Easy Grip",2093.0288,171.6388,14.421052631578945
"Sharp Personal Copier, Color",2085.5296,-134.7704,23.999999999999996
"Stockwell Clamps, Bulk Pack",2084.8059,183.6859,12.064516129032258
"BIC Highlighters, Blue",2082.3,673.29,14.75
"Lesro Training Table, with Bottom Storage",2073.344,-7.215999999999987,16.75
"Panasonic Calculator, Red",2072.691,604.491,15.0
"KitchenAid Coffee Grinder, Red",2071.1133,540.9933,8.818181818181818
"Bevis Wood Table, Fully Assembled",2065.4088,-171.33120000000002,41.4
"Rubbermaid ClusterMat Chairmats, Mat Size- 66"" x 60"", Lip 20"" x 11"" -90 Degree Angle",2064.228,-173.12879999999996,20.0
Cisco SPA 502G IP Phone,2063.14,299.875,16.0
"Tenex Chairmat w/ Average Lip, 45"" x 53""",2058.496,-529.76,30.0
"Panasonic Calculator, Durable",2049.264,-163.026,21.3125
"Epson Phone, Red",2048.0460000000003,214.58599999999998,5.0
"Breville Blender, Black",2041.7259999999999,-18.413999999999987,25.0
HTC One Mini,2041.038,317.4948,15.000000000000002
Hon 2111 Invitation Series Straight Table,2040.054,-115.30739999999999,27.142857142857142
"Tenex Photo Frame, Black",2037.3120000000001,490.422,10.333333333333334
"Acco Binder Covers, Recycled",2036.268,410.348,9.166666666666668
"Bevis Traditional Conference Table Top, Plinth Base",2033.496,-456.7032,33.33333333333333
Global Enterprise Series Seating High-Back Swivel/Tilt Chairs,2032.35,-460.666,25.0
"Okidata Calculator, Durable",2028.2669999999998,159.67700000000002,15.833333333333332
"GlobeWeis Interoffice Envelope, Security-Tint",2028.051,138.06099999999998,18.478260869565215
Jawbone MINI JAMBOX Wireless Bluetooth Speaker,2027.304,-339.7104,16.0
"Rogers Box, Single Width",2027.2,-19.04,16.75
Jawbone JAMBOX Wireless Bluetooth Speaker,2022.272,872.1048000000001,6.666666666666667
Jabra SPEAK 410 Multidevice Speakerphone,2018.702,10.299500000000009,26.666666666666668
"Acco Binder, Economy",2017.374,353.394,5.5777777777777775
Ooma Telo VoIP Home Phone System,2015.8400000000001,314.975,12.000000000000002
"GlobeWeis Interoffice Envelope, Recycled",2014.9164,503.3164,14.3125
"Ames Manila Envelope, Security-Tint",2012.1549,602.3049,8.592592592592592
Okidata C610n Printer,2011.9,-292.04999999999995,40.0
"Xerox Cards & Envelopes, Multicolor",2009.8,215.84,0.0
"Hon Bag Chairs, Black",2006.7008,-258.3592,17.555555555555557
"Jiffy Mailers, with clear poly window",2006.0531,530.5731,16.6875
"Belkin Mouse, Programmable",2005.2564,40.02639999999999,20.45
"Rogers Box, Wire Frame",2004.48,71.74,13.571428571428571
"SanDisk Flash Drive, Programmable",2003.1624,257.4824,14.52941176470588
Logitech G602 Wireless Gaming Mouse,1999.75,515.1356000000001,11.11111111111111
"GlobeWeis Mailers, with clear poly window",1997.3108,155.7908,26.39130434782609
"Okidata Phone, Red",1995.0,719.88,11.000000000000002
"Rubbermaid Door Stop, Durable",1993.7288999999998,124.90890000000002,12.176470588235295
"BIC Markers, Blue",1992.9982,308.0382,10.75
Adtran 1202752G1,1990.6419999999998,312.4552,16.0
"SanDisk Flash Drive, USB",1988.1625,30.662499999999994,9.875
"Ativa D5772 2-Line 5.8GHz Digital Expandable Corded/Cordless Phone System with Answering & Caller ID/Call Waiting, Black/Silver",1979.88,593.964,0.0
"Global Value Mid-Back Manager's Chair, Gray",1978.925,197.89249999999998,16.0
"Binney & Smith Pencil Sharpener, Fluorescent",1977.9361000000001,78.5861,8.516129032258064
"Deflect-O Door Stop, Durable",1974.5529999999999,578.633,3.0000000000000004
"Green Bar Computer Printout Paper, 8.5 x 11",1972.528,149.96800000000002,14.666666666666664
"Fiskars Box Cutter, Steel",1971.6996000000001,474.7296,14.555555555555555
"Cameo Mailers, Security-Tint",1970.1344000000001,262.68440000000004,18.23076923076923
"KitchenAid Coffee Grinder, White",1962.2459999999999,545.646,2.0
"Tenex Clock, Erganomic",1961.316,769.176,8.461538461538462
"StarTech Receipt Printer, Durable",1959.3899999999999,52.27999999999999,23.57142857142857
"Acme Box Cutter, High Speed",1959.174,636.294,13.210526315789473
"Enermax Flash Drive, Bluetooth",1954.0696,130.7296,14.833333333333332
Space Solutions Commercial Steel Shelving,1952.43,-74.3475,2.857142857142857
Office Star Flex Back Scooter Chair with Aluminum Finish Frame,1947.1770000000001,413.649,5.000000000000001
"Kraft Manila Envelope, Security-Tint",1946.8971,-124.1229,11.35
"Elite Box Cutter, Easy Grip",1946.8349,14.964899999999997,11.0
Harmony Air Purifier,1946.7,374.22,22.000000000000004
AT&T 1080 Corded phone,1945.258,145.2094,20.0
"Belkin Flash Drive, Erganomic",1942.5825,-30.787499999999998,14.3125
"Nokia Office Telephone, VoIP",1939.2079999999999,158.96800000000002,20.555555555555557
AT&T CL83451 4-Handset Telephone,1936.306,473.777,10.0
"Jiffy Business Envelopes, Recycled",1936.2372,174.5072,10.977777777777776
"Eldon Door Stop, Duo Pack",1935.144,298.964,16.875
"Rubbermaid Stacking Tray, Black",1933.596,340.116,7.375
"Kleencut Trimmer, High Speed",1928.0141,292.7841,8.2
Imation Secure+ Hardware Encrypted USB 2.0 Flash Drive; 16GB,1926.9360000000001,408.744,16.666666666666664
"Ames Mailers, Recycled",1926.078,48.587999999999994,25.39130434782609
"GlobeWeis Mailers, Set of 50",1923.645,247.81499999999997,13.91304347826087
"Motorola Office Telephone, with Caller ID",1922.9288,-210.7012,26.545454545454543
"Deflect-O Stacking Tray, Erganomic",1922.8808,-91.33919999999999,19.176470588235293
"Cardinal Index Tab, Clear",1922.8302,556.3702,11.217391304347826
Logitech Mobile Speakerphone P710e - speaker phone,1916.716,241.6142,16.0
"Stiletto Shears, Easy Grip",1915.492,461.572,7.333333333333333
"Kleencut Box Cutter, Steel",1915.3125,27.022499999999994,20.36842105263158
"Fiskars Box Cutter, High Speed",1914.7648,-108.0352,21.391304347826086
"Deflect-O Photo Frame, Duo Pack",1914.7259999999999,364.806,12.333333333333334
Plantronics Audio 995 Wireless Stereo Headset,1913.13,587.1329999999999,5.0
"O'Sullivan Elevations Bookcase, Cherry Finish",1912.308,-68.1096,20.0
"Binney & Smith Pens, Water Color",1911.5711999999999,631.9012,9.666666666666666
"Sauder Camden County Collection Libraries, Planked Cherry Finish",1909.8178,-78.18639999999999,14.571428571428571
"Tenex Box, Industrial",1909.2312,434.6512,14.585365853658539
"Okidata Phone, Wireless",1906.3574999999998,670.9575,18.333333333333336
"Breville Coffee Grinder, Silver",1905.431,393.991,22.5
Polycom SoundPoint Pro SE-225 Corded phone,1903.84,276.0568,15.000000000000002
Bestar Classic Bookcase,1897.8102,-612.9387,31.5
"BIC Pens, Water Color",1895.0502,504.7602,11.625
"Kraft Interoffice Envelope, Recycled",1894.0272,412.7772,16.294117647058822
"Advantus Photo Frame, Durable",1891.7116,64.7716,21.0625
Novimex Fabric Task Chair,1890.3799999999999,-131.107,18.888888888888893
NETGEAR N750 Dual Band Wi-Fi Gigabit Router,1890.0,622.8,5.714285714285714
Multicolor Computer Printout Paper,1887.3,851.3820000000001,4.0
"Rubbermaid Clock, Duo Pack",1886.598,-7.631999999999998,15.0
"Memorex Mouse, Bluetooth",1882.2255,-61.8445,14.100000000000001
"Elite Shears, High Speed",1881.9669999999999,-3.0529999999999866,11.000000000000002
Nortel Networks T7316 E Nt8 B27,1876.524,397.7415,6.666666666666667
"Stiletto Trimmer, High Speed",1875.7275,24.427500000000006,17.61111111111111
"Sauder Forest Hills Library, Woodland Oak Finish",1875.034,-70.49,12.5
"Elite Shears, Steel",1874.6545999999998,51.73460000000001,9.1
"Memorex Numeric Keypad, USB",1865.7774,-243.0826,24.333333333333332
"Acco Binder, Durable",1863.69,525.21,7.073170731707316
"Acme Scissors, Serrated",1861.974,111.434,7.071428571428571
"Recycled Data-Pak for Archival Bound Computer Printouts, 12-1/2 x 12-1/2 x 16",1857.252,414.918,6.666666666666667
"Enermax Cards & Envelopes, 8.5 x 11",1850.2764,392.6364,19.066666666666666
"Logitech Flash Drive, Programmable",1848.0439999999999,466.504,7.368421052631578
Office Star - Contemporary Task Swivel Chair,1842.268,155.372,18.333333333333336
"Cuisinart Blender, White",1841.4422,182.23219999999998,14.2
"Wilson Jones Binder, Durable",1834.36,-4.7499999999999964,8.205128205128204
"Logitech Numeric Keypad, Bluetooth",1834.272,362.542,9.411764705882353
"Ames Mailers, Set of 50",1831.935,324.735,4.375
"Padded Folding Chairs, Black, 4/Carton",1830.1480000000001,80.97999999999999,22.5
"Konica Phone, Durable",1829.772,45.46199999999999,23.5
"Rubbermaid Clock, Black",1825.6568,709.6967999999999,11.0
"Eaton Cards & Envelopes, Multicolor",1824.3091000000002,483.19910000000004,6.928571428571429
"Tenex Folders, Industrial",1821.74,-57.660000000000004,9.166666666666668
"Bevis Coffee Table, Fully Assembled",1816.6775,-213.2125,38.33333333333333
"Jiffy Manila Envelope, with clear poly window",1816.4385,328.1785,12.909090909090908
"StarTech Phone, Durable",1813.752,-495.858,30.71428571428571
"Eaton Note Cards, 8.5 x 11",1811.4745,282.4045,18.285714285714285
"Hamilton Beach Toaster, Silver",1809.3614,349.6014,15.181818181818182
"Ibico Index Tab, Clear",1807.1811,125.6411,12.903614457831324
"Eldon Clock, Erganomic",1804.916,702.746,6.25
LG G3,1803.108,411.579,10.0
"Stiletto Trimmer, Easy Grip",1802.901,581.941,1.6666666666666667
Logitech Wireless Performance Mouse MX for PC and Mac,1799.82,497.9502,11.428571428571429
"Green Bar Cards & Envelopes, Recycled",1793.54,270.8,16.11111111111111
"Stiletto Letter Opener, Steel",1791.8824,287.8924,15.766666666666667
"Bevis Coffee Table, Rectangular",1789.25,-68.45000000000002,22.5
"Kraft Mailers, Set of 50",1788.7515,163.3615,14.466666666666667
"Deflect-O Door Stop, Duo Pack",1788.4197,475.34970000000004,12.933333333333334
Xerox 189,1782.4499999999998,746.532,6.666666666666667
"Cuisinart Toaster, Silver",1781.1599,352.16990000000004,13.700000000000001
Belkin 5 Outlet SurgeMaster Power Centers,1776.048,207.024,14.000000000000002
Office Star Flex Back Scooter Chair with White Frame,1775.68,-228.61880000000002,21.428571428571427
Bevis Steel Folding Chairs,1775.075,117.059,21.666666666666668
"Panasonic Calculator, White",1773.1275,363.00750000000005,9.700000000000001
"Jiffy Interoffice Envelope, with clear poly window",1772.7905999999998,320.62059999999997,18.0
"Wilson Jones Binder Covers, Recycled",1772.0395,303.2095,9.297872340425533
GE 2-Jack Phone Line Splitter,1771.5140000000001,94.75540000000001,20.000000000000004
Global Deluxe Steno Chair,1770.5400000000002,-216.31380000000001,21.000000000000004
Tennsco Regal Shelving Units,1764.534,-6.084599999999998,5.0
"Ibico 3-Hole Punch, Economy",1762.649,515.9689999999999,21.46875
Honeywell Quietcare HEPA Air Cleaner,1761.76,549.7635,5.000000000000001
"Global Geo Office Task Chair, Gray",1757.266,-166.00900000000001,17.142857142857142
"Enermax Cards & Envelopes, Multicolor",1753.6364999999998,166.3665,13.357142857142856
"SanDisk Mouse, Bluetooth",1751.4055,57.615500000000004,13.25
"Hon Conference Table, with Bottom Storage",1750.8120000000001,-820.148,50.0
"Advantus Door Stop, Duo Pack",1748.8908000000001,4.000800000000012,18.533333333333335
Global Low Back Tilter Chair,1746.9540000000002,-246.3912,18.75
"Kraft Mailers, with clear poly window",1746.456,449.37600000000003,10.307692307692307
"SanDisk Mouse, Erganomic",1745.4388,300.3088,14.8125
"Stanley Pencil Sharpener, Easy-Erase",1741.0344,496.01439999999997,17.96774193548387
Xerox 1941,1740.51,704.592,16.0
AT&T TR1909W,1738.662,340.173,10.0
"Kraft Mailers, Security-Tint",1730.16,168.59999999999997,13.684210526315791
"GlobeWeis Manila Envelope, Security-Tint",1729.806,-155.964,17.142857142857142
Jabra BIZ 2300 Duo QD Duo Corded Headset,1727.064,129.5298,20.0
"Smead Folders, Wire Frame",1725.8832,-2.3568000000000016,8.916666666666668
"Konica Calculator, Wireless",1724.2699,534.9499,18.27272727272727
"KitchenAid Toaster, Silver",1724.269,531.049,10.0
First Data FD10 PIN Pad,1722.2,15.800000000000004,8.0
"Eldon Stacking Tray, Duo Pack",1721.9135999999999,34.59360000000001,14.833333333333332
"Ibico Binder Covers, Clear",1721.78,86.99,8.4
"Fellowes Box, Blue",1721.5408,192.70080000000002,19.161290322580644
"Eldon Photo Frame, Durable",1720.1842,266.1242,19.5
"Sanford Highlighters, Water Color",1716.6355,459.0755,10.75
"SanDisk Parchment Paper, Multicolor",1713.9708,387.7308,14.379310344827587
"Smead Folders, Blue",1713.437,-8.343,16.25
"Deflect-O Stacking Tray, Black",1713.0685,275.12850000000003,15.875
Xerox 1908,1712.9879999999998,799.3944,2.857142857142857
"Kraft Interoffice Envelope, with clear poly window",1711.7713999999999,476.0414,19.1
"Boston Highlighters, Easy-Erase",1711.435,228.805,8.897435897435898
"Rogers Folders, Single Width",1710.8992,51.329200000000014,14.703703703703702
"Stockwell Rubber Bands, Metal",1708.7149,495.7049,9.1
"Sauder Facets Collection Locker/File Cabinet, Sky Alder Finish",1706.508,222.588,10.0
BoxOffice By Design Rectangular and Half-Moon Meeting Room Tables,1706.25,-1148.4375,48.333333333333336
Kensington Orbit Wireless Mobile Trackball for PC and Mac,1703.716,357.5404,16.0
"Rogers Box, Industrial",1699.1119999999999,-223.898,20.6875
"Sanford Markers, Blue",1698.5675,22.567500000000003,17.299999999999997
Xerox 1945,1696.986,756.2655,5.0
"Ames Mailers, with clear poly window",1695.083,364.433,15.833333333333332
"Acco Binder Covers, Clear",1691.1774,375.2874,12.952380952380954
Kensington Expert Mouse Optical USB Trackball for PC or Mac,1690.8220000000001,360.962,10.000000000000002
"Global Leather & Oak Executive Chair, Burgundy",1689.968,-114.6764,18.0
Hon Comfortask Task/Swivel Chairs,1686.904,-36.473600000000005,15.0
Deflect-o DuraMat Antistatic Studded Beveled Mat for Medium Pile Carpeting,1685.44,244.3888,16.0
ClearOne Communications CHAT 70 OC Speaker Phone,1685.294,273.4628,10.0
"Stiletto Shears, Serrated",1685.1491,422.1891,14.529411764705882
"Binney & Smith Highlighters, Fluorescent",1682.065,24.124999999999993,10.0
Polycom CX300 Desktop Phone USB VoIP phone,1679.8880000000001,59.996,20.0
"Xerox Computer Printout Paper, 8.5 x 11",1677.3144,65.5044,10.809523809523808
"Ames Mailers, Security-Tint",1677.2625,360.1125,14.800000000000002
"Eureka The Boss Plus 12-Amp Hard Box Upright Vacuum, Red",1674.4,146.51000000000002,21.666666666666668
"Advantus Stacking Tray, Durable",1672.7369999999999,342.777,15.312500000000002
"Tenex Door Stop, Black",1671.3312,-220.1088,22.071428571428573
"Elite Shears, Serrated",1666.808,-13.191999999999974,19.375
Panasonic KX TS3282W Corded phone,1665.804,178.47899999999998,22.857142857142858
"Hon Conference Table, Fully Assembled",1661.31,-83.07,30.0
"Sanford Highlighters, Blue",1661.205,205.245,14.363636363636365
"BIC Highlighters, Easy-Erase",1651.712,359.91200000000003,5.9
"Acco Binder Covers, Economy",1650.4368,364.8168,11.878048780487806
"Logitech Flash Drive, Bluetooth",1650.2859,486.0659,12.055555555555555
"Avery Binder, Clear",1648.5356,158.0756,14.808510638297873
"Cameo Manila Envelope, Set of 50",1647.0,80.19,11.5
O'Sullivan Manor Hill 2-Door Library in Brianna Oak,1646.918,-285.9484,24.75
"SanDisk Mouse, Programmable",1644.6838,-27.746199999999998,19.35294117647059
"Cameo Business Envelopes, Recycled",1644.2595000000001,157.1395,6.121212121212121
"Kraft Mailers, Recycled",1643.895,261.65500000000003,15.000000000000002
"Stockwell Thumb Tacks, Bulk Pack",1642.2295,324.9595,13.536585365853659
Enermax Aurora Lite Keyboard,1641.1499999999999,722.106,0.0
"BIC Highlighters, Fluorescent",1640.0337000000002,296.0937,11.625
"Ibico Binder Covers, Recycled",1639.9639,216.6139,8.840909090909092
"Eldon Stacking Tray, Durable",1639.0485,210.4185,13.421052631578947
"Howard Miller 14-1/2"" Diameter Chrome Round Wall Clock",1636.864,375.9672,11.428571428571429
"Eldon Photo Frame, Black",1636.3776,240.0276,17.466666666666665
"Advantus Door Stop, Durable",1636.134,7.914000000000005,23.18181818181818
"Carina 42""Hx23 3/4""W Media Storage Unit",1635.796,-110.1328,10.0
"Green Bar Message Books, 8.5 x 11",1635.6739,229.1539,15.222222222222223
"Acco Binder, Clear",1634.9077,422.0677,8.022222222222222
"Elite Trimmer, High Speed",1634.4363,142.0763,15.93333333333333
Motorola Moto X,1631.952,142.79579999999999,20.0
"Eaton Cards & Envelopes, 8.5 x 11",1624.272,169.632,9.285714285714286
"Deflect-o RollaMat Studded, Beveled Mat for Medium Pile Carpeting",1623.248,-343.0956,26.666666666666668
"Barricks Round Table, Rectangular",1622.01,-623.94,35.0
Panasonic KX MC6040 Color Laser Multifunction Printer,1619.82,-22.497500000000002,35.0
Plantronics Audio 478 Stereo USB Headset,1619.676,514.897,6.666666666666668
"Boston Highlighters, Fluorescent",1618.2507,239.3607,7.40625
"Boston Pens, Fluorescent",1618.176,191.61599999999999,10.465116279069768
"Hunt PowerHouse Electric Pencil Sharpener, Blue",1617.9479999999999,448.164,6.000000000000001
"Cardinal Binder, Recycled",1616.1464,141.0564,15.279069767441861
"Acme Scissors, Easy Grip",1616.1134,240.29340000000002,16.35
Logitech G600 MMO Gaming Mouse,1615.798,540.7324,2.5
AT&T 841000 Phone,1614.6,165.6,17.142857142857146
"Stanley Highlighters, Water Color",1613.372,479.87199999999996,7.941176470588235
"Ibico Binder, Durable",1610.4398,83.25979999999998,9.212121212121211
"Cameo Manila Envelope, Security-Tint",1608.964,612.844,8.5625
"SanDisk Cards & Envelopes, Multicolor",1607.848,187.468,5.000000000000001
"Fellowes Folders, Wire Frame",1607.3268,87.5268,15.964285714285714
"Acme Scissors, High Speed",1602.72,162.96,8.5
"Kleencut Shears, High Speed",1601.093,-110.34699999999998,25.666666666666664
"Avery 3-Hole Punch, Economy",1600.6670000000001,519.247,16.363636363636363
"Okidata Phone, Durable",1600.248,-59.712,21.25
"Tenex Door Stop, Erganomic",1600.2181,156.6181,8.882352941176471
"Kraft Business Envelopes, Recycled",1590.9436,203.0236,13.633333333333333
"Iceberg Nesting Folding Chair, 19w x 6d x 43h",1589.406,253.8392,11.666666666666668
AT&T 1080 Phone,1589.084,271.2402,13.333333333333334
"Ibico Binder Covers, Economy",1585.675,240.745,7.17142857142857
Mophie Juice Pack Helium for iPhone,1583.802,201.57479999999998,16.666666666666664
"Memorex Flash Drive, Bluetooth",1581.72,124.47999999999999,11.190476190476192
Deflect-o Glass Clear Studded Chair Mats,1579.3719999999998,318.3616,2.857142857142857
"Elite Box Cutter, High Speed",1579.0051,212.5151,18.5625
"Hamilton Beach Toaster, White",1576.9355,420.9855,19.0
Microsoft Sculpt Comfort Mouse,1574.03,634.406,6.000000000000001
GBC ProClick Punch Binding System,1573.908,562.3842,24.285714285714285
"Stockwell Thumb Tacks, 12 Pack",1573.6281000000001,238.4081,16.60377358490566
"Hon Metal Bookcases, Black",1570.0776,-26.972399999999993,24.4
"Rogers Folders, Blue",1566.7245,-132.75549999999998,20.6
Xerox 1919,1565.818,729.622,4.444444444444445
"Fiskars Trimmer, High Speed",1565.1,184.8,11.538461538461538
"Logitech Mouse, USB",1563.4615,194.13150000000002,5.277777777777779
Cameo Buff Policy Envelopes,1555.75,632.2568,10.0
"Ames Interoffice Envelope, Recycled",1554.036,62.11599999999998,21.21428571428571
"Rubbermaid Door Stop, Erganomic",1553.4204,492.9204,7.642857142857143
"Xerox Message Books, 8.5 x 11",1553.0353,44.76530000000002,11.782608695652174
"Green Bar Memo Slips, 8.5 x 11",1550.4665,653.1965,8.904761904761905
"Stockwell Clamps, Metal",1550.45,-129.17000000000002,15.22222222222222
"Avery Binder Covers, Durable",1548.3307,171.8407,6.5
"Kleencut Box Cutter, Serrated",1547.018,247.958,17.7
"Sanford Highlighters, Easy-Erase",1546.2504,-48.9996,10.75
Luxo Adjustable Task Clamp Lamp,1545.816,362.4672,5.0
"Advantus Stacking Tray, Black",1545.3621,415.2621,11.285714285714286
"Stockwell Rubber Bands, Bulk Pack",1544.7854,278.1654,13.973684210526315
"Eaton Message Books, Recycled",1543.1702,317.1902,6.958333333333333
"Xerox Computer Printout Paper, Recycled",1540.875,248.555,22.380952380952383
"Eldon Folders, Wire Frame",1539.195,193.175,10.789473684210526
Avaya 5420 Digital phone,1538.886,323.976,6.666666666666667
"Eldon Folders, Blue",1535.6712,146.6412,8.096774193548386
"Acme Box Cutter, Serrated",1533.18,-81.86,24.000000000000004
"SanDisk Message Books, Premium",1526.068,81.26799999999999,13.521739130434781
Eureka Sanitaire  Commercial Upright,1524.5320000000002,53.02719999999999,33.33333333333333
"Memorex Flash Drive, Programmable",1522.649,299.189,12.6
"Hon Round Table, Fully Assembled",1517.648,-414.03200000000004,36.666666666666664
"Panasonic Phone, White",1515.15,-71.19,20.0
"Fiskars Box Cutter, Easy Grip",1514.074,159.084,18.0
"Avery Binder, Economy",1512.6970000000001,392.387,8.547619047619047
"Fellowes Box, Single Width",1504.6614,-242.7986,20.875
"SanDisk Message Books, 8.5 x 11",1502.1044,429.5344,16.28571428571429
Harbour Creations 67200 Series Stacking Chairs,1501.8980000000001,254.8244,13.750000000000002
LG G2,1499.97,-374.9925,40.0
"Hamilton Beach Toaster, Black",1499.42,204.5,6.25
Microsoft Natural Keyboard Elite,1497.0,20.95799999999999,15.000000000000002
"Tenex Box, Blue",1493.8,62.02,12.352941176470589
Sony Micro Vault Click 16 GB USB 2.0 Flash Drive,1489.334,255.3144,8.88888888888889
"Acco Binder Covers, Durable",1488.422,342.022,13.129032258064516
"Panasonic Calculator, Wireless",1488.288,-60.942,14.16666666666667
"Stanley Markers, Blue",1486.068,49.127999999999986,14.879999999999999
"Stockwell Push Pins, 12 Pack",1481.3566,121.1166,18.956521739130437
"Avery Binder Covers, Recycled",1477.3274999999999,501.1075,11.884615384615383
"Kleencut Trimmer, Serrated",1475.3768,161.1368,12.466666666666667
Hon 4-Shelf Metal Bookcases,1474.308,-191.86200000000002,25.0
"Hamilton Beach Toaster, Red",1473.4062,222.1662,11.200000000000001
"Bush Westfield Collection Bookcases, Fully Assembled",1473.2982000000002,73.71539999999999,19.499999999999996
Kensington 7 Outlet MasterPiece Power Center with Fax/Phone Line Protection,1473.108,311.22,7.500000000000001
"Lesro Coffee Table, Rectangular",1472.463,-793.6769999999999,45.0
"SanDisk Flash Drive, Erganomic",1470.4695,3.669499999999992,22.764705882352942
"Tenex ""The Solids"" Textured Chair Mats",1469.1599999999999,-40.576800000000006,20.0
"Plantronics CS 50-USB - headset - Convertible, Monaural",1468.692,178.1469,12.000000000000002
"Mini 13-1/2 Capacity Data Binder Rack, Pearl",1465.7440000000001,287.914,8.0
"Cameo Manila Envelope, Recycled",1463.118,434.358,8.35
"Acco Index Tab, Clear",1461.8054,309.1154,11.386666666666665
"Cardinal Binder, Clear",1458.7104,133.37040000000002,11.794117647058822
"Memorex Mouse, USB",1457.786,-84.894,14.285714285714285
"Boston Pens, Blue",1457.6448,-61.8052,8.444444444444445
"Green Bar Parchment Paper, 8.5 x 11",1457.2612,579.5412,5.105263157894737
"Smead Folders, Single Width",1456.0872,281.6672,15.968750000000002
"Cuisinart Toaster, White",1451.68,177.23000000000002,18.333333333333336
"Global Leather Task Chair, Black",1448.839,63.8929,13.750000000000002
"Fiskars Scissors, Steel",1448.0511999999999,378.0312,12.615384615384615
"SAFCO Commercial Wire Shelving, 72h",1445.2640000000001,-24.496,4.0
"StarTech Phone, Red",1442.956,507.856,13.333333333333334
"Chromcraft Coffee Table, Rectangular",1442.3970000000002,-238.323,36.25
"Cardinal Binder, Economy",1442.1002,356.1702,14.044444444444446
"GlobeWeis Manila Envelope, Recycled",1441.6722,140.33220000000003,20.045454545454547
Nokia Lumia 1020,1439.968,143.9968,20.0
"Leather Task Chair, Black",1437.484,54.588,20.000000000000004
"Bush Andora Conference Table, Maple/Graphite Gray Finish",1436.232,-143.6232,30.0
Xerox 1893,1434.65,619.3589,9.090909090909092
"Eaton Note Cards, Multicolor",1434.624,209.424,19.42857142857143
"Stiletto Scissors, Easy Grip",1434.4937,67.2637,14.760000000000002
"Green Bar Computer Printout Paper, Multicolor",1434.3395,101.7295,12.954545454545455
"OIC Clamps, Bulk Pack",1432.666,338.056,15.2
Eldon Antistatic Chair Mats for Low to Medium Pile Carpets,1431.9440000000002,46.3276,5.0
"SanDisk Computer Printout Paper, Multicolor",1431.664,255.664,5.705882352941177
"Tenex Door Stop, Durable",1429.7448,-521.9152,32.800000000000004
"Eldon Light Bulb, Duo Pack",1429.7160000000001,430.716,14.565217391304348
"GlobeWeis Manila Envelope, with clear poly window",1428.6567,201.0167,9.277777777777779
"Sauder Facets Collection Library, Sky Alder Finish",1427.683,-8.549,15.0
"Bush Westfield Collection Bookcases, Medium Cherry Finish",1426.8878,-20.293000000000013,23.000000000000004
Fellowes Bankers Box Stor/Drawer Steel Plus,1426.308,-12.792000000000002,10.000000000000002
"Stiletto Scissors, Steel",1424.7025,3.4025000000000105,12.115384615384615
"Enermax Computer Printout Paper, 8.5 x 11",1421.5786,199.8386,11.588235294117649
Global Deluxe Office Fabric Chairs,1420.504,229.3922,11.666666666666668
"Stockwell Rubber Bands, Assorted Sizes",1417.8806,292.3106,11.837209302325581
"Eaton Message Books, Multicolor",1416.156,492.856,6.999999999999999
"Acme Letter Opener, Serrated",1416.0939,301.64390000000003,14.05263157894737
"Tenex Photo Frame, Durable",1412.8317,132.2217,28.499999999999996
"Chromcraft Computer Table, Rectangular",1411.2,405.72,20.0
"Deflect-O Photo Frame, Erganomic",1411.192,293.332,12.307692307692308
"BIC Pens, Easy-Erase",1410.7195,164.5795,9.926829268292684
Logitech Wireless Marathon Mouse M705,1409.718,554.889,5.0
Logitech 910-002974 M325 Wireless Mouse for Web Scrolling,1409.53,536.2212,9.333333333333334
"Hoover Coffee Grinder, Black",1408.743,576.833,14.000000000000002
"Acco Binder, Recycled",1406.757,-5.283,11.205882352941178
"SanDisk Memo Slips, 8.5 x 11",1406.4512,258.7712,12.583333333333332
"GlobeWeis Peel and Seal, with clear poly window",1404.6393,142.0093,12.0
"Belkin 19"" Vented Equipment Shelf, Black",1400.256,-179.6652,12.000000000000002
Logitech G500s Laser Gaming Mouse with Adjustable Weight Tuning,1399.8,429.7386,5.0
"Global Armless Task Chair, Royal Blue",1396.442,-20.733200000000004,17.5
"Rubbermaid Light Bulb, Erganomic",1396.3926000000001,307.2126,11.36
Hewlett-Packard Deskjet 6540 Color Inkjet Printer,1396.21,139.621,40.0
Avaya IP Phone 1140E VoIP phone,1394.95,362.687,0.0
"SanDisk Message Books, Multicolor",1392.1073000000001,26.3373,12.571428571428573
Cisco CP-7937G Unified IP Conference Station Phone,1391.4,-55.656,50.0
Cisco IP Phone 7961G VoIP phone - Dark gray,1386.69,228.39600000000002,6.666666666666667
Samsung Rugby III,1385.79,229.6452,12.5
"Memorex Mouse, Erganomic",1384.2144,-56.295599999999986,19.823529411764707
"Holmes Replacement Filter for HEPA Air Cleaner, Very Large Room, HEPA Filter",1383.0810000000001,381.2074,21.000000000000004
"Enermax Message Books, Multicolor",1382.795,194.54500000000002,21.428571428571427
Cisco SPA525G2 5-Line IP Phone,1379.92,648.5624,0.0
"Belkin 325VA UPS Surge Protector, 6'",1379.172,199.61700000000002,10.0
"Boston Highlighters, Blue",1378.4535,238.6935,13.26923076923077
"Advantus Paper Clips, Assorted Sizes",1377.594,147.12400000000002,16.833333333333332
"Cameo Manila Envelope, with clear poly window",1377.354,349.974,13.333333333333334
"StarTech Calculator, Durable",1376.748,29.628000000000004,18.5
"Advantus Clamps, Assorted Sizes",1376.6976,-114.20239999999998,15.923076923076923
"GlobeWeis Interoffice Envelope, with clear poly window",1376.1056,25.155599999999993,17.46153846153846
"Belkin Flash Drive, Bluetooth",1374.0942,364.6742,21.0
"Enermax Message Books, Recycled",1372.8366,419.7966,5.521739130434783
Sauder Camden County Collection Library,1368.2620000000002,-103.482,23.5
"Chromcraft Coffee Table, with Bottom Storage",1367.5008,-312.5592,15.666666666666664
"StarTech Calculator, Wireless",1366.632,-110.358,15.4
"Xerox Computer Printout Paper, Multicolor",1365.3,278.92,12.941176470588237
"SanDisk Computer Printout Paper, Recycled",1364.715,330.135,8.055555555555555
"Cuisinart Coffee Grinder, Black",1364.368,352.448,12.307692307692308
"Ibico Binder Covers, Durable",1363.5,128.25,6.5
Safco Industrial Wire Shelving,1363.058,-126.7068,16.0
"GlobeWeis Peel and Seal, Set of 50",1361.6161,199.9061,11.047619047619046
Ames Color-File Green Diamond Border X-ray Mailers,1360.4759999999999,559.3068,5.0
Airmail Envelopes,1359.6660000000002,514.4909,13.333333333333334
Plantronics Voyager Pro Legend,1359.534,173.0316,20.000000000000004
"Cameo Mailers, Set of 50",1358.2415999999998,264.3516,13.133333333333336
"Avery Binder, Durable",1357.296,-89.074,14.272727272727273
"Ibico Binder, Recycled",1354.2144,101.7744,12.81578947368421
"Stanley Highlighters, Fluorescent",1352.2376000000002,458.1576,5.444444444444444
"Stanley Highlighters, Easy-Erase",1345.0046,108.7046,14.8125
DYMO CardScan Personal V9 Business Card Scanner,1343.916,463.97100000000006,30.0
Novimex Turbo Task Chair,1341.522,-32.6508,13.333333333333334
Apple iPhone 5C,1339.866,229.977,15.000000000000002
AT&T 17929 Lendline Telephone,1339.104,167.388,14.000000000000002
"Kleencut Scissors, Steel",1334.6580000000001,128.628,13.0
"Deflect-O Stacking Tray, Durable",1331.94,-121.04,15.238095238095239
"Cuisinart Coffee Grinder, Silver",1330.8927999999999,144.7128,13.714285714285715
Luxo Professional Combination Clamp-On Lamps,1329.9,345.774,0.0
"Wilson Jones Binder Covers, Durable",1327.6701,484.4001,9.86046511627907
"Howard Miller 13-3/4"" Diameter Brushed Chrome Round Wall Clock",1324.8,201.825,13.333333333333334
"Binney & Smith Pens, Blue",1324.0664,311.5064,12.891891891891891
"Green Bar Parchment Paper, Recycled",1323.1631,322.8731,11.90909090909091
"Tenex Traditional Chairmats for Medium Pile Carpet, Standard Lip, 36"" x 48""",1322.17,172.246,13.333333333333334
"Tenex Folders, Blue",1322.1468,297.1368,21.133333333333333
"Cardinal Binder Covers, Durable",1321.29,405.99,5.548387096774193
Xerox 1891,1320.57,542.901,5.714285714285714
"Kraft Manila Envelope, Set of 50",1320.2616,-93.2184,17.181818181818183
"Hon Metal Bookcases, Putty",1320.228,362.70779999999996,4.0
Honeywell Enviracaire Portable HEPA Air Cleaner for up to 10 x 16 Room,1320.166,417.0244,10.000000000000002
Avery Arch Ring Binders,1318.87,87.15000000000002,39.0
"Accos Clamps, Bulk Pack",1317.84,490.71000000000004,6.136363636363636
"Avery Index Tab, Clear",1312.9488,221.5388,12.175675675675675
"Hoover Coffee Grinder, Silver",1311.988,446.968,8.571428571428571
Office Star - Ergonomically Designed Knee Chair,1311.8760000000002,-42.1096,17.142857142857142
"Stockwell Push Pins, Assorted Sizes",1311.333,175.16299999999998,10.73913043478261
Nokia Lumia 925,1310.296,284.7374,6.666666666666667
"Cardinal Binder Covers, Economy",1307.6,-90.4,13.883720930232556
"Fiskars Letter Opener, High Speed",1305.0075,116.98750000000001,11.947368421052632
"StarTech Calculator, White",1304.1963,-240.56369999999998,20.8
Eldon Cleatmat Plus Chair Mats for High Pile Carpets,1304.128,-111.32800000000002,16.0
"SanDisk Memo Slips, Premium",1303.8376,360.3476,8.44
"Xerox Note Cards, 8.5 x 11",1303.794,-407.546,15.333333333333332
"Jiffy Interoffice Envelope, Security-Tint",1299.958,77.218,26.846153846153847
"Cardinal Binder, Durable",1299.473,107.063,8.515151515151516
"Smead Folders, Industrial",1296.2359999999999,244.01600000000002,12.16
"Hon 30"" x 60"" Table with Locking Drawer",1296.028,-177.3512,33.33333333333333
"Epson Calculator, Wireless",1294.839,431.05899999999997,32.0
"Stiletto Scissors, High Speed",1291.3096,91.8696,7.470588235294118
GBC Recycled Regency Composition Covers,1291.248,451.9368,23.333333333333336
"Kleencut Scissors, Serrated",1289.4209999999998,73.82100000000001,7.7
Fellowes Recycled Storage Drawers,1287.9479999999999,48.8532,6.666666666666667
Star Micronics TSP800 TSP847IIU Receipt Printer,1286.85,360.318,25.0
Panasonic KX TS208W Corded phone,1283.538,154.8084,16.666666666666664
Tennsco Industrial Shelving,1281.442,-108.5802,11.11111111111111
"Ames Peel and Seal, Recycled",1279.4518,306.5518,6.038461538461537
White Computer Printout Paper by Universal,1279.08,547.6788,10.0
"Enermax Computer Printout Paper, Recycled",1276.154,66.57400000000001,12.666666666666664
"Ibico Binder, Clear",1272.7884,129.5084,8.393939393939394
"Acme Shears, Steel",1272.456,84.906,22.07142857142857
"Kraft Peel and Seal, Security-Tint",1270.8528000000001,56.872800000000005,8.555555555555555
"Logitech Mouse, Erganomic",1270.521,-156.699,18.25
Luxo Professional Magnifying Clamp-On Fluorescent Lamps,1268.922,106.09020000000001,5.0
"Hon Deluxe Fabric Upholstered Stacking Chairs, Squared Back",1268.696,73.194,25.0
"Green Bar Message Books, Recycled",1267.16,343.59999999999997,12.941176470588237
"Breville Coffee Grinder, Red",1267.099,377.30899999999997,2.125
Tyvek Side-Opening Peel & Seel Expanding Envelopes,1266.72,570.024,0.0
"Fiskars Scissors, High Speed",1266.08,262.04,16.842105263157894
Bush Somerset Collection Bookcase,1263.9569999999999,-56.3214,21.25
"Kleencut Letter Opener, High Speed",1262.142,318.462,4.0
"Eaton Message Books, 8.5 x 11",1261.5439999999999,465.314,7.142857142857142
"Stanley Pens, Water Color",1260.819,173.739,19.84375
"Stiletto Letter Opener, High Speed",1260.749,-82.86099999999999,23.166666666666664
Panasonic KX T7736-B Digital phone,1259.58,134.95499999999998,16.0
"Accos Paper Clips, Assorted Sizes",1259.1615,-19.988499999999995,9.605263157894736
"Ames Interoffice Envelope, Set of 50",1255.84,67.56999999999996,31.0
"Stockwell Paper Clips, Bulk Pack",1254.687,338.277,10.428571428571429
"Green Bar Note Cards, 8.5 x 11",1253.142,368.222,16.466666666666665
"Sanford Pens, Fluorescent",1251.3676,168.0876,14.930232558139533
Logitech G430 Surround Sound Gaming Headset with Dolby 7.1 Technology,1247.844,377.5528,5.0
"Cameo Business Envelopes, Security-Tint",1246.955,290.935,6.666666666666667
"Stiletto Ruler, Easy Grip",1246.3,226.39000000000001,10.500000000000002
Tripp Lite Isotel 6 Outlet Surge Protector with Fax/Modem Protection,1243.788,74.9931,20.000000000000004
"Rubbermaid Door Stop, Black",1243.628,173.728,10.466666666666667
"Wilson Jones Binder, Recycled",1242.333,310.753,13.428571428571429
Hon Valutask Swivel Chairs,1242.054,139.3524,7.500000000000001
"SAFCO Mobile Desk Side File, Wire Frame",1240.04,259.12559999999996,5.0
"Stockwell Staples, Metal",1236.69,225.78,12.375
"Ibico Binder, Economy",1234.272,212.482,17.837837837837835
"Avery 4027 File Folder Labels for Dot Matrix Printers, 5000 Labels per Box, White",1233.412,524.5054,9.090909090909092
Maxell 4.7GB DVD-R,1231.692,411.2262,12.727272727272728
Xerox 1888,1231.656,539.2656,6.666666666666667
Hon 4060 Series Tables,1231.56,96.2856,20.0
Blue Parrot B250XT Professional Grade Wireless Bluetooth Headset with,1229.836,127.483,25.0
Case Logic 2.4GHz Wireless Keyboard,1229.754,-11.997600000000006,7.500000000000001
"Xerox Note Cards, Recycled",1227.6264,164.8164,19.35
"Cuisinart Coffee Grinder, Red",1226.511,291.591,9.23076923076923
"Chromcraft Coffee Table, Fully Assembled",1226.424,-1960.696,58.74999999999999
Xerox 1917,1222.75,574.6925,0.0
Plantronics Voyager Pro HD - Bluetooth Headset,1221.812,376.942,12.000000000000002
"Panasonic Phone, Wireless",1220.282,-366.44800000000004,19.374999999999996
"Epson Calculator, Red",1220.1156,-5.6844000000000054,19.384615384615383
Satellite Sectional Post Binders,1219.821,329.0478,37.272727272727266
"Stockwell Push Pins, Bulk Pack",1217.9337,205.0537,14.800000000000002
"Wilson Jones Ledger-Size, Piano-Hinge Binder, 2"", Blue",1217.106,215.55480000000003,36.66666666666667
Epson TM-T88V Direct Thermal Printer - Monochrome - Desktop,1212.705,-1057.23,55.00000000000001
"Stiletto Box Cutter, High Speed",1209.791,247.391,6.538461538461539
"Sanford Pens, Easy-Erase",1208.0625,126.5025,17.0
APC 7 Outlet Network SurgeArrest Surge Protector,1207.2,80.47999999999998,22.5
"Stanley Highlighters, Blue",1206.282,47.321999999999996,15.911764705882353
"SanDisk Note Cards, 8.5 x 11",1203.6686,-30.07140000000001,13.933333333333334
"Boston Pens, Water Color",1201.18,91.28,9.038461538461538
Eldon ClusterMat Chair Mat with Cordless Antistatic Protection,1200.936,-256.5636,16.0
"Konica Calculator, Red",1199.988,136.068,18.75
"Kleencut Scissors, High Speed",1198.8305,289.08050000000003,13.363636363636363
"Stockwell Push Pins, Metal",1197.5246,-18.76540000000001,21.250000000000004
"Trav-L-File Heavy-Duty Shuttle II, Black",1193.818,278.848,8.571428571428573
"Harbour Creations Removable Labels, Adjustable",1189.104,236.804,11.363636363636363
Fellowes Bankers Box Recycled Super Stor/Drawer,1187.56,-30.228800000000003,8.571428571428573
"SanDisk Parchment Paper, Recycled",1187.1112,267.2512,9.380952380952381
"Tenex Box, Wire Frame",1184.7732,283.5132,17.92105263157895
"Howard Miller 11-1/2"" Diameter Ridgewood Wall Clock",1184.232,448.76160000000004,10.0
"Boston Pens, Easy-Erase",1184.0745,138.4045,13.833333333333334
SanDisk Cruzer 64 GB USB Flash Drive,1184.032,319.61600000000004,6.666666666666668
GBC Therma-A-Bind 250T Electric Binding System,1180.704,413.2464,20.0
"Cameo Business Envelopes, Set of 50",1178.858,355.688,6.521739130434782
"Fiskars Scissors, Easy Grip",1176.2240000000002,137.264,6.666666666666667
"Cardinal Index Tab, Economy",1173.694,376.384,10.155555555555557
"Smead Removable Labels, Adjustable",1172.898,274.298,12.285714285714286
"Jiffy Peel and Seal, with clear poly window",1168.9435,52.94349999999999,21.28
Boston Heavy-Duty Trimline Electric Pencil Sharpeners,1166.44,310.89,4.0
"Avery Binder, Recycled",1164.1838,351.2838,11.636363636363637
"Sanford Highlighters, Fluorescent",1159.9686000000002,367.5186,13.774193548387096
GE 30522EE2,1159.9,336.371,0.0
"Stanley Pens, Blue",1159.435,452.175,10.526315789473683
"Elite Scissors, Steel",1159.2198,217.2498,7.133333333333332
"Rubbermaid Light Bulb, Durable",1158.5629,264.6429,14.777777777777779
"OIC Rubber Bands, Bulk Pack",1155.0131000000001,-46.90689999999999,24.7
Logitech K350 2.4Ghz Wireless Keyboard,1154.664,47.2815,8.0
LG Exalt,1154.326,-212.1464,33.33333333333333
"Stanley Pens, Easy-Erase",1152.4,388.73,10.525
"Green Bar Parchment Paper, Multicolor",1148.5944,310.1544,7.611111111111112
"KitchenAid Coffee Grinder, Black",1146.3600000000001,251.46,10.0
"Hon Coffee Table, Fully Assembled",1142.532,-409.51800000000003,40.0
"Stockwell Thumb Tacks, Metal",1140.3717,24.701699999999988,26.875
Logitech Illuminated - Keyboard,1139.81,515.914,3.3333333333333335
"Jiffy Manila Envelope, Security-Tint",1136.4,372.21,10.0
Panasonic KX-TG6844B Expandable Digital Cordless Telephone,1135.028,75.22859999999999,20.0
"Stockwell Paper Clips, Metal",1131.4850000000001,66.155,13.35483870967742
"Cardinal Binder Covers, Recycled",1130.7752,324.8952,10.194444444444445
"Acme Scissors, Steel",1129.806,245.346,11.411764705882353
"Eaton Computer Printout Paper, Recycled",1128.6954,238.5054,18.722222222222225
"Enermax Cards & Envelopes, Recycled",1128.24,-82.8,23.333333333333332
"Avery Binder Covers, Clear",1127.763,118.173,15.775
"Barricks Coffee Table, with Bottom Storage",1125.6,379.82,20.0
"Elite Box Cutter, Serrated",1125.3411,283.79110000000003,17.7
"File Shuttle II and Handi-File, Black",1125.148,260.953,5.714285714285714
"Memorex Flash Drive, Erganomic",1121.959,67.059,17.333333333333336
HTC One,1119.888,125.98740000000001,20.0
ClearSounds CSC500 Amplified Spirit Phone Corded phone,1119.84,162.3768,13.333333333333334
O'Sullivan 3-Shelf Heavy-Duty Bookcases,1119.195,147.0942,17.0
"Kraft Peel and Seal, with clear poly window",1116.9945,242.0345,14.7
Advantus Rolling Drawer Organizers,1115.92,233.18880000000001,10.000000000000002
"Deflect-o EconoMat Studded, No Bevel Mat for Low Pile Carpeting",1115.6399999999999,-125.1996,17.77777777777778
"Lesro Coffee Table, Fully Assembled",1115.268,-474.162,53.333333333333336
Dana Halogen Swing-Arm Architect Lamp,1114.384,288.4288,6.666666666666667
"Hunt BOSTON Model 1606 High-Volume Electric Pencil Sharpener, Beige",1113.024,111.3024,20.0
netTALK DUO VoIP Telephone Service,1112.788,430.418,17.142857142857146
Hypercom P1300 Pinpad,1108.8,275.31,17.142857142857146
"BIC Pens, Fluorescent",1108.0538,248.6138,10.466666666666667
"KitchenAid Coffee Grinder, Silver",1106.2839999999999,-25.016000000000005,25.624999999999996
"Eaton Computer Printout Paper, Multicolor",1104.42,224.76,13.25
"Avery Shipping Labels, 5000 Label Set",1104.3336,169.1536,13.038461538461538
Xerox 1988,1102.888,404.289,11.11111111111111
"Cameo Peel and Seal, with clear poly window",1102.664,411.084,2.3529411764705883
"Tenex Light Bulb, Erganomic",1102.14,-65.03999999999999,13.333333333333336
Ibico Plastic Spiral Binding Combs,1100.48,328.928,33.07692307692307
Ibico Laser Imprintable Binding System Covers,1100.4,138.33599999999998,36.25
"Jiffy Mailers, Set of 50",1100.232,55.24200000000001,15.0
"Logitech Flash Drive, Erganomic",1099.4768,406.2468,13.466666666666665
Xerox 1906,1098.6399999999999,497.5776,5.714285714285714
"Eaton Premium Continuous-Feed Paper, 25% Cotton, Letter Size, White, 1000 Shts/Box",1098.504,492.6624,6.000000000000001
"Wilson Jones Binder, Economy",1098.02,263.3,11.612903225806452
"Acme Box Cutter, Steel",1097.3999999999999,25.259999999999994,14.615384615384613
"Tenex Box, Single Width",1097.3165,374.2165,10.625
Xerox 1934,1097.2079999999999,526.212,4.0
"Advantus Clock, Erganomic",1090.218,56.208,12.222222222222223
Catalog Binders with Expanding Posts,1089.936,-242.208,51.24999999999999
"GlobeWeis Peel and Seal, Security-Tint",1088.789,126.98899999999999,9.0
"Barricks 18"" x 48"" Non-Folding Utility Table with Bottom Storage Shelf",1088.64,-104.832,32.0
Global Deluxe High-Back Office Chair in Storm,1087.92,-149.589,20.000000000000004
Maxell LTO Ultrium - 800 GB,1086.012,156.4641,7.500000000000001
RCA Visys Integrated PBX 8-Line Router,1085.238,130.63049999999998,12.000000000000002
"Eldon Box, Industrial",1079.6922,263.4522,16.755555555555556
"Hamilton Beach Coffee Grinder, Black",1078.3458,196.8458,22.125
"Kraft Manila Envelope, with clear poly window",1077.1761000000001,314.8961,24.266666666666666
"Cardinal Binder Covers, Clear",1075.903,168.34300000000002,14.868421052631579
"Stockwell Thumb Tacks, Assorted Sizes",1074.5177,96.3277,14.19047619047619
"Cameo Peel and Seal, Set of 50",1074.22,45.989999999999995,11.789473684210524
GBC Prestige Therm-A-Bind Covers,1073.903,364.7153,17.0
Belkin 8 Outlet Surge Protector,1073.676,188.508,14.285714285714285
Carina Media Storage Towers in Natural & Black,1073.248,-121.96000000000001,12.000000000000002
Boston 1645 Deluxe Heavier-Duty Electric Pencil Sharpener,1073.112,206.2662,11.428571428571429
Recycled Steel Personal File for Standard File Folders,1072.626,254.334,5.0
"KitchenAid Blender, White",1072.3600000000001,270.44,11.666666666666666
O'Sullivan Cherrywood Estates Traditional Barrister Bookcase,1072.344,-78.36359999999999,15.0
"SanDisk Memo Slips, Multicolor",1071.8305,-7.8195,9.727272727272727
"Jiffy Mailers, Recycled",1070.5871,-165.1729,25.823529411764707
"Xerox Memo Slips, 8.5 x 11",1070.5075,-49.9825,13.807692307692307
AT&T 1070 Corded Phone,1070.3039999999999,133.78799999999998,20.000000000000004
"Hon Training Table, with Bottom Storage",1064.64,292.68,40.0
"Sauder Camden County Barrister Bookcase, Planked Cherry Finish",1064.624,24.196000000000005,10.0
"Deflect-O Light Bulb, Erganomic",1064.1723,293.09229999999997,17.64
"Breville Toaster, White",1062.87,420.39,20.0
"Green Bar Message Books, Multicolor",1062.852,205.122,12.466666666666667
"Jiffy Peel and Seal, Recycled",1062.8277,180.1477,11.882352941176471
"Eaton Computer Printout Paper, Premium",1062.0,187.95,21.071428571428573
"Avery Color Coded Labels, Laser Printer Compatible",1061.7381,81.7181,13.923076923076923
"Kraft Business Envelopes, Set of 50",1060.605,345.715,11.421052631578947
"Tenex Stacking Tray, Black",1057.8807,65.76069999999999,19.88888888888889
Recycled Steel Personal File for Hanging File Folders,1053.032,151.65949999999998,10.000000000000002
"Ames Business Envelopes, Recycled",1052.3424,241.9724,13.566666666666668
"Advantus 10-Drawer Portable Organizer, Chrome Metal Frame, Smoke Drawers",1051.776,277.2864,5.0
"Epson Printer, Wireless",1050.48,94.44,0.0
"Cuisinart Toaster, Red",1049.598,73.158,19.090909090909093
"Howard Miller 13"" Diameter Pewter Finish Round Wall Clock",1047.7359999999999,340.5142,11.428571428571429
"Boston Pencil Sharpener, Fluorescent",1047.5075,21.8875,16.705882352941178
"Xerox Computer Printout Paper, Premium",1043.942,353.602,11.428571428571429
"Elite Scissors, Serrated",1043.2275,237.29749999999999,5.0
"Rubbermaid Stacking Tray, Durable",1042.8072,191.95719999999997,22.285714285714285
"Eureka The Boss Lite 10-Amp Upright Vacuum, Blue",1042.08,291.7824,0.0
"Howard Miller 13"" Diameter Goldtone Round Wall Clock",1042.068,294.3138,16.666666666666664
GBC Twin Loop Wire Binding Elements,1041.664,259.584,37.0
"Binney & Smith Highlighters, Easy-Erase",1040.824,263.644,15.0
"Ibico Index Tab, Economy",1040.653,191.97299999999998,14.871794871794872
Balt Split Level Computer Training Table,1040.625,-357.97499999999997,38.0
Logitech G13 Programmable Gameboard with LCD Display,1039.8700000000001,43.194599999999994,10.0
"Avery Binder Covers, Economy",1039.842,224.162,9.722222222222223
"Eldon Stacking Tray, Black",1038.45,180.3,22.916666666666664
"Smead Box, Industrial",1036.1625,60.712500000000006,17.025
Star Micronics TSP100 TSP143LAN Receipt Printer,1035.8,269.308,0.0
"Green Bar Message Books, Premium",1032.486,36.126,15.0
Okidata B400 Printer,1029.6,115.83,20.0
"Ibico Hole Reinforcements, Recycled",1029.49,272.03,8.75
"Ames Manila Envelope, Set of 50",1027.104,84.804,8.235294117647058
"Ames Peel and Seal, Set of 50",1024.4612,-129.6188,18.19230769230769
Hoover Commercial Lightweight Upright Vacuum with E-Z Empty Dirt Cup,1023.3520000000001,-9.303200000000004,26.666666666666668
"Stiletto Box Cutter, Serrated",1022.2443000000001,358.2543,4.384615384615384
"Enermax Parchment Paper, Premium",1018.818,42.988,7.222222222222223
"Snap-A-Way Black Print Carbonless Ruled Speed Letter, Triplicate",1016.7919999999999,453.7624,3.3333333333333335
"Eaton Memo Slips, Multicolor",1016.3125,-21.527500000000007,20.80952380952381
"Sauder Forest Hills Library with Doors, Woodland Oak Finish",1014.174,-418.548,28.333333333333332
"Novimex Removable Labels, Adjustable",1010.9594,117.9594,6.575757575757575
"Tenex Contemporary Contur Chairmats for Low and Medium Pile Carpet, Computer, 39"" x 49""",1010.7819999999999,150.542,5.0
"Acco Index Tab, Economy",1010.7552,338.8752,7.000000000000001
"Canon Color ImageCLASS MF8580Cdw Wireless Laser All-In-One Printer, Copier, Scanner",1007.979,43.1991,30.0
WD My Passport Ultra 1TB Portable External Hard Drive,1007.4,33.81,16.666666666666664
Bevis Rectangular Conference Tables,1007.262,-586.8396,47.5
Imation 16GB Mini TravelDrive USB 2.0 Flash Drive,1007.152,342.56419999999997,8.88888888888889
"Ames Peel and Seal, with clear poly window",1004.796,238.946,11.11111111111111
"Eldon ""L"" Workstation Diamond Chairmat",1002.936,-267.44960000000003,30.0
Tenex B1-RE Series Chair Mats for Low Pile Carpets,1002.364,124.6058,2.857142857142857
"Acme Ruler, High Speed",1002.043,-95.057,12.055555555555555
Nortel Business Series Terminal T7208 Digital phone,1000.728,100.0728,20.000000000000004
"Eldon Stacking Tray, Erganomic",996.1688,114.2288,18.9
"Avery Legal Exhibit Labels, 5000 Label Set",995.5642,306.2042,17.28
"Kraft Clasp Envelope, with clear poly window",995.5088,42.528800000000004,15.75
"Accos Rubber Bands, Metal",989.688,237.58800000000002,10.333333333333334
"Advantus Light Bulb, Black",984.5004,192.9604,23.08
"Sanford Pens, Blue",982.4979999999999,87.538,13.891891891891891
"BIC Pens, Blue",981.4644,37.0744,13.129032258064516
Home/Office Personal File Carts,980.232,198.132,2.857142857142857
"Stockwell Rubber Bands, 12 Pack",976.4918,219.3618,8.357142857142856
"Deflect-O Light Bulb, Black",975.453,172.883,21.5
"Stockwell Staples, Assorted Sizes",974.2162,299.7562,11.15
"Advantus Light Bulb, Durable",972.249,80.229,12.42857142857143
"Ames Business Envelopes, Security-Tint",971.9496,56.1996,10.700000000000001
"Kleencut Ruler, Easy Grip",971.3682,58.4982,7.476190476190475
"Acco Index Tab, Durable",970.884,160.054,10.512820512820511
Xerox 1909,970.784,400.976,8.88888888888889
Global Italian Leather Office Chair,969.252,204.3288,15.0
Hon Every-Day Chair Series Swivel Task Chairs,967.84,12.098,20.0
"Cuisinart Coffee Grinder, White",962.2375,161.80749999999998,23.700000000000003
Xerox 1885,960.8,461.184,0.0
"Enermax Computer Printout Paper, Premium",960.388,276.558,6.428571428571428
"Memorex Mouse, Programmable",959.9234,-70.3966,12.066666666666666
"Binney & Smith Pens, Easy-Erase",959.706,-110.064,20.0
"GlobeWeis Peel and Seal, Recycled",959.2269,377.8069,16.117647058823533
"Elite Ruler, Steel",959.2,150.85,13.478260869565217
"Jiffy Manila Envelope, Set of 50",957.0813,216.0413,22.066666666666666
Xerox 1914,956.3040000000001,423.74159999999995,8.0
"Ames Peel and Seal, Security-Tint",955.0255,50.22549999999999,20.294117647058822
"Gould Plastics 9-Pocket Panel Bin, 18-3/8w x 5-1/4d x 20-1/2h, Black",953.82,-63.587999999999994,10.000000000000002
"Tenex Light Bulb, Black",953.441,6.641000000000002,19.727272727272727
"Wilson Jones Binder, Clear",953.3888000000001,-131.8312,22.233333333333334
Belkin Premiere Surge Master II 8-outlet surge protector,952.168,55.3812,27.142857142857146
"Kraft Peel and Seal, Set of 50",949.1650999999999,26.815100000000008,12.714285714285714
"Howard Miller 13-1/2"" Diameter Rosebrook Wall Clock",949.026,247.57199999999997,20.0
Eureka The Boss Cordless Rechargeable Stick Vac,948.228,241.13539999999998,3.3333333333333335
"Novimex Shipping Labels, 5000 Label Set",948.1442999999999,318.7643,5.964285714285715
"Okidata Calculator, Wireless",944.706,133.066,8.571428571428571
"Green Bar Computer Printout Paper, Recycled",942.2203000000001,80.2003,10.4375
"Tenex Light Bulb, Durable",939.2992,-61.9208,17.476190476190474
"Tyvek Interoffice Envelopes, 9 1/2"" x 12 1/2"", 100/Box",939.092,421.9816,4.0
Tripp Lite TLP810NET Broadband Surge for Modem/Fax,937.8480000000001,130.4832,23.333333333333336
Steel Personal Filing/Posting Tote,937.4639999999999,185.7173,8.0
"StarTech Receipt Printer, Red",937.251,-361.859,46.666666666666664
"Jiffy Peel and Seal, Security-Tint",936.738,119.05799999999999,10.625
"Sauder Mission Library with Doors, Fruitwood Finish",935.1972,-125.74080000000001,26.333333333333336
"Eldon Light Bulb, Black",933.66,38.01,23.25
"Kraft Peel and Seal, Recycled",933.2502000000001,52.0002,8.375
"Cameo Peel and Seal, Recycled",932.5799999999999,-4.469999999999995,11.692307692307692
"Eldon Light Bulb, Durable",932.4744000000001,266.51439999999997,12.764705882352942
"Memorex Flash Drive, USB",931.2344999999999,241.1445,11.411764705882353
"Enermax Memo Slips, Premium",930.204,52.044000000000004,6.42857142857143
"Advantus Rubber Bands, Bulk Pack",930.1460000000001,191.696,11.000000000000002
"Fellowes Premier Superior Surge Suppressor, 10-Outlet, With Phone and Remote",929.48,169.2632,14.285714285714285
"Accos Clamps, 12 Pack",928.5242999999999,-137.7857,21.1875
"Ibico Hole Reinforcements, Economy",928.3885,216.80849999999998,10.55813953488372
"Jiffy Business Envelopes, Security-Tint",928.2868000000001,96.4368,11.227272727272727
SanDisk Ultra 64 GB MicroSDHC Class 10 Memory Card,927.768,37.9905,10.000000000000002
"Stiletto Scissors, Serrated",927.49,146.71,9.23076923076923
"Green Bar Computer Printout Paper, Premium",925.9328,5.8728000000000105,23.36842105263158
"Stockwell Staples, Bulk Pack",923.7203000000001,162.2603,11.18918918918919
Novimex High-Tech Fabric Mesh Task Chair,922.74,-133.4424,15.000000000000002
"Wilson Jones Binder Covers, Economy",920.4521,129.1621,18.29032258064516
"Hon Shipping Labels, Laser Printer Compatible",918.3928,194.4028,14.185185185185187
Riverside Furniture Stanwyck Manor Table Series,917.9200000000001,-415.9325,36.66666666666667
Ativa MDM8000 8-Sheet Micro-Cut Shredder,917.8979999999999,393.2563,10.0
"Elite Letter Opener, Steel",914.0,194.16,10.25
Cisco SPA508G,910.662,207.86849999999998,12.000000000000002
"White Dual Perf Computer Printout Paper, 2700 Sheets, 1 Part, Heavyweight, 20 lbs., 14 7/8 x 11",909.9780000000001,408.2604,10.000000000000002
Plantronics Cordless Phone Headset with In-line Volume - M214C,908.7,219.8355,3.3333333333333335
"Kleencut Scissors, Easy Grip",907.8627,-4.057300000000007,18.142857142857142
"Green Bar Memo Slips, Multicolor",904.5972,105.90719999999999,20.777777777777775
LG Electronics Tone+ HBS-730 Bluetooth Headset,904.552,133.30239999999998,15.000000000000002
"Smead Box, Blue",904.2133,83.2033,8.441176470588236
"Green Bar Memo Slips, Recycled",903.696,157.076,14.250000000000002
"Eldon Box, Single Width",903.0504,210.2904,13.586206896551726
"Global Stack Chair without Arms, Black",901.5060000000001,44.166,17.142857142857142
Vinyl Sectional Post Binders,901.0300000000001,147.02999999999997,41.81818181818181
Sony 64GB Class 10 Micro SDHC R40 Memory Card,899.75,132.0833,6.666666666666668
Eldon Portable Mobile Manager,899.304,197.3944,6.666666666666668
"Enermax Parchment Paper, 8.5 x 11",897.5337000000001,139.2937,21.8
"Rubbermaid Clock, Durable",893.4639999999999,183.114,12.272727272727273
"OIC Clamps, 12 Pack",889.024,74.704,20.75
Imation Secure Drive + Hardware Encrypted USB flash drive - 16 GB,888.966,196.0284,3.3333333333333335
"Advantus Clamps, Bulk Pack",887.7901,280.0501,10.133333333333333
"Enermax Message Books, Premium",884.1,169.07999999999998,15.699999999999998
SanDisk Ultra 32 GB MicroSDHC Class 10 Memory Card,884.0,38.012,10.909090909090912
"Advantus Light Bulb, Duo Pack",882.365,-17.965,18.5
Cisco Small Business SPA 502G VoIP phone,882.102,58.4649,25.0
"Safco Chair Connectors, 6/Carton",881.192,170.8512,15.0
Xerox 1883,881.092,354.0196,5.714285714285714
"Rubbermaid Light Bulb, Duo Pack",881.055,155.355,13.045454545454547
Xerox 1960,879.832,334.584,10.000000000000002
"Rubbermaid Light Bulb, Black",878.3836,195.3436,20.761904761904766
"Hamilton Beach Coffee Grinder, White",875.84,42.46000000000001,20.0
"Enermax Message Books, 8.5 x 11",873.792,60.212,23.75
"Boston School Pro Electric Pencil Sharpener, 1670",873.636,149.9432,11.428571428571429
"Eldon Base for stackable storage shelf, platinum",872.256,-52.568999999999996,8.571428571428573
"Cameo Peel and Seal, Security-Tint",870.87,10.11,13.76470588235294
Fellowes Superior 10 Outlet Split Surge Protector,867.768,57.089999999999996,26.66666666666667
Executive Impressions Supervisor Wall Clock,867.26,266.072,5.0
"Cameo Clasp Envelope, Security-Tint",866.9289,121.7889,11.321428571428571
Xerox 1913,865.4879999999999,375.0448,4.0
"Jiffy Business Envelopes, Set of 50",865.15,103.23,7.5
"Tenex Light Bulb, Duo Pack",860.88,68.58,11.666666666666666
Fellowes Bases and Tops For Staxonsteel/High-Stak Systems,858.8820000000001,201.07160000000002,2.0
"Safco Value Mate Series Steel Bookcases, Baked Enamel Finish on Steel, Gray",858.858,-9.937199999999999,24.5
"Advantus Light Bulb, Erganomic",858.5563000000001,-66.5437,25.63157894736842
"Ames Manila Envelope, with clear poly window",857.7215,203.9415,11.166666666666664
Green Bar Computer Printout Paper,857.376,380.8728,4.0
"Stockwell Staples, 12 Pack",855.4144,-18.0756,23.058823529411764
"Smead Box, Single Width",853.9920000000001,74.662,18.27777777777778
"Logitech Mouse, Programmable",853.6320000000001,152.332,6.666666666666667
"Hon Removable Labels, Adjustable",851.9475,-62.3925,21.777777777777775
"Hon Metal Bookcases, Gray",851.76,229.9752,0.0
"Belkin 19"" Center-Weighted Shelf, Gray",849.312,-47.184,10.0
"Harbour Creations Legal Exhibit Labels, Laser Printer Compatible",846.581,80.761,18.000000000000004
Panasonic Kx-TS550,846.216,95.1993,20.0
"Advantus Clamps, 12 Pack",845.9567999999999,80.4168,11.421052631578947
"Kleencut Letter Opener, Steel",844.7472,173.0072,17.625
Plantronics 81402,844.672,112.18299999999999,15.000000000000002
GBC VeloBinder Manual Binding System,842.166,280.72200000000004,27.500000000000004
"Hamilton Beach Coffee Grinder, Silver",839.6940999999999,143.3941,15.777777777777777
"Green Bar Parchment Paper, Premium",839.4488,-43.35119999999999,19.43478260869565
"Accos Clamps, Metal",838.5,247.54,15.312500000000002
"Acme Ruler, Steel",837.9885,141.1485,6.176470588235294
"Wilson Jones Index Tab, Economy",837.6185,184.3385,8.634146341463415
"Wilson Jones Elliptical Ring 3 1/2"" Capacity Binders, 800 sheets",834.6,-82.17599999999999,51.24999999999999
"Wilson Jones Index Tab, Clear",834.492,51.252,8.085106382978722
"Advantus Rubber Bands, Metal",832.7707,87.1507,17.19047619047619
"Wilson Jones Binder Covers, Clear",832.333,92.683,10.727272727272727
Motorola HK250 Universal Bluetooth Headset,832.2379999999999,-91.5002,13.333333333333336
"Xerox Message Books, Recycled",832.1560000000001,58.21599999999997,13.0
Xerox 1916,831.98,342.58,14.285714285714285
"Eaton Message Books, Premium",831.775,254.915,18.058823529411764
"Enermax Memo Slips, 8.5 x 11",830.28,239.18,11.11111111111111
"Hon Round Table, Adjustable Height",828.96,113.94,20.0
Balt Solid Wood Rectangular Table,828.0965,-216.2545,26.25
"Bevis Coffee Table, with Bottom Storage",827.268,-394.572,35.0
Safco Industrial Shelving,827.12,-104.1285,12.000000000000002
"Ames Manila Envelope, Recycled",825.282,133.232,13.571428571428571
"Bush Birmingham Collection Bookcase, Dark Cherry",825.174,-117.882,30.0
Tripp Lite Isotel 8 Ultra 8 Outlet Metal Surge,823.2520000000001,-17.032800000000012,33.33333333333333
"Hamilton Beach Blender, White",823.192,-6.847999999999999,22.857142857142858
"Advantus Employee of the Month Certificate Frame, 11 x 13-1/2",822.738,311.7744,4.0
"Okidata Calculator, Red",820.704,14.79400000000001,24.166666666666668
"Smead Shipping Labels, Alphabetical",816.4068,211.6368,10.708333333333332
Global Chrome Stack Chair,815.864,15.083199999999998,26.666666666666668
"Binney & Smith Pens, Fluorescent",813.428,12.688,8.566666666666665
Kensington 6 Outlet MasterPiece HOMEOFFICE Power Control Center,812.1600000000001,235.52639999999997,0.0
"Kraft Manila Envelope, Recycled",809.5329,110.3729,19.1
"Konica Calculator, White",808.6464,96.77640000000001,13.0
"Xerox Parchment Paper, Multicolor",806.85,199.69,10.0
"Harbour Creations Color Coded Labels, Laser Printer Compatible",805.304,209.624,2.8499999999999996
Grandstream GXP1160 VoIP phone,803.692,157.70559999999998,10.000000000000002
"Global Stack Chair with Arms, Black",803.464,125.0166,14.285714285714285
"Eldon Box, Blue",803.3238,143.8638,16.46875
"Eldon Folders, Single Width",802.3050000000001,151.66500000000002,24.545454545454547
"Safco Value Mate Steel Bookcase, Baked Enamel Finish on Steel, Black",802.074,106.47,20.0
"SanDisk Mouse, USB",801.9864,-80.9236,17.6
"SanDisk Computer Printout Paper, Premium",801.1524000000001,51.7424,9.749999999999998
"Enermax Parchment Paper, Multicolor",796.656,88.476,16.090909090909093
"Hon File Folder Labels, Alphabetical",793.971,254.731,11.78125
"Jiffy Peel and Seal, Set of 50",793.5966000000001,157.6766,20.133333333333333
"Cardinal Hole Reinforcements, Recycled",791.35,183.91,11.31111111111111
Logitech MX Performance Wireless Mouse,789.822,211.8159,11.428571428571429
"Stanley Pens, Fluorescent",789.6642,40.2642,12.0
"Advantus Thumb Tacks, Bulk Pack",787.9482,58.9182,15.391304347826088
Howard Miller 12-3/4 Diameter Accuwave DS  Wall Clock,786.9,147.9372,40.0
"Smead Color Coded Labels, Alphabetical",786.8289,165.96890000000002,15.363636363636363
"Blue String-Tie & Button Interoffice Envelopes, 10 x 13",783.608,299.85,8.571428571428573
"Avery Legal Exhibit Labels, Laser Printer Compatible",783.1404,11.080400000000001,12.375000000000002
"Eldon Light Bulb, Erganomic",782.4076,-21.742400000000004,18.133333333333333
"SanDisk Message Books, Recycled",781.4289,254.9889,15.5
"Eaton Parchment Paper, 8.5 x 11",781.297,182.467,16.923076923076923
"Hon Color Coded Labels, Laser Printer Compatible",781.2819,207.5319,11.782608695652174
"Kraft Business Envelopes, Security-Tint",780.8452,144.3752,4.833333333333333
GBC Premium Transparent Covers with Diagonal Lined Pattern,780.456,49.512800000000006,40.0
JBL Micro Wireless Portable Bluetooth Speaker,779.87,14.997499999999999,23.333333333333336
Logitech Desktop MK120 Mouse and keyboard Combo,778.736,42.536,6.666666666666667
"OIC Push Pins, Bulk Pack",775.6679,95.3179,19.68421052631579
Eldon Radial Chair Mat for Low to Medium Pile Carpets,775.612,135.932,6.666666666666667
Logitech Trackman Marble Mouse,773.742,286.70439999999996,8.88888888888889
"Konica Calculator, Durable",771.5925,90.29249999999999,8.666666666666668
"Hon Legal Exhibit Labels, Alphabetical",771.2384,111.4984,3.0
Belkin F9G930V10-GRY 9 Outlet Surge,770.112,162.57920000000001,16.0
"Binney & Smith Highlighters, Blue",768.9465,-59.1035,18.095238095238095
Xerox 191,767.232,354.2454,2.0
"Stiletto Ruler, High Speed",766.816,96.666,7.777777777777778
"Advantus Rubber Bands, 12 Pack",766.6638,53.06380000000001,17.736842105263158
"Xerox Message Books, Premium",766.4552,242.8152,9.071428571428571
"Global Deluxe Stacking Chair, Gray",764.7,76.9798,21.428571428571427
"GlobeWeis Business Envelopes, Set of 50",764.0004,-43.299600000000005,21.6
"Tenex Carpeted, Granite-Look or Clear Contemporary Contour Shape Chair Mats",763.668,-222.73649999999998,24.0
"Advantus Push Pins, Assorted Sizes",763.092,160.042,12.105263157894738
"Ibico Hole Reinforcements, Durable",760.8455,141.3755,12.033333333333333
"OIC Push Pins, Assorted Sizes",760.758,104.028,8.478260869565217
Logitech G105 Gaming Keyboard,759.936,78.36840000000001,12.000000000000002
"SanDisk Parchment Paper, Premium",759.3024,34.2224,14.833333333333332
Fellowes 8 Outlet Superior Workstation Surge Protector,759.1220000000001,166.84,8.0
AT&T CL2909,755.9399999999999,50.395999999999994,26.666666666666668
Xerox 1951,755.912,244.74200000000002,16.666666666666664
Sauder Barrister Bookcases,754.7336,-294.7672,40.666666666666664
Premium Transparent Presentation Covers by GBC,753.182,284.0692,21.000000000000004
Clarity 53712,752.286,68.6296,15.000000000000002
"Enermax Computer Printout Paper, Multicolor",751.1832,16.963200000000004,18.500000000000004
Ibico Recycled Linen-Style Covers,749.952,262.4832,30.000000000000004
"Accos Clamps, Assorted Sizes",749.496,157.416,7.142857142857142
"Enermax Memo Slips, Multicolor",749.0316,204.7716,12.8
Bush Mission Pointe Library,748.8607999999999,24.156800000000004,17.333333333333336
"Wilson Jones Index Tab, Recycled",747.9422999999999,246.5523,8.303030303030305
Innergie mMini Combo Duo USB Travel Charging Kit,746.834,302.3328,10.000000000000002
Plantronics Encore H101 Dual Earpieces Headset,746.17,163.618,8.571428571428573
"GlobeWeis Business Envelopes, Security-Tint",745.5798,47.659800000000004,10.642857142857142
Xerox 1943,743.432,328.6752,5.0
"Harbour Creations File Folder Labels, Laser Printer Compatible",739.8093,169.3193,11.96551724137931
"Logitech B530 USB Headset - headset - Full size, Binaural",739.8,64.73249999999999,16.0
Belkin 8 Outlet SurgeMaster II Gold Surge Protector,737.754,89.97,22.000000000000004
"Xerox Memo Slips, Recycled",736.9152,138.1152,17.652173913043477
"OIC Push Pins, 12 Pack",736.598,243.398,16.11111111111111
"Smead Shipping Labels, 5000 Label Set",735.4,128.32,6.999999999999999
"Bush Cubix Collection Bookcases, Fully Assembled",729.2339999999999,48.6156,23.333333333333332
RCA ViSYS 25825 Wireless digital phone,727.944,90.993,20.0
O'Sullivan 2-Shelf Heavy-Duty Bookcases,723.842,-133.1092,18.333333333333332
"Fiskars Scissors, Serrated",723.8308,192.98080000000002,12.0
Lexmark MarkNet N8150 Wireless Print Server,723.51,-506.457,70.0
"OIC Clamps, Metal",722.6700000000001,208.55,5.0
Xerox 1964,721.744,314.73519999999996,4.0
"Acco Hole Reinforcements, Durable",721.5616,214.6516,22.27777777777778
Memorex Mini Travel Drive 16 GB USB 2.0 Flash Drive,718.65,280.2735,0.0
"Xerox Note Cards, Multicolor",714.872,215.882,8.125
"Accos Push Pins, Bulk Pack",711.7704,114.2004,18.166666666666668
Avaya 4621SW VoIP phone,709.92,79.866,20.0
Eldon Mobile Mega Data Cart  Mega Stackable  Add-On Trays,709.5,205.755,0.0
WD My Passport Ultra 500GB Portable External Hard Drive,708.0,120.36,0.0
SAFCO Folding Chair Trolley,705.32,151.3232,16.666666666666664
Panasonic KP-380BK Classic Electric Pencil Sharpener,705.208,111.538,10.000000000000002
Lock-Up Easel 'Spel-Binder',704.691,39.371399999999994,48.57142857142857
Zebra GK420t Direct Thermal/Thermal Transfer Printer,703.71,-938.28,70.0
"Deflect-o EconoMat Nonstudded, No Bevel Mat",702.44,123.96,6.666666666666667
"SanDisk Parchment Paper, 8.5 x 11",701.7415,64.39150000000001,10.7
iHome FM Clock Radio with Lightning Dock,699.9,17.4975,24.000000000000004
"Avery Index Tab, Durable",698.659,100.219,8.61111111111111
"Premium Transparent Presentation Covers, No Pattern/Clear, 8 1/2"" x 11""",698.04,90.74519999999998,28.57142857142857
"Cardinal Index Tab, Durable",694.817,220.96699999999998,12.853658536585366
"Office Star - Contemporary Task Swivel chair with 2-way adjustable arms, Plum",694.194,-158.48579999999998,25.0
Euro-Pro Shark Turbo Vacuum,693.952,143.74720000000002,5.000000000000001
"Ibico Index Tab, Durable",693.705,128.92499999999998,11.484848484848484
"Hon Shipping Labels, Alphabetical",691.9896,178.0696,13.04761904761905
OtterBox Defender Series Case - Samsung Galaxy S4,689.77,122.959,15.000000000000002
"Accos Push Pins, Assorted Sizes",689.5119,-45.1281,12.842105263157894
"Sanford Pens, Water Color",689.1052000000001,264.1852,13.208333333333332
"OIC Thumb Tacks, Metal",688.7826,7.5626000000000015,11.285714285714286
"Advantus Staples, Metal",688.5192,123.86919999999999,9.727272727272727
Samsung Convoy 3,688.138,-31.077199999999998,20.0
"Elite Scissors, Easy Grip",686.665,11.905,14.000000000000002
"Metal Folding Chairs, Beige, 4/Carton",685.588,115.7354,12.0
Tops White Computer Printout Paper,684.74,321.8278,0.0
"Kleencut Ruler, High Speed",684.4184,90.8284,6.5
Safco Steel Mobile File Cart,683.5519999999999,120.872,8.0
"Avery Shipping Labels, Laser Printer Compatible",683.1525,193.8925,9.782608695652174
"OIC Paper Clips, 12 Pack",682.5588,113.2788,6.695652173913044
"Elite Box Cutter, Steel",681.9138,34.2038,11.400000000000002
"Howard Miller 11-1/2"" Diameter Brentwood Wall Clock",681.454,256.1922,15.0
"Jiffy Manila Envelope, Recycled",680.1247999999999,-255.6352,25.363636363636367
Flat Face Poster Frame,678.24,120.9528,30.0
"Advantus Rubber Bands, Assorted Sizes",677.9448,123.0248,13.35294117647059
"Ames Business Envelopes, Set of 50",676.296,-54.20400000000001,18.333333333333332
"Avery File Folder Labels, Alphabetical",675.4766,166.0366,10.772727272727273
Holmes Harmony HEPA Air Purifier for 17 x 20 Room,675.12,290.3016,0.0
"Deflect-o DuraMat Lighweight, Studded, Beveled Mat for Low Pile Carpeting",673.87,72.07849999999999,6.666666666666667
Hunt Boston Vacuum Mount KS Pencil Sharpener,671.808,153.95600000000002,8.0
"Bevis Training Table, with Bottom Storage",669.96,-482.46,60.0
Tuf-Vin Binders,669.496,234.3236,27.142857142857142
"Advantus Clamps, Metal",668.8039,78.7239,26.263157894736842
Binding Machine Supplies,667.9929999999999,182.6042,18.88888888888889
Fellowes 8 Outlet Superior Workstation Surge Protector w/o Phone/Fax/Modem Protection,665.6759999999999,43.706,20.0
"Hon Legal Exhibit Labels, Laser Printer Compatible",664.9939999999999,62.364,15.000000000000002
Fellowes Command Center 5-outlet power strip,664.832,-78.016,25.0
"GlobeWeis Business Envelopes, Recycled",663.892,120.862,16.11111111111111
"Hon Legal Exhibit Labels, 5000 Label Set",663.0,70.94,13.157894736842104
"Smead Legal Exhibit Labels, 5000 Label Set",662.207,-86.553,13.0
"GBC Velobind Prepunched Cover Sets, Regency Series",661.942,-9.244999999999997,41.42857142857142
"Wilson Jones Index Tab, Durable",660.5125,-72.8075,21.40625
Panasonic KX T7731-B Digital phone,659.934,75.9924,20.000000000000004
"Harbour Creations Color Coded Labels, Alphabetical",659.5744,122.2944,19.9047619047619
"Harbour Creations Color Coded Labels, Adjustable",659.232,0.8220000000000018,12.764705882352942
"Xerox Parchment Paper, Premium",656.1932,114.0032,10.708333333333332
Surelock Post Binders,653.984,210.86400000000003,26.25
Hon 61000 Series Interactive Training Tables,653.121,-148.3962,31.11111111111111
Xerox 1886,651.4399999999999,302.728,4.0
"Bush Westfield Collection Bookcases, Dark Cherry Finish",649.376,-97.4064,23.333333333333332
"Novimex Color Coded Labels, Laser Printer Compatible",648.324,150.984,3.1578947368421053
Belkin 8 Outlet SurgeMaster II Gold Surge Protector with Phone Protection,647.84,168.4384,0.0
"Acme Letter Opener, High Speed",644.7821,67.1321,13.0
"Eldon Box, Wire Frame",642.837,116.997,12.5
"Avery Color Coded Labels, 5000 Label Set",641.364,121.884,11.705882352941178
Avery 485,639.03,300.3441,0.0
Safco Drafting Table,638.8199999999999,34.0704,20.0
"Hon Training Table, Rectangular",638.5219999999999,-94.71800000000002,43.33333333333333
"Smead Legal Exhibit Labels, Laser Printer Compatible",637.917,-68.773,20.739130434782606
"Acco Hole Reinforcements, Recycled",637.5563999999999,208.7364,9.777777777777779
"Accos Thumb Tacks, Assorted Sizes",637.0812,-21.278799999999997,15.285714285714286
"Computer Room Manger, 14""",636.6080000000001,179.28959999999998,14.285714285714285
"SanDisk Memo Slips, Recycled",635.627,109.567,10.0
"OIC Thumb Tacks, Assorted Sizes",633.984,196.954,11.76470588235294
"Strathmore #10 Envelopes, Ultimate White",632.52,309.9348,0.0
Belkin 7 Outlet SurgeMaster II,631.68,176.8704,0.0
"Tenex Stacking Tray, Durable",631.591,43.590999999999994,18.46153846153846
"GlobeWeis Clasp Envelope, Security-Tint",628.653,185.25300000000001,11.35
"Elite Scissors, High Speed",628.587,56.667000000000016,28.57142857142857
"Novimex Color Coded Labels, Alphabetical",627.7488,50.428799999999995,11.857142857142858
"TRENDnet 56K USB 2.0 Phone, Internet and Fax Modem",626.5379999999999,212.298,8.0
Avaya 5410 Digital phone,625.508,-10.878400000000003,30.000000000000004
"Advantus Paper Clips, Metal",625.1582000000001,106.4282,8.647058823529411
"Xerox Memo Slips, Premium",625.086,156.20600000000002,12.812499999999998
Xerox 1880,623.744,285.64639999999997,4.0
"Advantus Thumb Tacks, 12 Pack",622.0522,-50.9078,18.944444444444443
"Smead Box, Wire Frame",621.888,40.158,11.166666666666666
"BOSTON Ranger #55 Pencil Sharpener, Black",618.562,120.3337,8.88888888888889
Plantronics MX500i Earset,618.48,-6.4425,5.714285714285714
Xerox 1882,615.78,273.18240000000003,12.000000000000002
Xerox 1940,615.552,279.1968,5.0
"Xerox Parchment Paper, 8.5 x 11",615.438,157.648,14.272727272727273
"Hon Shipping Labels, Adjustable",615.2499,15.609900000000009,15.879999999999999
"GlobeWeis Clasp Envelope, Set of 50",614.46,146.1,2.857142857142857
"Harbour Creations Removable Labels, 5000 Label Set",614.3415,128.8215,18.85
Eldon ProFile File 'N Store Portable File Tub Letter/Legal Size Black,614.058,127.446,11.428571428571429
"Companion Letter/Legal File, Black",611.712,149.5296,8.0
"Performers Binder/Pad Holder, Black",611.054,106.51400000000001,36.25000000000001
"Tyvek  Top-Opening Peel & Seel  Envelopes, Gray",610.98,274.941,0.0
"OIC Staples, Bulk Pack",610.5078,7.747800000000007,11.6875
"Stiletto Ruler, Serrated",607.6026,-0.13739999999999686,10.857142857142858
"Eaton Parchment Paper, Premium",607.5868,43.1968,7.9375
Motorola L804,607.068,-13.33710000000001,26.666666666666668
"Hon Color Coded Labels, Alphabetical",606.9978,13.117799999999994,17.055555555555554
"Chromcraft Training Table, Fully Assembled",606.8656000000001,-70.45439999999999,33.5
Xblue XB-1670-86 X16 Small Office Telephone - Titanium,604.752,132.2895,10.0
Xerox 1911,603.54,279.736,4.0
"OIC Rubber Bands, Metal",601.077,147.397,5.294117647058823
Office Star - Task Chair with Contemporary Loop Arms,600.4680000000001,47.3096,15.000000000000002
Lexmark 20R1285 X6650 Wireless All-in-One Printer,600.0,218.4,25.0
Anker Astro 15000mAh USB Portable Charger,599.88,-23.995200000000004,8.0
"Accos Rubber Bands, Bulk Pack",599.368,233.578,14.000000000000002
"Eaton Memo Slips, Premium",598.377,103.80699999999999,23.47058823529412
"Contico 72""H Heavy-Duty Storage System",598.308,-57.372,8.0
Hewlett-Packard Deskjet 5550 Printer,597.132,49.761,40.0
Xerox 1942,597.068,278.95799999999997,6.666666666666667
Grandstream GXP2100 Mainstream Business Phone,596.622,45.894000000000005,25.0
"Avery Index Tab, Economy",596.5155,136.31550000000001,15.833333333333332
"Fiskars Ruler, Easy Grip",594.5455,80.7755,3.916666666666666
"Wilson Jones Hole Reinforcements, Recycled",594.3469,120.26689999999999,8.799999999999999
"Harbour Creations Legal Exhibit Labels, 5000 Label Set",594.1782000000001,38.4082,14.636363636363637
"Xerox Color Copier Paper, 11"" x 17"", Ream",593.84,260.83279999999996,3.3333333333333335
"OIC Thumb Tacks, Bulk Pack",593.285,135.105,15.888888888888891
"OIC Push Pins, Metal",592.683,145.723,16.42105263157895
"Accos Staples, 12 Pack",592.352,128.282,9.0
"Avery Removable Labels, Alphabetical",592.24,30.32,18.29166666666667
Microsoft Wireless Mobile Mouse 4000,591.852,183.954,5.0
"Elite Ruler, Easy Grip",591.5112,-31.558800000000005,15.437499999999998
"Harbour Creations Legal Exhibit Labels, Alphabetical",590.914,245.404,4.375
"Novimex Legal Exhibit Labels, Laser Printer Compatible",590.7872,49.227199999999996,14.578947368421053
Panasonic KX TS3282B Corded phone,590.328,44.2746,20.000000000000004
"Deflect-O Light Bulb, Duo Pack",589.407,-51.073,20.266666666666666
"Accos Paper Clips, Metal",587.741,-31.138999999999996,11.333333333333332
"Novimex Color Coded Labels, 5000 Label Set",587.6801,46.130100000000006,16.26315789473684
"Avery Legal Exhibit Labels, Adjustable",587.048,90.488,6.25
"Wilson Jones Hole Reinforcements, Durable",586.317,50.907000000000004,12.725
Xerox 1910,586.088,236.3568,12.000000000000002
"Acco Hole Reinforcements, Economy",584.4816,48.8316,7.9393939393939394
"Acme Ruler, Serrated",583.6478999999999,13.387899999999998,14.384615384615385
Wilson Jones Century Plastic Molded Ring Binders,583.6370000000001,55.24819999999999,37.0
"Accos Thumb Tacks, 12 Pack",583.395,3.785000000000003,9.444444444444446
"OIC Staples, Assorted Sizes",582.8063,3.926299999999997,16.88
Sony Micro Vault Click 8 GB USB 2.0 Flash Drive,582.6759999999999,57.3278,5.0
"Acme Ruler, Easy Grip",582.6496,-26.140399999999996,16.5
Fellowes Econo/Stor Drawers,581.58,-56.2194,10.0
"Dana Fluorescent Magnifying Lamp, White, 36""",581.172,81.568,25.0
"Kleencut Box Cutter, Easy Grip",579.8364,-20.20360000000001,22.7
"Novimex Shipping Labels, Adjustable",576.904,55.924,10.0
"Advantus Push Pins, Metal",575.9375,36.6275,12.25
"Accos Push Pins, Metal",575.84,129.82,11.11111111111111
Canon PC170 Desktop Personal Copier,575.82,67.179,40.0
Xerox 1991,575.568,254.8944,6.666666666666667
"Howard Miller 16"" Diameter Gallery Wall Clock",575.46,107.41919999999999,15.0
"Accos Staples, Metal",575.4555,-28.504499999999997,18.23529411764706
"Acco Hole Reinforcements, Clear",574.056,-11.754000000000001,8.108108108108109
Avery 477,573.9639999999999,244.24,5.0
Xerox 1944,573.648,257.3664,10.000000000000002
Panasonic KP-150 Electric Pencil Sharpener,573.648,126.80640000000001,5.0
"Avery Shipping Labels, Alphabetical",572.8025,113.7325,11.526315789473685
PureGear Roll-On Screen Protector,571.714,218.2908,16.0
First Data TMFD35 PIN Pad,571.2,119.952,0.0
"Advantus Thumb Tacks, Assorted Sizes",571.136,7.625999999999998,7.777777777777778
"Tyvek  Top-Opening Peel & Seel Envelopes, Plain White",570.78,225.0504,11.428571428571429
"Green Bar Memo Slips, Premium",569.633,34.772999999999996,17.071428571428573
"Green Canvas Binder for 8-1/2"" x 14"" Sheets",569.24,162.64000000000001,26.0
"Cameo Clasp Envelope, with clear poly window",565.5,156.93,3.571428571428571
Sanford 52201 APSCO Electric Pencil Sharpener,565.386,140.9368,5.0
Belkin F8E887 USB Wired Ergonomic Keyboard,563.812,66.2779,10.0
Eldon Advantage Chair Mats for Low to Medium Pile Carpets,563.03,56.303000000000004,0.0
"GlobeWeis Business Envelopes, with clear poly window",559.3752,69.3852,18.357142857142854
"OIC Paper Clips, Metal",559.1080000000001,-12.932000000000004,15.8
"Cuisinart Toaster, Black",558.871,71.521,13.333333333333334
"GlobeWeis Clasp Envelope, with clear poly window",558.8352,146.2452,12.0
Belkin F9M820V08 8 Outlet Surge,558.74,101.003,13.333333333333334
"Fiskars Letter Opener, Steel",558.28,-32.449999999999996,8.88888888888889
Microsoft Natural Ergonomic Keyboard 4000,557.814,107.6641,4.0
"Kleencut Ruler, Steel",557.6256,44.6356,21.11764705882353
"Novimex Removable Labels, Laser Printer Compatible",557.0135,234.3935,7.500000000000001
Memorex Micro Travel Drive 16 GB,556.452,126.1611,8.571428571428573
"OIC Paper Clips, Bulk Pack",554.593,131.073,16.499999999999996
Wilson Jones Heavy-Duty Casebound Ring Binders with Metal Hinges,554.24,157.95839999999998,30.0
"Accos Paper Clips, Bulk Pack",553.9392,72.3792,24.066666666666666
"Xerox Message Books, Multicolor",553.5024,-115.6776,22.615384615384613
"Enermax Memo Slips, Recycled",553.0983,153.4783,9.785714285714286
Jet-Pak Recycled Peel 'N' Seal Padded Mailers,552.706,177.6555,15.000000000000002
Logitech Wireless Anywhere Mouse MX for PC and Mac,551.908,89.985,13.333333333333334
12-1/2 Diameter Round Wall Clock,551.448,91.1088,27.499999999999996
"Avery Removable Labels, Laser Printer Compatible",551.3916,103.49159999999999,12.833333333333332
"Hon Shipping Labels, 5000 Label Set",551.348,136.268,12.736842105263158
Kensington SlimBlade Notebook Wireless Mouse with Nano Receiver ,549.89,120.9758,15.000000000000002
"OIC Thumb Tacks, 12 Pack",549.0,-44.459999999999994,16.45
"Conquest 14 Commercial Heavy-Duty Upright Vacuum, Collection System, Accessory Kit",546.816,61.5168,20.0
"Eldon Delta Triangular Chair Mat, 52"" x 58"", Clear",546.192,17.447799999999997,16.666666666666664
Panasonic Business Telephones KX-T7736,546.06,163.818,0.0
"Harbour Creations Legal Exhibit Labels, Adjustable",545.7795,149.8995,8.227272727272727
"Avery Trapezoid Ring Binder, 3"" Capacity, Black, 1040 sheets",545.034,85.2384,50.0
"Jiffy Clasp Envelope, with clear poly window",543.906,113.926,16.545454545454543
Memorex Mini Travel Drive 64 GB USB 2.0 Flash Drive,543.6,228.312,0.0
Xerox 1884,543.456,204.5952,10.0
"Novimex Legal Exhibit Labels, 5000 Label Set",543.362,71.582,12.272727272727273
I Need's 3d Hello Kitty Hybrid Silicone Case Cover for HTC One X 4g with 3d Hello Kitty Stylus Pen Green/pink,542.984,95.2016,12.000000000000002
"Avery Color Coded Labels, Alphabetical",541.443,145.423,12.857142857142856
O'Sullivan 5-Shelf Heavy-Duty Bookcases,540.804,-12.290999999999999,17.5
"Accos Rubber Bands, 12 Pack",540.3294,20.309399999999997,21.375
"OIC Rubber Bands, 12 Pack",539.11,-30.31,18.8
Xerox 1935,538.152,239.0028,5.0
"Cameo Clasp Envelope, Recycled",538.0725,-1.667500000000004,14.56
Memorex Froggy Flash Drive 8 GB,536.05,189.57,7.500000000000001
Tensor Computer Mounted Lamp,536.04,144.73080000000002,0.0
"Hon File Folder Labels, 5000 Label Set",534.1546,160.4646,11.68421052631579
"Advantus Staples, Bulk Pack",534.131,80.40100000000001,21.58823529411765
"Avery Hole Reinforcements, Recycled",533.8266,194.3466,8.971428571428572
Boston KS Multi-Size Manual Pencil Sharpener,533.3679999999999,119.548,5.714285714285714
Logitech ClearChat Comfort/USB Headset H390,533.078,160.2163,6.666666666666667
"Cardinal Hole Reinforcements, Durable",532.836,78.806,14.545454545454545
Wilson Jones Legal Size Ring Binders,532.158,48.378000000000014,42.22222222222222
Howard Miller Distant Time Traveler Alarm Clock,531.948,192.2142,13.333333333333334
Newell 334,531.712,135.3088,3.3333333333333335
"Harbour Creations Color Coded Labels, 5000 Label Set",531.157,64.137,10.666666666666668
"Harbour Creations Shipping Labels, 5000 Label Set",529.1025,33.7125,14.785714285714285
Southworth 25% Cotton Premium Laser Paper and Envelopes,527.472,236.5632,8.0
"Novimex Shipping Labels, Laser Printer Compatible",526.6374,45.497400000000006,19.210526315789473
"Premier Elliptical Ring Binder, Black",526.612,-201.5128,64.44444444444444
"Boston Electric Pencil Sharpener, Model 1818, Charcoal Black",523.59,118.22999999999999,7.500000000000001
Space Solutions Industrial Galvanized Steel Shelving.,520.0799999999999,-20.487999999999996,6.666666666666667
"Wilson Jones Hole Reinforcements, Clear",519.9901,54.1701,7.7857142857142865
Bevis Round Conference Room Tables and Bases,519.941,-39.4438,25.0
"Avery Removable Labels, 5000 Label Set",519.8823,119.6523,8.230769230769232
"Eaton Memo Slips, 8.5 x 11",519.712,93.592,4.0
Rogers Profile Extra Capacity Storage Tub,518.9399999999999,4.6872,2.857142857142857
"Decoflex Hanging Personal Folder File, Blue",518.112,124.131,4.444444444444445
Alphabetical Labels for Top Tab Filing,518.0,244.2,6.666666666666668
"Tenex Personal Project File with Scoop Front Design, Black",517.6320000000001,118.62400000000001,6.000000000000001
"OIC Staples, Metal",517.2280000000001,184.25799999999998,16.25
Xerox 1889,516.624,236.32799999999997,6.666666666666667
Cisco SPA112 2 Port Phone Adapter,516.53,87.37049999999999,13.333333333333334
Belkin F9H710-06 7 Outlet SurgeMaster Surge Protector,516.216,122.8368,7.500000000000001
Nokia Lumia 521 (T-Mobile),515.828,83.972,16.0
Bionaire Personal Warm Mist Humidifier/Vaporizer,515.79,201.1581,0.0
"C-Line Cubicle Keepers Polyproplyene Holder w/Velcro Back, 8-1/2x11, 25/Bx",514.556,23.538199999999996,15.0
"Novimex File Folder Labels, Laser Printer Compatible",514.525,-7.204999999999999,9.473684210526317
DAX Natural Wood-Tone Poster Frame,513.712,123.9264,20.0
Xerox 1887,512.1899999999999,216.25799999999998,10.0
Newell 319,511.872,123.00800000000001,10.0
"DataProducts Ampli Magnifier Task Lamp, Black,",508.728,99.5808,12.000000000000002
"Hon Round Labels, Laser Printer Compatible",507.3144,61.3344,18.115384615384617
Socket Bluetooth Cordless Hand Scanner (CHS),506.28,177.198,20.0
Deluxe Heavy-Duty Vinyl Round Ring Binder,504.24,88.24199999999999,32.857142857142854
Logitech Media Keyboard K200,503.856,50.3856,10.0
"Maxell 74 Minute CD-R Spindle, 50/Pack",503.28,181.1808,0.0
"Fiskars Ruler, Serrated",502.22270000000003,94.0427,17.055555555555557
Xerox 197,501.87600000000003,195.174,6.666666666666667
"Accos Rubber Bands, Assorted Sizes",501.615,45.255,18.857142857142854
"Avery Legal Exhibit Labels, Alphabetical",500.48879999999997,11.688800000000004,12.615384615384615
"Howard Miller 11-1/2"" Diameter Grantwood Wall Clock",500.308,101.7868,16.666666666666664
Anker Ultra-Slim Mini Bluetooth 3.0 Wireless Keyboard,499.75,99.5502,8.0
Xerox 1937,499.616,199.84640000000002,15.000000000000002
"Advantus Paper Clips, Bulk Pack",497.8435,42.353500000000004,20.833333333333336
Jensen SMPS-640 - speaker phone,496.584,88.28160000000001,10.0
"BOSTON Model 1800 Electric Pencil Sharpeners, Putty/Woodgrain",496.248,113.274,6.666666666666667
GBC VeloBinder Electric Binding Machine,496.018,-411.332,72.5
GE DSL Phone Line Filter,495.87600000000003,69.9825,10.0
"Advantus Push Pins, 12 Pack",495.8646,181.0746,10.647058823529413
Belkin QODE FastFit Bluetooth Keyboard,495.6,16.107,10.0
"OIC Rubber Bands, Assorted Sizes",493.67999999999995,59.68,13.636363636363635
"Ibico Hole Reinforcements, Clear",492.3715,109.51150000000001,16.82857142857143
"Novimex Shipping Labels, Alphabetical",492.192,180.192,11.333333333333334
Anker Ultrathin Bluetooth Wireless Keyboard Aluminum Cover with Stand ,491.83599999999996,32.989,5.0
Samsung HM1900 Bluetooth Headset,491.68,195.355,17.142857142857146
"Avery Hole Reinforcements, Durable",491.4756,121.2656,11.128205128205128
"Avery Color Coded Labels, Adjustable",490.68149999999997,74.8215,12.764705882352942
"Hon Color Coded Labels, 5000 Label Set",490.6,82.84,10.0
"Accos Thumb Tacks, Bulk Pack",489.9264,21.8964,10.466666666666667
"Elite Ruler, High Speed",489.854,-11.865999999999996,17.642857142857142
Xerox 1925,489.48400000000004,182.782,10.000000000000002
Rush Hierlooms Collection Rich Wood Bookcases,489.37919999999997,-70.8312,16.0
"Novimex Color Coded Labels, Adjustable",489.168,87.55799999999999,10.625
"#10 White Business Envelopes,4 1/8 x 9 1/2",488.904,223.14079999999998,5.714285714285714
Clearsounds A400,488.326,-48.8326,33.33333333333333
24-Hour Round Wall Clock,487.512,180.0198,6.666666666666667
GBC Recycled VeloBinder Covers,487.344,100.8768,35.0
"Smead Color Coded Labels, 5000 Label Set",486.52799999999996,147.588,10.0
"Eaton Memo Slips, Recycled",486.1675,54.447500000000005,20.937499999999996
Safco Commercial Shelving,483.704,-7.4416,8.0
"Sortfiler Multipurpose Personal File Organizer, Black",483.414,118.92840000000001,6.666666666666667
AT&T CL82213,481.234,131.3247,4.0
Fellowes Neat Ideas Storage Cubes,480.70399999999995,-18.1888,8.571428571428573
NeatDesk Desktop Scanner & Digital Filing System,479.988,55.9986,40.0
"Kraft Clasp Envelope, Set of 50",479.76,-5.58,21.3
Cherry 142-key Programmable Keyboard,479.72,52.7692,0.0
"Hon Color Coded Labels, Adjustable",479.4153,-0.6146999999999956,15.85
"Howard Miller 12"" Round Wall Clock",479.33799999999997,127.2996,10.0
Kingston Digital DataTraveler 16GB USB 2.0,477.93,64.7085,6.153846153846154
DAX Wood Document Frame,477.804,126.316,11.11111111111111
"iKross Bluetooth Portable Keyboard + Cell Phone Stand Holder + Brush for Apple iPhone 5S 5C 5, 4S 4",477.66,115.64399999999999,8.0
Fellowes Super Stor/Drawer,477.3,67.71,5.0
Newell 345,476.16,94.4384,6.666666666666668
AT&T SB67148 SynJ,475.128,89.7464,13.333333333333334
"Avery Shipping Labels, Adjustable",474.7275,64.9275,20.052631578947366
"Memorex 25GB 6X Branded Blu-Ray Recordable Disc, 30/Pack",472.85999999999996,-32.2695,10.0
"Harbour Creations Removable Labels, Laser Printer Compatible",472.7355,80.7455,15.0
"Elite Ruler, Serrated",472.5,10.889999999999997,15.625
"Kleencut Ruler, Serrated",470.592,102.16199999999999,6.000000000000001
"Smead File Folder Labels, 5000 Label Set",470.5143,140.9343,9.823529411764707
"Hon Removable Labels, Laser Printer Compatible",470.3328,34.8828,14.466666666666667
Enermax Briskie RF Wireless Keyboard and Mouse Combo,469.402,150.3748,4.0
"Tenex V2T-RE Standard Weight Series Chair Mat, 45"" x 53"", Lip 25"" x 12""",468.468,51.105599999999995,6.666666666666667
Dexim XPower Skin Super-Thin Power Case for iPhone 5 - Black,467.92,-14.622499999999999,20.000000000000004
Tenex Chairmats For Use with Hard Floors,467.712,-129.92,26.666666666666668
Jackery Bar Premium Fast-charging Portable Charger,467.22,192.279,15.000000000000002
Imation 32GB Pocket Pro USB 3.0 Flash Drive - 32 GB - Black - 1 P ...,467.21999999999997,143.76,12.000000000000002
"Seth Thomas 14"" Day/Date Wall Clock",467.072,162.0512,6.666666666666667
"Smead Color Coded Labels, Laser Printer Compatible",466.581,39.55100000000001,20.36842105263158
GBC Recycled Grain Textured Covers,466.29,107.07400000000001,40.0
"Epson Calculator, White",466.128,-63.822,18.333333333333336
GBC Standard Therm-A-Bind Covers,466.004,8.472800000000001,48.333333333333336
Ricoh - Ink Collector Unit for GX3000 Series Printers,465.645,36.916,30.0
Belkin F5C206VTEL 6 Outlet Surge,464.196,110.304,5.714285714285714
"Avery Hole Reinforcements, Economy",463.97610000000003,24.886100000000003,9.64864864864865
Electrix Fluorescent Magnifier Lamps & Weighted Base,463.79600000000005,73.0232,10.0
"Global Task Chair, Black",463.099,-80.4062,24.0
V7 USB Numeric Keypad,461.868,-58.7832,15.000000000000002
Newell 34,460.288,93.248,5.714285714285714
"Personal Filing Tote with Lid, Black/Gray",459.096,112.9128,5.0
"Acme Hot Forged Carbon Steel Scissors with Nickel-Plated Handles, 3 7/8"" Cut, 8""L",458.7,103.416,8.571428571428573
"IBM Multi-Purpose Copy Paper, 8 1/2 x 11"", Case",458.504,185.88,10.000000000000002
Acco Perma 4000 Stacking Storage Drawers,457.96799999999996,30.044,9.090909090909092
"Fiskars Ruler, High Speed",456.469,21.019,15.0
"Hon Legal Exhibit Labels, Adjustable",455.7536,74.36359999999999,4.8125
"Smead Legal Exhibit Labels, Alphabetical",455.72799999999995,98.378,3.3333333333333335
DAX Black Cherry Wood-Tone Poster Frame,455.456,61.433600000000006,22.499999999999996
9-3/4 Diameter Round Wall Clock,455.07,183.1312,5.0
Xerox 1881,454.36,207.04080000000002,3.3333333333333335
Panasonic KX - TS880B Telephone,453.41999999999996,122.4234,0.0
"Acco Smartsocket Table Surge Protector, 6 Color-Coded Adapter Outlets",452.96500000000003,105.48499999999999,10.000000000000002
"Accos Staples, Assorted Sizes",452.592,62.852000000000004,18.500000000000004
Poly Designer Cover & Back,451.962,106.344,37.14285714285714
"HP Officejet Pro 8600 e-All-In-One Printer, Copier, Scanner, Fax",449.97,47.9968,25.0
Mobile Personal File Cube,449.664,90.6354,4.0
"Novimex Removable Labels, 5000 Label Set",449.3811,12.821099999999998,11.166666666666664
Acco Smartsocket Color-Coded Six-Outlet AC Adapter Model Surge Protectors,448.902,-7.0416000000000025,30.000000000000004
"Acme 10"" Easy Grip Assistive Scissors",448.76800000000003,129.722,2.5
Hewlett-Packard Deskjet D4360 Printer,447.968,139.99,20.0
"Novimex File Folder Labels, Alphabetical",447.616,78.676,8.125
"Cardinal Hole Reinforcements, Economy",447.13599999999997,74.196,19.142857142857142
"Cardinal Hole Reinforcements, Clear",445.888,116.658,15.73809523809524
Boston 16801 Nautilus Battery Pencil Sharpener,444.60200000000003,69.9918,10.000000000000002
"Hon Round Labels, 5000 Label Set",444.2675,29.957499999999996,13.750000000000002
Rogers Deluxe File Chest,443.996,-34.7284,10.0
Xerox 194,443.84,184.1936,10.0
Imation Clip USB flash drive - 8 GB,443.68,1.879999999999999,8.571428571428573
"Eaton Parchment Paper, Multicolor",443.42400000000004,15.474000000000004,20.357142857142858
"Novimex Round Labels, 5000 Label Set",442.6014,104.1214,16.238095238095237
invisibleSHIELD by ZAGG Smudge-Free Screen Protector,442.554,171.2648,17.142857142857146
"Avery Removable Labels, Adjustable",442.08000000000004,40.28,7.36842105263158
"Seth Thomas 16"" Steel Case Clock",441.72799999999995,28.257600000000004,24.0
"Smead Round Labels, Laser Printer Compatible",440.68,80.8,13.40909090909091
Micro Innovations USB RF Wireless Keyboard with Mouse,440.0,84.5,3.3333333333333335
"Epson Calculator, Durable",439.7085,-66.8415,32.142857142857146
"Harbour Creations Shipping Labels, Adjustable",439.6704,26.7104,14.45
"Smead File Folder Labels, Adjustable",438.9146,65.7646,7.590909090909091
"Deflect-o SuperTray Unbreakable Stackable Tray, Letter, Black",437.70000000000005,138.3132,15.0
Prismacolor Color Pencil Set,436.48,155.5456,8.571428571428573
Fellowes Basic Home/Office Series Surge Protectors,436.128,58.28020000000001,13.333333333333336
"Floodlight Indoor Halogen Bulbs, 1 Bulb per Pack, 60 Watts",434.56,197.104,13.333333333333334
"GBC Prepunched Paper, 19-Hole, for Binding Systems, 24-lb",433.789,125.7838,33.75
"Stiletto Ruler, Steel",433.4932,105.1232,10.733333333333333
Acco 6 Outlet Guardian Premium Surge Suppressor,432.432,60.424,16.25
"Dixon Ticonderoga Core-Lock Colored Pencils, 48-Color Set",431.28999999999996,165.206,10.0
"Hon File Folder Labels, Laser Printer Compatible",430.96320000000003,-26.8968,17.72222222222222
Advantus Rolling Storage Box,428.75,90.7235,8.0
Cisco SPA525G2 IP Phone - Wireless,426.93,43.092,20.0
O'Sullivan Cherrywood Estates Traditional Bookcase,424.90000000000003,27.193599999999996,10.0
"Enermax Parchment Paper, Recycled",424.67699999999996,-70.083,22.3125
"Advantus Thumb Tacks, Metal",424.096,28.776,10.0
14-7/8 x 11 Blue Bar Computer Printout Paper,422.752,172.94400000000002,10.0
Canvas Sectional Post Binders,422.63599999999997,59.0672,33.33333333333333
Round Specialty Laser Printer Labels,421.008,162.0129,13.333333333333334
"Perixx PERIBOARD-512B, Ergonomic Split Keyboard",419.88,29.391599999999997,0.0
Motorla HX550 Universal Bluetooth Headset,419.23,122.60499999999999,25.0
"Harbour Creations Round Labels, 5000 Label Set",419.0704,131.2104,7.714285714285715
Xerox 1939,417.34,200.32319999999999,0.0
"Novimex Legal Exhibit Labels, Alphabetical",417.088,76.518,10.625000000000002
Xerox 19,415.132,159.547,10.0
"Smead Shipping Labels, Laser Printer Compatible",413.5095,12.7495,15.5
i.Sound Portable Power - 8000 mAh,413.322,-58.8189,12.000000000000002
"Advantus Staples, 12 Pack",411.66859999999997,-27.511400000000005,21.8125
"Acco Flexible ACCOHIDE Square Ring Data Binder, Dark Blue, 11 1/2"" X 14"" 7/8""",410.004,111.2868,29.000000000000004
Kensington 6 Outlet Guardian Standard Surge Protector,409.6,110.592,0.0
Nu-Dell Executive Frame,409.536,98.97120000000001,16.666666666666664
"Eaton Parchment Paper, Recycled",409.2942,103.2042,18.083333333333332
"Ames Clasp Envelope, with clear poly window",407.94100000000003,-59.04899999999999,21.875
"OIC Paper Clips, Assorted Sizes",407.88,139.33,7.6923076923076925
"Advantus Push Pins, Bulk Pack",407.3589,66.2989,17.0
"Wilson Jones Hole Reinforcements, Economy",407.3376,145.8876,14.974358974358973
"Tennsco Lockers, Sand",407.012,56.2264,12.000000000000002
"Safco Wire Cube Shelving System, For Use as 4 or 5 14"" Cubes, Black",406.784,14.301,5.0
"TOPS Carbonless Receipt Book, Four 2-3/4 x 7-1/4 Money Receipts per Page",406.464,178.704,10.0
"Avery Hole Reinforcements, Clear",406.41450000000003,5.144499999999999,21.342105263157894
Computer Printout Paper with Letter-Trim Perforations,405.95799999999997,169.2124,8.571428571428573
"Boston Model 1800 Electric Pencil Sharpener, Gray",405.36,109.785,6.666666666666667
"Cameo Clasp Envelope, Set of 50",404.809,56.299,10.0
Model L Table or Wall-Mount Pencil Sharpener,402.976,92.10879999999999,8.0
"Tennsco Lockers, Gray",402.816,-26.434800000000003,10.000000000000002
"Ames Clasp Envelope, Security-Tint",401.152,8.552000000000001,15.095238095238095
"Atlantic Metals Mobile 2-Shelf Bookcases, Custom Colors",400.0268,-113.2606,51.0
"Harbour Creations Round Labels, Alphabetical",396.9594,75.8394,10.608695652173914
Lexmark X 9575 Professional All-in-One Color Printer,396.0,190.08,0.0
Griffin GC17055 Auxiliary Audio Cable,395.78,46.0544,16.666666666666664
"Harbour Creations Shipping Labels, Laser Printer Compatible",393.8802,68.2402,22.214285714285715
"Seth Thomas 12"" Clock w/ Goldtone Case",390.66,132.8244,0.0
Ibico Standard Transparent Covers,390.576,104.81280000000001,32.99999999999999
Boston 1799 Powerhouse Electric Pencil Sharpener,389.70000000000005,109.116,0.0
Logitech Wireless Headset H600 Over-The-Head Design,386.90999999999997,133.269,10.0
Fellowes Advanced Computer Series Surge Protectors,386.75399999999996,100.662,3.3333333333333335
"XtraLife ClearVue Slant-D Ring Binder, White, 3""",386.084,76.92320000000001,30.0
Cisco Desktop Collaboration Experience DX650 IP Video Phone,385.8,130.2075,20.0
OtterBox Commuter Series Case - Samsung Galaxy S4,384.846,-55.9776,15.000000000000002
"Harbour Creations File Folder Labels, 5000 Label Set",383.8608,90.7608,15.944444444444445
"Logitech Wireless Boombox Speaker - portable - wireless, wired",383.04,148.96,10.0
Memorex Micro Travel Drive 32 GB,379.704,129.9756,12.000000000000002
"Avery File Folder Labels, 5000 Label Set",379.449,-6.770999999999996,8.75
Eldon Advantage Foldable Chair Mats for Low Pile Carpets,379.4,-48.78,20.0
"Harbour Creations Round Labels, Laser Printer Compatible",378.0,72.36,3.75
AT&T EL51110 DECT,377.97,109.6113,0.0
"Executive Impressions 14""",377.91,166.2804,0.0
Clear Mylar Reinforcing Strips,377.538,90.27269999999999,41.42857142857142
Globe Weis Peel & Seel First Class Envelopes,375.73199999999997,164.862,2.857142857142857
Tennsco Commercial Shelving,374.256,-48.6126,11.11111111111111
"Maxell Pro 80 Minute CD-R, 10/Pack",374.072,122.36,10.0
"Memorex 25GB 6X Branded Blu-Ray Recordable Disc, 15/Pack",373.78,24.8054,16.0
Acco Perma 3000 Stacking Storage Drawers,373.44399999999996,16.5742,13.333333333333334
"Novimex File Folder Labels, 5000 Label Set",373.248,50.928,16.666666666666664
Avery 505,372.96000000000004,165.76,11.428571428571429
"Accos Push Pins, 12 Pack",372.60450000000003,50.1945,26.30769230769231
"Smead Legal Exhibit Labels, Adjustable",371.43,56.459999999999994,13.555555555555554
"OIC Staples, 12 Pack",370.847,10.427,18.57142857142857
GBC Durable Plastic Covers,369.585,14.319,35.0
36X48 HARDFLOOR CHAIRMAT,369.248,-40.4914,23.333333333333332
"Multi-Use Personal File Cart and Caster Set, Three Stacking Bins",368.45599999999996,93.15679999999999,4.0
Lenovo 17-Key USB Numeric Keypad,367.092,22.4334,16.0
Logitech Wireless Touch Keyboard K400,364.854,53.7285,6.666666666666667
"Eldon Executive Woodline II Desk Accessories, Mahogany",361.87199999999996,50.008700000000005,24.0
SanDisk Cruzer 32 GB USB Flash Drive,361.38,102.708,6.666666666666667
KeyTronic 6101 Series - Keyboard - Black,360.712,127.06899999999999,10.0
"Deflect-O Light Bulb, Durable",359.8092,66.3992,18.23076923076923
Microsoft Arc Touch Mouse,359.70000000000005,91.124,10.0
"Harbour Creations Shipping Labels, Alphabetical",358.328,80.588,10.0
"Seth Thomas 14"" Putty-Colored Wall Clock",357.948,94.7682,5.0
"Novimex Round Labels, Laser Printer Compatible",357.8289,130.3089,13.454545454545455
Holmes Odor Grabber,357.616,67.774,22.5
Imation 8gb Micro Traveldrive Usb 2.0 Flash Drive,357.0,23.25,7.500000000000001
"Smead File Folder Labels, Alphabetical",356.236,53.716,8.769230769230768
Kingston Digital DataTraveler 32GB USB 2.0,355.95,5.4239999999999995,5.714285714285714
"OIC Clamps, Assorted Sizes",354.73199999999997,-2.4480000000000004,25.555555555555554
Aluminum Screw Posts,354.032,41.202,43.63636363636363
Pizazz Global Quick File,353.29200000000003,94.6104,3.3333333333333335
"Accos Thumb Tacks, Metal",352.36,25.53,12.727272727272727
Xerox 1929,351.736,154.39839999999998,5.0
I.R.I.S IRISCard Anywhere 5 Card Scanner,350.973,152.0883,10.0
Imation 8GB Mini TravelDrive USB 2.0 Flash Drive,350.20399999999995,8.7551,6.666666666666667
Eldon Gobal File Keepers,348.22,-0.605599999999999,6.666666666666667
"SimpliFile Personal File, Black Granite, 15w x 6-15/16d x 11-1/4h",347.31,85.806,7.500000000000001
"Executive Impressions 14"" Contract Wall Clock",346.788,93.5883,5.714285714285714
Trimflex Flexible Post Binders,346.356,112.8864,30.000000000000004
Sterilite Officeware Hinged File Box,345.84000000000003,78.076,7.272727272727273
"Advantus Staples, Assorted Sizes",345.8345,59.9045,10.789473684210527
Eldon Simplefile Box Office,345.832,77.128,7.500000000000001
"GlobeWeis Clasp Envelope, Recycled",344.81,48.589999999999996,13.636363636363635
2300 Heavy-Duty Transfer File Systems by Perma,344.724,20.9832,10.0
Fellowes Mighty 8 Compact Surge Protector,344.59000000000003,67.2964,10.000000000000002
Eldon Cleatmat Chair Mats for Medium Pile Carpets,344.1,-42.18000000000001,30.0
"Harbour Creations File Folder Labels, Adjustable",343.43399999999997,-15.966,20.0
"Acco Six-Outlet Power Strip, 4' Cord Length",343.076,81.5452,2.2222222222222223
GBC VeloBind Cover Sets,342.768,18.527999999999995,46.36363636363636
Tops Green Bar Computer Printout Paper,342.58,171.29,0.0
Boston 19500 Mighty Mite Electric Pencil Sharpener,342.55,92.4885,0.0
"Fiskars Ruler, Steel",342.062,8.912000000000003,20.0
"Kraft Clasp Envelope, Security-Tint",342.0,12.5,7.6923076923076925
"Brother MFC-9340CDW LED All-In-One Printer, Copier Scanner",341.991,-319.1916,70.0
Classic Ivory Antique Telephone ZL1810,341.666,40.196,10.0
Letter Size File,341.41999999999996,59.55,10.0
Anker 36W 4-Port USB Wall Charger Travel Power Adapter for iPhone 5s 5c 5,339.83,23.1884,23.333333333333336
Luxo Economy Swing Arm Lamp,338.98,94.9144,0.0
"Tenex File Box, Personal Filing Tote with Lid, Black",338.118,62.660399999999996,8.571428571428573
"Smead File Folder Labels, Laser Printer Compatible",337.82480000000004,-25.1252,20.166666666666664
"White Business Envelopes with Contemporary Seam, Recycled White Business Envelopes",336.952,150.972,10.000000000000002
Wasp CCD Handheld Bar Code Reader,336.51,44.868,40.0
"BlueLounge Milo Smartphone Stand, White/Metallic",335.888,76.7744,6.666666666666667
"Square Ring Data Binders, Rigid 75 Pt. Covers, 11"" x 14-7/8""",334.368,98.2464,25.71428571428572
Xerox 226,334.368,155.7792,3.6363636363636367
"Contract Clock, 14"", Brown",334.096,29.4532,27.999999999999996
Holmes 99% HEPA Air Purifier,333.564,86.8566,10.0
Eldon Econocleat Chair Mats for Low Pile Carpets,331.76,39.8112,0.0
Bulldog Vacuum Base Pencil Sharpener,330.924,59.5903,10.000000000000002
SanDisk Ultra 16 GB MicroSDHC Class 10 Memory Card,329.946,-48.5826,14.285714285714285
Xerox 1979,328.38800000000003,140.959,6.666666666666667
"Smead Removable Labels, Laser Printer Compatible",326.456,46.386,11.818181818181818
"Avery Round Labels, Laser Printer Compatible",326.0838,50.8038,16.799999999999997
"Smead Shipping Labels, Adjustable",325.876,20.056,11.25
Multimedia Mailers,325.86,149.8956,0.0
KeyTronic E03601U1 - Keyboard - Beige,324.0,58.32,0.0
RCA ViSYS 25425RE1 Corded phone,323.976,36.4473,20.0
Sauder Cornerstone Collection Library,322.192,-81.16760000000001,23.333333333333332
Kensington K72356US Mouse-in-a-Box USB Desktop Mouse,321.846,106.17599999999999,3.3333333333333335
Personal Creations Ink Jet Cards and Labels,321.44,157.50560000000002,0.0
"White Envelopes, White Envelopes with Clear Poly Window",320.25,139.07999999999998,8.0
Konica Minolta magicolor 1690MF Multifunction Printer,319.92,118.3704,0.0
X-Rack File for Hanging Folders,318.378,67.74,4.444444444444445
"Rogers Jumbo File, Granite",317.77200000000005,-4.8888,2.857142857142857
"Harbour Creations File Folder Labels, Alphabetical",317.604,47.284,15.285714285714283
"Ames Clasp Envelope, Set of 50",317.232,109.302,15.105263157894738
"Seth Thomas 13 1/2"" Wall Clock",316.48400000000004,71.12,16.0
"Executive Impressions 13"" Clairmont Wall Clock",315.372,88.458,22.5
"Avery Trapezoid Extra Heavy Duty 4"" Binders",314.55,-3.552713678800501e-15,44.99999999999999
"Hon Removable Labels, 5000 Label Set",312.759,33.259,12.933333333333334
"GBC Pre-Punched Binding Paper, Plastic, White, 8-1/2"" x 11""",310.206,52.447199999999995,28.750000000000004
"Hon Round Labels, Alphabetical",309.96000000000004,71.78999999999999,5.294117647058823
"Executive Impressions 14"" Two-Color Numerals Wall Clock",308.99199999999996,94.51520000000001,13.333333333333334
Recycled Easel Ring Binders,308.844,21.633999999999997,38.88888888888889
Fiskars Softgrip Scissors,307.44,86.0832,0.0
Acme Box Cutter Scissors,306.9,72.2238,3.3333333333333335
3M Replacement Filter for Office Air Cleaner for 20' x 33' Room,303.36,-20.476799999999997,25.0
"Smead Removable Labels, 5000 Label Set",302.365,37.325,28.78571428571428
Eldon Fold 'N Roll Cart System,301.968,63.7488,12.000000000000002
Eldon Shelf Savers Cubes and Bins,300.14,-7.678,5.0
Lexmark S315 Color Inkjet Printer,299.97,34.996500000000005,44.99999999999999
Tensor Track Tree Floor Lamp,299.85,38.180899999999994,10.0
Honeywell Enviracaire Portable Air Cleaner for up to 8 x 10 Room,299.20799999999997,-177.22320000000002,45.0
Memorex Micro Travel Drive 8 GB,299.0,113.1,10.0
Coloredge Poster Frame,298.2,116.298,0.0
Boston Home & Office Model 2000 Electric Pencil Sharpeners,297.99,70.47699999999999,3.3333333333333335
Maxell DVD-RAM Discs,296.64,127.5552,0.0
"Vinyl Coated Wire Paper Clips in Organizer Box, 800/Box",296.18399999999997,119.7364,10.0
Xerox 1933,294.71999999999997,138.5184,0.0
Stanley Contemporary Battery Pencil Sharpeners,293.7,63.012,5.0
Micropad Numeric Keypads,291.854,66.9665,5.0
"Accos Staples, Bulk Pack",291.489,17.269000000000002,26.46153846153846
"DAX Contemporary Wood Frame with Silver Metal Mat, Desktop, 11 x 14 Size",291.45599999999996,97.152,4.0
"Avery Round Labels, Alphabetical",291.392,47.112,10.133333333333333
Acco 6 Outlet Guardian Premium Plus Surge Suppressor,289.456,-113.76719999999999,40.00000000000001
Peel-Off China Markers,287.97,109.4286,8.571428571428573
"Acco Data Flex Cable Posts For Top & Bottom Load Binders, 6"" Capacity",287.868,64.1445,29.000000000000004
"#10- 4 1/8"" x 9 1/2"" Recycled Envelopes",286.672,115.28059999999999,8.0
OtterBox Commuter Series Case - iPhone 5 & 5s,285.87,102.91319999999999,15.000000000000002
"Fellowes Personal Hanging Folder Files, Navy",284.716,52.6456,10.0
Embossed Ink Jet Note Cards,284.382,108.336,15.000000000000002
"Iris 3-Drawer Stacking Bin, Black",284.104,-43.4512,13.333333333333334
"Novimex File Folder Labels, Adjustable",283.72,61.39,14.444444444444446
"REDIFORM Incoming/Outgoing Call Register, 11"" X 8 1/2"", 100 Messages",281.892,127.602,7.500000000000001
Lunatik TT5L-002 Taktik Strike Impact Protection System for iPhone 5,281.658,6.123000000000001,26.666666666666668
Xerox 1898,280.56,120.7744,7.272727272727273
Memorex Mini Travel Drive 32 GB USB 2.0 Flash Drive,280.0,109.19999999999999,0.0
"Epson WorkForce WF-2530 All-in-One Printer, Copier Scanner",279.96,120.3828,0.0
Macally Suction Cup Mount,279.63,-31.07,15.000000000000002
Westinghouse Clip-On Gooseneck Lamps,279.558,44.1936,11.11111111111111
"Jiffy Clasp Envelope, Security-Tint",279.552,-17.788,14.666666666666666
Acme Forged Steel Scissors with Black Enamel Handles,279.3,67.7768,5.0
"Tenex Personal Filing Tote With Secure Closure Lid, Black/Frost",279.18,23.265,12.000000000000002
Storex Dura Pro Binders,278.586,50.5494,42.35294117647059
Belkin 8-Outlet Premiere SurgeMaster II Surge Protectors,277.92,83.376,0.0
"Avery Address/Shipping Labels for Typewriters, 4"" x 2""",277.38,126.684,5.714285714285714
Large Capacity Hanging Post Binders,276.945,-19.461000000000002,46.0
"Smead Round Labels, 5000 Label Set",276.8256,-23.8544,14.499999999999998
"Neat Ideas Personal Hanging Folder Files, Black",276.658,58.0176,11.428571428571429
HP Standard 104 key PS/2 Keyboard,275.5,58.0,6.666666666666667
Stanley Bostitch Contemporary Electric Pencil Sharpeners,275.076,42.7896,14.285714285714285
Seidio BD2-HK3IPH5-BK DILEX Case and Holster Combo for Apple iPhone 5/5s - Black,272.88800000000003,27.288800000000002,20.000000000000004
Fellowes Binding Cases,271.44,71.955,28.000000000000004
Advantus Panel Wall Certificate Holder - 8.5x11,270.84,108.092,6.666666666666667
Adjustable Personal File Tote,270.24800000000005,53.3984,8.0
Plastic Binding Combs,269.66999999999996,84.99149999999999,26.0
"GBC Twin Loop Wire Binding Elements, 9/16"" Spine, Black",269.394,-2.2830000000000013,38.88888888888889
"GBC White Gloss Covers, Plain Front",269.328,31.421600000000005,50.0
"Xerox Memo Slips, Multicolor",268.671,-8.599000000000002,5.0
"Recycled Desk Saver Line ""While You Were Out"" Book, 5 1/2"" X 4""",268.5,123.51,0.0
Xerox 1938,268.24,93.884,20.0
Eldon Wave Desk Accessories,266.73,98.9996,15.714285714285717
Avery 475,266.4,133.2,0.0
Belkin F9S820V06 8 Outlet Surge,266.33599999999996,-120.17599999999999,40.0
"Avery Round Labels, 5000 Label Set",266.311,-6.2890000000000015,19.0
Belkin Standard 104 key USB Keyboard,265.538,5.1065,16.666666666666664
Ultra Door Pull Handle,265.104,74.7972,6.666666666666667
Maxell 4.7GB DVD+RW 3/Pack,264.438,88.4115,5.0
"Smead Color Coded Labels, Adjustable",264.187,18.817,20.636363636363637
"Avery File Folder Labels, Adjustable",264.186,100.546,11.176470588235293
"Peel & Seel Recycled Catalog Envelopes, Brown",264.024,113.48400000000001,10.000000000000002
Newell 324,263.34,72.072,2.857142857142857
"Southworth 100% Résumé Paper, 24lb.",262.964,113.199,5.714285714285714
"Jiffy Clasp Envelope, Recycled",262.788,26.078,24.444444444444446
"Eldon Expressions Desk Accessory, Wood Photo Frame, Mahogany",262.752,-7.616000000000003,30.0
"Kraft Clasp Envelope, Recycled",262.73,57.5,5.588235294117647
File Shuttle I and Handi-File,262.668,51.42059999999999,13.333333333333334
Belkin 6 Outlet Metallic Surge Strip,262.449,28.7496,16.666666666666664
"LF Elite 3D Dazzle Designer Hard Case Cover, Lf Stylus Pen and Wiper For Apple Iphone 5c Mini Lite",261.6,41.856,10.0
Hand-Finished Solid Wood Document Frame,260.14799999999997,68.46000000000001,6.666666666666667
3M Office Air Cleaner,259.8,90.93,0.0
Desktop 3-Pocket Hot File,259.68,59.510000000000005,10.0
"Recycled Interoffice Envelopes with String and Button Closure, 10 x 13",259.092,115.152,8.0
"GBC Standard Recycled Report Covers, Clear Plastic Sheets",258.72,-27.1656,49.16666666666667
"Executive Impressions 10"" Spectator Wall Clock",258.72,87.9648,0.0
Avery Legal 4-Ring Binder,258.054,90.214,32.5
"Avery Round Labels, Adjustable",258.0144,-7.905600000000001,12.950000000000001
Mediabridge Sport Armband iPhone 5s,257.742,-38.961,14.285714285714285
GBC Poly Designer Binding Covers,256.122,102.44879999999999,21.666666666666668
Berol Giant Pencil Sharpener,254.85,49.780699999999996,10.0
"Hon File Folder Labels, Adjustable",254.842,42.542,21.07142857142857
"Executive Impressions 13"" Chairman Wall Clock",253.8,72.333,6.666666666666667
"Linden 10"" Round Wall Clock, Black",253.648,41.8672,16.666666666666664
Apple EarPods with Remote and Mic,251.91,50.382000000000005,10.0
Magnifier Swing Arm Lamp,251.76,65.4576,0.0
Sony 32GB Class 10 Micro SDHC R40 Memory Card,251.4,52.794,0.0
Hanging Personal Folder File,251.2,51.025,8.0
Sony Micro Vault Click 4 GB USB 2.0 Flash Drive,250.92,35.1288,0.0
"Hon Round Labels, Adjustable",250.7088,55.64880000000001,12.55
"Novimex Round Labels, Alphabetical",250.502,51.172000000000004,15.789473684210526
Avery 473,248.4,119.232,0.0
Belkin OmniView SE Rackmount Kit,248.35999999999999,0.0,0.0
"Verbatim 25 GB 6x Blu-ray Single Layer Recordable Disc, 25/Pack",248.29199999999997,91.0404,12.000000000000002
Nu-Dell Leatherette Frames,246.64800000000002,81.4512,6.666666666666667
"Wirebound Message Books, Four 2 3/4"" x 5"" Forms per Page, 600 Sets per Book",246.582,109.01520000000001,4.444444444444445
Strathmore Photo Mount Cards,245.436,106.3104,6.666666666666668
SAFCO Optional Arm Kit for Workspace Cribbage Stacking Chair,245.088,14.9184,20.0
Xerox 1890,244.7,122.35,0.0
Brown Kraft Recycled Envelopes,244.512,117.16199999999999,4.0
Aluminum Document Frame,244.39999999999998,56.211999999999996,8.0
Fellowes Advanced 8 Outlet Surge Suppressor with Phone/Fax Protection,244.288,41.64,13.333333333333334
GBC Imprintable Covers,241.56,39.967200000000005,36.25000000000001
Quality Park Security Envelopes,240.764,88.19290000000001,15.000000000000002
RCA H5401RE1 DECT 6.0 4-Line Cordless Handset With Caller ID/Call Waiting,239.97,2.3997,0.0
Logitech M510 Wireless Mouse,239.94,52.3869,13.333333333333334
"Belkin SportFit Armband For iPhone 5s/5c, Fuchsia",239.84,79.2971,20.0
Holmes HEPA Air Purifier,239.58,41.382000000000005,23.333333333333336
"Avery Flip-Chart Easel Binder, Black",239.466,37.8222,42.5
Xerox 216,238.464,96.9408,12.5
Wilson Jones Leather-Like Binders with DublLock Round Rings,238.329,25.491600000000002,35.0
Xerox 1982,237.536,89.5328,6.666666666666667
Martin-Yale Premier Letter Opener,236.99200000000002,-12.879999999999999,8.571428571428573
Recycled Eldon Regeneration Jumbo File,235.77599999999998,58.944,3.3333333333333335
Avery 50,235.564,102.74600000000001,4.0
Acco D-Ring Binder w/DublLock,235.18,-102.8378,62.22222222222222
DAX Two-Tone Silver Metal Document Frame,234.784,84.8056,13.333333333333334
Newell 312,234.768,34.456,16.363636363636363
Spigen Samsung Galaxy S5 Case Wallet,234.462,45.873,8.0
Panasonic KP-4ABK Battery-Operated Pencil Sharpener,234.24,67.92960000000001,0.0
"Xerox Parchment Paper, Recycled",233.4163,9.296299999999999,15.22222222222222
"Maxell 74 Minute CDR, 10/Pack",232.764,72.5676,8.0
Petty Cash Envelope,231.856,94.36,13.333333333333334
"Tenex Personal Self-Stacking Standard File Box, Black/Gray",229.976,44.811499999999995,8.0
Black & Decker Filter for Double Action Dustbuster Cordless Vac BLDV7210,229.886,53.696,3.3333333333333335
Dixon Ticonderoga Core-Lock Colored Pencils,229.572,58.6684,11.428571428571429
Advantus Motivational Note Cards,227.94,94.32,12.000000000000002
"Adams Phone Message Book, 200 Message Capacity, 8 1/16 x 11",227.04,104.4384,0.0
Iris Project Case,225.036,47.88,6.666666666666667
Advantus Plastic Paper Clips,225.0,102.8,6.000000000000001
Cisco 8961 IP Phone Charcoal,224.937,-164.9538,70.0
Portable Personal File Box,224.66400000000002,55.3113,3.3333333333333335
iOttie XL Car Mount,223.88799999999998,-50.3748,20.0
"Novimex Legal Exhibit Labels, Adjustable",223.5348,-31.4852,17.0
"Adams Telephone Message Book w/Frequently-Called Numbers Space, 400 Messages per Book",223.44,111.72,0.0
"Avery Hi-Liter EverBold Pen Style Fluorescent Highlighters, 4/Pack",219.78,68.376,10.000000000000002
"Letter/Legal File Tote with Clear Snap-On Lid, Black Granite",218.416,52.0344,5.0
"Wirebound Message Books, Four 2 3/4 x 5 White Forms per Page",218.094,95.2656,2.857142857142857
Avery Non-Stick Binders,217.316,43.553,34.0
"Fiskars 8"" Scissors, 2/Pack",217.224,45.8584,10.0
ARKON Windshield Dashboard Air Vent Car Mount Holder,216.95999999999998,-15.594000000000001,10.0
3M Polarizing Light Filter Sleeves,216.34,75.346,20.0
"DAX Two-Tone Rosewood/Black Document Frame, Desktop, 5 x 7",216.144,73.944,10.0
iOttie HLCRIO102 Car Mount,215.892,-11.994,16.0
Xerox 214,215.13600000000002,90.46079999999999,6.666666666666668
DXL Angle-View Binders with Locking Rings by Samsill,215.109,66.6915,24.0
Cisco SPA 501G IP Phone,213.48,16.011,20.0
Xerox 188,213.192,97.524,5.0
GBC Wire Binding Strips,212.658,-18.409200000000002,50.0
Wilson Jones Turn Tabs Binder Tool for Ring Binders,212.08,58.5148,26.923076923076923
"Smead Round Labels, Alphabetical",211.6128,7.792800000000001,17.076923076923077
Standard Line While You Were Out Hardbound Telephone Message Book,211.00799999999998,80.4468,10.0
"Novimex Round Labels, Adjustable",210.94639999999998,35.6564,13.499999999999998
"Seth Thomas 8 1/2"" Cubicle Clock",210.912,59.217600000000004,5.0
Xerox 1931,209.952,88.6464,7.500000000000001
"Sanford Prismacolor Professional Thick Lead Art Pencils, 36-Color Set",209.664,49.7952,20.000000000000004
SANFORD Major Accent Highlighters,209.56799999999998,77.88,2.857142857142857
Cardinal EasyOpen D-Ring Binders,209.306,26.506000000000004,25.0
Ibico Plastic and Wire Spiral Binding Combs,208.221,21.5808,35.55555555555556
Acco Perma 2700 Stacking Storage Drawers,208.18,5.948,10.0
Logitech LS21 Speaker System - PC Multimedia - 2.1-CH - Wired,207.896,62.7686,3.3333333333333335
GBC Linen Binding Covers,207.566,-82.4068,54.99999999999999
Global Enterprise Series Seating Low-Back Swivel/Tilt Chairs,207.184,25.898,20.0
Epson Perfection V600 Photo Scanner,206.991,-172.4925,70.0
JM Magazine Binder,204.72400000000002,50.190400000000004,21.666666666666664
Texas Instruments TI-34 Scientific Calculator,204.507,64.6506,23.333333333333332
"Holmes Replacement Filter for HEPA Air Cleaner, Medium Room",203.94,87.6942,0.0
Kingston Digital DataTraveler 64GB USB 2.0,202.68,16.2144,0.0
"Avery File Folder Labels, Laser Printer Compatible",201.5824,61.0924,13.200000000000001
Pyle PRT45 Retro Home Telephone,201.568,22.6764,20.0
Fellowes Desktop Hanging File Manager,201.45000000000002,50.362500000000004,0.0
Xerox 1912,201.082,92.5736,5.0
Southworth 25% Cotton Antique Laid Paper & Envelopes,200.16,80.898,12.000000000000002
PayAnywhere Card Reader,199.8,17.4825,20.0
Bionaire 99.97% HEPA Air Cleaner,199.728,17.52,25.0
Laser & Ink Jet Business Envelopes,198.462,83.226,4.0
Eldon 500 Class Desk Accessories,197.948,60.4707,6.666666666666667
"Angle-D Binders with Locking Rings, Label Holders",197.82999999999998,35.332,33.0
Panasonic KP-310 Heavy-Duty Electric Pencil Sharpener,197.82,59.346000000000004,0.0
"Inter-Office Recycled Envelopes, Brown Kraft, Button-String,10"" x 13"" , 100/Box",197.82,81.326,6.666666666666667
"Square Credit Card Reader, 4 1/2"" x 4 1/2"" x 1"", White",197.802,54.8451,20.0
"Eureka Hand Vacuum, Bagless",197.72,55.3616,0.0
"Alliance Super-Size Bands, Assorted Sizes",197.612,-10.3474,5.0
Avery Recycled Flexi-View Covers for Binding Systems,197.169,-69.5702,52.85714285714286
Xerox 225,196.99200000000002,85.7952,6.666666666666668
"Rediform S.O.S. 1-Up Phone Message Bk, 4-1/4x3-1/16 Bk, 1 Form/Pg, 40 Messages/Bk, 3/Pk",196.98000000000002,94.5504,0.0
Newell 309,196.35000000000002,34.65,12.000000000000002
"DAX Executive Solid Wood Document Frame, Desktop or Hang, Mahogany, 5 x 7",196.248,55.1004,4.0
Acme Tagit Stainless Steel Antibacterial Scissors,196.02,37.026,10.000000000000002
Acme Galleria Hot Forged Steel Scissors with Colored Handles,195.052,49.8641,6.666666666666667
"Career Cubicle Clock, 8 1/4"", Black",194.68800000000002,68.952,6.666666666666667
Memorex Mini Travel Drive 8 GB USB 2.0 Flash Drive,194.54399999999998,53.268,16.0
Contemporary Wood/Metal Frame,193.92,4.847999999999998,35.0
Project Tote Personal File,193.61399999999998,44.1945,5.0
"Wilson Jones Clip & Carry Folder Binder Tool for Ring Binders, Clear",191.98,50.228,28.888888888888893
Computer Printout Paper with Letter-Trim Fine Perforations,191.6,91.968,0.0
Xerox 1895,191.36,82.82300000000001,5.714285714285714
Avery Premier Heavy-Duty Binder with Round Locking Rings,191.352,29.416800000000002,34.28571428571429
Sony 16GB Class 10 Micro SDHC R40 Memory Card,190.77200000000002,5.155999999999999,10.0
"Harbour Creations Round Labels, Adjustable",190.092,52.572,5.800000000000001
Gear Head AU3700S Headset,189.654,-11.9508,6.666666666666667
Speck Products Candyshell Flip Case,188.946,-18.1948,30.000000000000004
Xerox 209,187.92000000000002,90.2016,0.0
White GlueTop Scratch Pads,186.49599999999998,72.7936,10.0
"Wirebound Message Book, 4 per Page",184.62,87.69449999999999,2.857142857142857
"Verbatim 25 GB 6x Blu-ray Single Layer Recordable Disc, 3/Pack",184.536,67.104,10.000000000000002
GBC Wire Binding Combs,184.052,41.5668,37.142857142857146
Ibico Covers for Plastic or Wire Binding Elements,184.0,57.5,22.857142857142858
"Eldon Expressions Wood Desk Accessories, Oak",183.024,10.110600000000002,16.666666666666664
Xerox 1955,182.72,59.384,20.0
"Fellowes Twister Kit, Gray/Clear, 3/pkg",182.508,-3.2159999999999993,43.0
Deluxe Chalkboard Eraser Cleaner,182.49,76.461,8.0
"Speediset Carbonless Redi-Letter 7"" x 8 1/2""",181.456,77.63430000000001,8.0
"Fellowes Smart Surge Ten-Outlet Protector, Platinum",180.66,50.5848,0.0
"Perma STOR-ALL Hanging File Box, 13 1/8""W x 12 1/4""D x 10 1/2""H",180.596,16.8038,5.0
"Tenex Traditional Chairmats for Hard Floors, Average Lip, 36"" x 48""",180.46,-46.403999999999996,30.0
"Eldon Image Series Desk Accessories, Ebony",180.31,55.821999999999996,16.0
Okidata B401 Printer,179.991,-251.9874,70.0
Super Decoflex Portable Personal File,179.76,39.5472,8.0
"Elite 5"" Scissors",179.14,37.18,8.571428571428573
"Cardinal Slant-D Ring Binder, Heavy Gauge Vinyl",179.014,5.387800000000001,41.0
Xerox 1997,178.848,77.76,5.0
Xerox 1892,178.296,79.458,10.0
"Jiffy Clasp Envelope, Set of 50",177.8124,39.6624,25.571428571428573
Personal File Boxes with Fold-Down Carry Handle,177.612,37.392,4.0
Avery 490,177.6,81.4,8.0
"Master Caster Door Stop, Brown",176.784,49.3776,11.11111111111111
Heavy-Duty E-Z-D Binders,176.742,9.055299999999999,50.0
"Executive Impressions 12"" Wall Clock",176.70000000000002,23.3244,26.666666666666668
Crate-A-Files,176.57999999999998,31.392,11.428571428571429
Avery 499,176.292,68.72399999999999,10.909090909090912
"#10-4 1/8"" x 9 1/2"" Premium Diagonal Seam Envelopes",176.288,63.747,10.0
Xerox 1996,176.256,81.9072,2.5
"DAX Value U-Channel Document Frames, Easel Back",175.938,52.4832,6.0
Tenex Chairmats For Use With Carpeted Floors,175.78,8.789,0.0
Griffin GC36547 PowerJolt SE Lightning Charger,175.422,17.992,26.666666666666668
"Acco PRESSTEX Data Binder with Storage Hooks, Dark Blue, 14 7/8"" X 11""",175.388,73.8674,11.428571428571429
Wilson Jones International Size A4 Ring Binders,174.73,12.802000000000008,37.142857142857146
Xerox 1978,174.556,74.33080000000001,10.0
Logitech Keyboard K120,174.24,-19.602,20.000000000000004
Square Credit Card Reader,173.826,11.188799999999999,17.142857142857146
BIC Liqua Brite Liner,173.5,53.576800000000006,6.666666666666667
GBC Plastic Binding Combs,172.692,59.778000000000006,26.0
"Adams Telephone Message Book W/Dividers/Space For Phone Numbers, 5 1/4""X8 1/2"", 200/Messages",172.672,72.70400000000001,2.857142857142857
Lumber Crayons,171.39000000000001,55.357,13.333333333333334
4009 Highlighters by Sanford,171.14,53.8096,5.0
"DAX Copper Panel Document Frame, 5 x 7 Size",171.088,39.75279999999999,20.0
Xerox 202,171.072,76.7232,5.0
Boston 1730 StandUp Electric Pencil Sharpener,171.04,44.4704,0.0
Avery Heavy-Duty EZD View Binder with Locking Rings,170.984,29.7308,35.0
Logitech Illuminated Ultrathin Keyboard with Backlighting,170.97,70.0977,0.0
Euro Pro Shark Stick Mini Vacuum,170.744,-325.6332,60.0
Nu-Dell Float Frame 11 x 14 1/2,170.62,56.0352,17.142857142857142
Great White Multi-Use Recycled Paper (20Lb. and 84 Bright),169.832,64.584,7.500000000000001
Xerox 1894,169.776,78.79679999999999,8.0
Xerox 1973,169.01600000000002,70.3472,10.0
Electrix 20W Halogen Replacement Bulb for Zoom-In Desk Lamp,168.84,78.256,4.0
"DAX Charcoal/Nickel-Tone Document Frame, 5 x 7",168.744,48.821999999999996,17.142857142857142
Hoover Commercial SteamVac,168.392,35.308,20.0
Avery 486,168.13,75.1468,4.444444444444445
"Westinghouse Floor Lamp with Metal Mesh Shade, Black",167.93,38.6239,0.0
"Ames Clasp Envelope, Recycled",166.8,20.38,7.142857142857142
Southworth 25% Cotton Linen-Finish Paper & Envelopes,166.704,67.044,10.0
Acme Softgrip Scissors,166.056,33.1298,10.0
Xerox 1968,165.664,75.35040000000001,8.0
GBC Instant Report Kit,164.985,3.2350000000000008,49.23076923076923
Xerox 195,164.328,70.54079999999999,12.5
Security-Tint Envelopes,163.496,73.8788,6.666666666666668
"GE General Use Halogen Bulbs, 100 Watts, 1 Bulb per Pack",163.332,3.141000000000002,40.0
"DAX Metal Frame, Desktop, Stepped-Edge",161.92,26.1096,24.0
"It's Hot Message Books with Stickers, 2 3/4"" x 5""",161.32,59.57,13.333333333333334
"Eldon Expressions Wood and Plastic Desk Accessories, Cherry Wood",160.54000000000002,46.5566,0.0
"Black Print Carbonless Snap-Off Rapid Letter, 8 1/2"" x 7""",160.336,65.1365,5.0
RCA ViSYS 25423RE1 Corded phone,159.984,13.9986,20.0
Acme Office Executive Series Stainless Steel Trimmers,159.402,26.2242,8.571428571428573
Avery 489,159.39,73.278,4.0
DAX Wood Document Frame.,159.268,7.6888000000000005,35.0
"Eldon 400 Class Desk Accessories, Black Carbon",159.25,47.6,16.666666666666664
"Ultra Door Kickplate, 8""H x 34""W",158.24,27.692,20.0
Belkin 7 Outlet SurgeMaster Surge Protector with Phone Protection,157.92,17.766,20.0
GBC Personal VeloBind Strips,156.938,-11.261200000000002,42.857142857142854
Artistic Insta-Plaque,156.8,61.152,0.0
Xerox 1936,155.844,60.5394,13.333333333333334
"Eldon Expressions Punched Metal & Wood Desk Accessories, Black & Cherry",155.708,20.636,20.0
Weyerhaeuser First Choice Laser/Copy Paper (20Lb. and 88 Bright),155.52,71.28,4.0
"Eldon Stackable Tray, Side-Load, Legal, Smoke",155.38,52.8292,0.0
Avery 503,155.25,74.52,0.0
Xerox 1918,155.04,75.9696,0.0
Imation 30456 USB Flash Drive 8GB,154.56,8.556,4.0
"Master Caster Door Stop, Large Neon Orange",154.336,42.2968,17.142857142857142
"Permanent Self-Adhesive File Folder Labels for Typewriters, 1 1/8 x 3 1/2, White",153.72,55.062000000000005,13.333333333333334
Self-Adhesive Address Labels for Typewriters by Universal,153.51,64.4011,8.571428571428573
"Message Book, Wirebound, Four 5 1/2"" X 4"" Forms/Pg., 200 Dupl. Sets/Book",152.144,54.0728,16.666666666666664
"Master Big Foot Doorstop, Beige",152.064,42.768,3.3333333333333335
Nu-Dell Oak Frame,151.656,35.4576,13.333333333333334
Xerox 217,151.632,67.392,7.500000000000001
Southworth 100% Cotton The Best Paper,151.536,65.43599999999999,6.666666666666667
"Holmes Replacement Filter for HEPA Air Cleaner, Large Room",151.062,47.9844,15.000000000000002
"Verbatim 25 GB 6x Blu-ray Single Layer Recordable Disc, 10/Pack",150.67000000000002,41.955799999999996,8.0
Xerox 205,150.336,69.4656,5.0
Acco 6 Outlet Guardian Standard Surge Suppressor,149.916,22.971,20.0
Xerox 1948,149.85000000000002,67.4325,0.0
"Eldon Expressions Wood and Plastic Desk Accessories, Oak",149.70000000000002,41.916,0.0
Sanford Liquid Accent Highlighters,149.632,48.6304,8.0
Ultra Door Push Plate,149.264,37.4142,5.714285714285714
KeyTronic KT400U2 - Keyboard - Black,148.03199999999998,24.672,6.666666666666667
Anker Astro Mini 3000mAh Ultra-Compact Portable Charger,147.926,-31.984,20.0
Xerox 1993,147.744,68.4288,7.500000000000001
Kensington 6 Outlet SmartSocket Surge Protector,147.528,-36.882000000000005,40.0
"Holmes Cool Mist Humidifier for the Whole House with 8-Gallon Output per Day, Extended Life Filter",147.26,48.754999999999995,20.0
"ACCOHIDE 3-Ring Binder, Blue, 1""",147.028,50.7164,16.153846153846153
"GBC Laser Imprintable Binding System Covers, Desert Sand",146.981,18.408299999999997,35.0
"#10- 4 1/8"" x 9 1/2"" Security-Tint Envelopes",146.688,64.86359999999999,7.500000000000001
Maxell 4.7GB DVD-RW 3/Pack,146.55599999999998,41.418,10.0
Xerox 1905,146.448,68.94720000000001,4.0
Tensor Brushed Steel Torchiere Floor Lamp,146.114,6.795999999999999,20.0
Newell 315,145.912,33.787,3.3333333333333335
"Personal Folder Holder, Ebony",145.73000000000002,35.872,3.3333333333333335
"DAX Cubicle Frames, 8-1/2 x 11",145.69,52.4484,0.0
Xerox 220,145.15200000000002,60.912,10.0
Astroparche Fine Business Paper,144.672,65.0496,6.666666666666667
Telescoping Adjustable Floor Lamp,143.928,-5.997000000000002,30.0
Xerox 203,143.856,62.985600000000005,6.666666666666667
"Wilson Jones Hanging View Binder, White, 1""",143.42,55.238,11.428571428571429
Avery Self-Adhesive Photo Pockets for Polaroid Photos,143.01,-2.1791999999999954,53.63636363636364
Xerox 192,142.56,68.4288,0.0
Flexible Leather- Look Classic Collection Ring Binder,142.05,18.94,38.33333333333333
Ibico Recycled Grain-Textured Covers,141.614,3.4540000000000006,40.0
Xerox 23,141.264,63.7632,3.3333333333333335
Xerox 212,141.264,57.024,11.428571428571429
"Eberhard Faber 3 1/2"" Golf Pencils",139.872,28.272000000000002,5.714285714285714
"OIC Colored Binder Clips, Assorted Sizes",139.62,59.2848,8.571428571428573
"Advantus Push Pins, Aluminum Head",139.44,43.2264,0.0
Xerox 4200 Series MultiUse Premium Copy Paper (20Lb. and 84 Bright),139.392,52.272,7.500000000000001
Xerox 1903,138.736,65.54079999999999,3.3333333333333335
Xerox 1930,138.672,59.3568,12.000000000000002
Things To Do Today Pad,138.532,59.1696,11.428571428571429
50 Colored Long Pencils,138.176,32.9184,4.0
"Eldon 200 Class Desk Accessories, Smoke",138.16,58.0272,0.0
"Avery 3 1/2"" Diskette Storage Pages, 10/Pack",137.808,-14.407200000000003,38.33333333333333
Acco 3-Hole Punch,137.53199999999998,55.538399999999996,23.333333333333332
Xerox 2,137.376,53.135999999999996,15.555555555555555
GBC Binding covers,137.26999999999998,58.9225,6.666666666666667
C-Line Cubicle Keepers Polyproplyene Holder With Velcro Backings,137.17000000000002,47.7257,12.5
Avery 476,137.116,54.5986,8.0
Riverleaf Stik-Withit Designer Note Cubes,136.816,55.33,8.0
"Cardinal HOLDit! Binder Insert Strips,Extra Strips",136.728,4.367700000000002,45.55555555555555
"Barricks Non-Folding Utility Table with Steel Legs, Laminate Tops",136.464,15.3522,20.0
"GBC Clear Cover, 8-1/2 x 11, unpunched, 25 covers per pack",136.44,13.644000000000002,37.5
"C-Line Magnetic Cubicle Keepers, Clear Polypropylene",136.344,56.1184,2.857142857142857
Xerox 1947,136.344,54.119,8.0
Stiletto Hand Letter Openers,136.32,-21.984,15.000000000000002
Memorex Froggy Flash Drive 4 GB,136.276,42.4214,8.0
"Smead Round Labels, Adjustable",136.112,15.032,14.466666666666667
Avery Metallic Poly Binders,135.80100000000002,43.4334,30.0
"Eldon 200 Class Desk Accessories, Burgundy",135.648,44.588,12.000000000000002
Xerox 222,134.784,60.6528,8.571428571428573
Wilson Jones Impact Binders,134.68,23.724400000000003,38.88888888888889
Fellowes Presentation Covers for Comb Binding Machines,133.86,21.825000000000003,40.0
Xerox 1959,133.6,60.6544,6.666666666666667
Eldon 200 Class Desk Accessories,133.136,39.187200000000004,2.857142857142857
OtterBox Defender Series Case - iPhone 5c,133.128,3.6979999999999995,30.000000000000004
"Adams Telephone Message Book W/Dividers/Space For Phone Numbers, 5 1/4""X8 1/2"", 300/Messages",132.888,60.9168,4.0
Hewlett-Packard 300S Scientific Calculator,131.1,60.306,0.0
"Acco Pressboard Covers with Storage Hooks, 14 7/8"" x 11"", Light Blue",131.097,18.4125,46.36363636363636
Xerox 1977,130.928,61.455999999999996,3.3333333333333335
Universal Premium White Copier/Laser Paper (20Lb. and 87 Bright),129.168,55.9728,8.0
Harmony HEPA Quiet Air Purifiers,128.7,37.44,10.0
OIC Binder Clips,128.164,60.144,2.857142857142857
Newell 325,128.03,29.736,10.000000000000002
PowerGen Dual USB Car Charger,127.87200000000001,52.3476,10.0
Newell 347,127.544,30.302400000000002,8.571428571428573
Xerox 230,127.008,56.2464,8.0
KLD Oscar II Style Snap-on Ultra Thin Side Flip Synthetic Leather Cover Case for HTC One HTC M7,126.36000000000001,36.644400000000005,0.0
"Wirebound Service Call Books, 5 1/2"" x 4""",125.84,60.4032,0.0
DAX Cubicle Frames - 8x10,125.786,20.772,12.0
"Manila Recycled Extra-Heavyweight Clasp Envelopes, 6"" x 9""",125.172,52.3746,15.000000000000002
Dell Slim USB Multimedia Keyboard,125.0,30.0,0.0
"Ampad Phone Message Book, Recycled, 400 Message Capacity, 5 ¾ x 11",124.8,56.16,0.0
Deflect-O Glasstique Clear Desk Accessories,124.74,37.037,6.666666666666667
Xerox 1928,124.608,49.104,10.0
"DXL Angle-View Binders with Locking Rings, Black",124.592,42.0498,20.0
"6"" Cubicle Wall Clock, Black",124.586,26.211599999999997,20.0
Panasonic KP-350BK Electric Pencil Sharpener with Auto Stop,124.488,26.2808,6.666666666666667
Xerox 21,124.416,43.5456,20.0
Avery Hi-Liter Smear-Safe Highlighters,123.80799999999999,34.105599999999995,10.000000000000002
"BIC Brite Liner Highlighters, Chisel Tip",123.12,30.5856,10.000000000000002
VariCap6 Expandable Binder,122.83,31.14,30.0
Xerox 1907,122.8,57.716,0.0
"Acco Four Pocket Poly Ring Binder with Label Holder, Smoke, 1""",122.18,7.450000000000001,40.00000000000001
Xerox 1995,121.82400000000001,47.6928,10.000000000000002
"Ink Jet Note and Greeting Cards, 8-1/2"" x 5-1/2"" Card Size",121.392,48.5568,6.666666666666667
Avery 519,121.34599999999999,51.6086,6.666666666666667
"Eldon Expressions Punched Metal & Wood Desk Accessories, Pewter & Cherry",121.296,21.7056,13.333333333333334
Crayola Colored Pencils,120.704,32.8,10.909090909090912
Xerox 227,120.528,46.3968,12.5
Xerox 232,120.528,56.505599999999994,5.0
"Wirebound Four 2-3/4 x 5 Forms per Page, 400 Sets per Book",119.97,47.601,13.333333333333334
Cardinal Slant-D Ring Binders,119.922,46.057,18.0
"Bush Saratoga Collection 5-Shelf Bookcase, Hanover Cherry, *Special Order",119.833,-12.6882,15.0
DAX Clear Channel Poster Frame,119.55600000000001,27.701999999999998,20.0
Cyber Acoustics AC-202b Speech Recognition Stereo Headset,119.508,-20.5242,16.0
"Message Book, Phone, Wirebound Standard Line Memo, 2 3/4"" X 5""",119.21000000000001,52.007,4.0
"BIC Brite Liner Grip Highlighters, Assorted, 5/Pack",118.72000000000001,43.7144,6.666666666666667
Newell 314,118.296,17.856,8.571428571428573
"Wilson Jones 1"" Hanging DublLock Ring Binders",117.744,-8.5536,50.0
"SlimView Poly Binder, 3/8""",117.586,5.697999999999999,45.714285714285715
"Electrix Incandescent Magnifying Lamp, Black",117.28,-16.4925,40.0
Strathmore Photo Frame Cards,116.96000000000001,53.8016,0.0
Avery Hole Reinforcements,116.501,14.8274,41.111111111111114
"Avery Durable Plastic 1"" Binders",116.224,37.5004,32.857142857142854
"Wirebound Message Books, Four 2 3/4 x 5 Forms per Page, 200 Sets per Book",115.434,47.223,6.666666666666667
Avery Printable Repositionable Plastic Tabs,115.24000000000001,42.312000000000005,23.333333333333336
Longer-Life Soft White Bulbs,115.192,44.7216,12.0
Wilson Jones Active Use Binders,115.024,37.0552,30.0
Xerox 1949,114.54,43.4256,15.000000000000002
Xerox 1971,113.848,47.936,10.000000000000002
Avery File Folder Labels,113.472,48.8448,10.76923076923077
DAX Solid Wood Frames,113.332,33.3157,6.666666666666667
Akro-Mils 12-Gallon Tote,113.202,21.548099999999998,10.0
Pressboard Hanging Data Binders for Unburst Sheets,112.66799999999999,-10.135200000000001,44.00000000000001
Xerox 213,111.456,50.8032,6.666666666666667
"Eldon Image Series Desk Accessories, Burgundy",111.18799999999999,28.2568,12.5
"Dixon Prang Watercolor Pencils, 10-Color Set with Brush",110.75999999999999,42.8982,5.714285714285714
SpineVue Locking Slant-D Ring Binders by Cardinal,110.59400000000001,6.032400000000001,38.75
Avery Heavy-Duty EZD  Binder With Locking Rings,110.48400000000001,29.2392,21.666666666666668
Self-Adhesive Removable Labels,110.25,52.919999999999995,0.0
Xerox 201,110.16000000000001,46.1376,8.0
Xerox 204,110.16,52.8768,0.0
"Eureka Recycled Copy Paper 8 1/2"" x 11"", Ream",110.16,46.137600000000006,13.333333333333334
"Rediform Wirebound ""Phone Memo"" Message Book, 11 x 5-3/4",110.016,43.7772,12.000000000000002
Recycled Premium Regency Composition Covers,110.01599999999999,39.880799999999994,20.000000000000004
Avery 516,109.64999999999999,51.5355,0.0
"Wirebound Message Books, Two 4 1/4"" x 5"" Forms per Page",109.584,49.084500000000006,3.3333333333333335
Xerox 1962,109.568,43.656,5.714285714285714
Dana Swing-Arm Lamps,108.936,-11.214,34.285714285714285
#10 Self-Seal White Envelopes,108.68200000000002,52.123,5.0
GBC Standard Plastic Binding Systems' Combs,108.644,5.023999999999999,42.5
"Wirebound Message Books, 2 7/8"" x 5"", 3 Forms per Page",108.416,44.985600000000005,6.666666666666667
"Eldon Expressions Desk Accessory, Wood Pencil Holder, Oak",108.08,6.755,20.0
3M Hangers With Command Adhesive,108.03999999999999,36.001000000000005,15.0
Micro Innovations Wireless Classic Keyboard with Mouse,107.964,9.5968,10.0
SanDisk Cruzer 16 GB USB Flash Drive,107.912,14.924000000000001,6.666666666666667
"Ampad Gold Fibre Wirebound Steno Books, 6"" x 9"", Gregg Ruled",106.72200000000001,47.187,5.0
Avery 518,106.47,49.14,5.0
HP Office Recycled Paper (20Lb. and 87 Bright),106.352,50.3438,5.0
"Array Parchment Paper, Assorted Colors",106.288,49.504000000000005,5.0
Belkin 7-Outlet SurgeMaster Home Series,106.172,2.7939999999999987,24.000000000000004
Avery Hanging File Binders,105.846,21.8868,25.0
Xerox 1900,105.28800000000001,44.083999999999996,8.571428571428573
Rosewill 107 Normal Keys USB Wired Standard Keyboard,105.14399999999999,0.8087999999999997,6.666666666666667
Xerox 211,104.976,40.9536,10.0
Samsung Replacement EH64AVFWE Premium Headset,104.5,17.875,8.0
Memorex Micro Travel Drive 4 GB,103.88,37.418,6.666666666666667
Avery Personal Creations Heavyweight Cards,103.86,37.8512,13.333333333333334
"Pressboard Covers with Storage Hooks, 9 1/2"" x 11"", Light Blue",102.619,-11.882200000000003,45.0
Boston 16765 Mini Stand Up Battery Pencil Sharpener,102.608,16.323999999999998,10.0
"TOPS 4 x 6 Fluorescent Color Memo Sheets, 500 Sheets per Pack",102.49199999999999,37.1059,13.333333333333334
Fellowes Black Plastic Comb Bindings,102.256,-4.415600000000001,41.111111111111114
Acme Titanium Bonded Scissors,102.0,20.23,8.0
Hewlett-Packard Deskjet F4180 All-in-One Color Ink-jet - Printer / copier / scanner,101.994,-71.3958,70.0
"Linden 12"" Wall Clock With Oak Frame",101.94,30.582,0.0
Xerox 1970,101.592,43.5252,6.666666666666667
Zebra Zazzle Fluorescent Highlighters,100.928,20.672,16.666666666666664
Wilson Jones Snap Scratch Pad Binder Tool for Ring Binders,100.92,30.739999999999995,20.0
Cardinal Holdit Data Disk Pockets,100.464,38.7296,13.333333333333334
Wilson Jones 14 Line Acrylic Coated Pressboard Data Binders,100.392,35.297399999999996,17.5
Prang Drawing Pencil Set,100.08,27.0772,7.272727272727273
Xerox Blank Computer Paper,99.9,46.953,0.0
"Avery Framed View Binder, EZD Ring (Locking), Navy, 1 1/2""",99.8,-0.6985999999999981,45.0
Pressboard Data Binders by Wilson Jones,99.324,22.9086,32.5
Portfile Personal File Boxes,99.11999999999999,7.434,20.0
"Telephone Message Books with Fax/Mobile Section, 5 1/2"" x 3 3/16""",99.06,40.767,6.666666666666667
"GE 4 Foot Flourescent Tube, 40 Watt",98.868,42.2436,6.666666666666667
Xerox 1999,98.49600000000001,41.2128,8.571428571428573
Eldon Executive Woodline II Cherry Finish Desk Accessories,98.13600000000001,-78.5088,60.0
"Executive Impressions 14"" Contract Wall Clock with Quartz Movement",97.812,-1.7783999999999978,40.0
Fiskars Home & Office Scissors,97.68,27.3504,0.0
Xerox 1952,97.60799999999999,44.82,5.0
Xerox 219,97.2,46.656,0.0
Xerox 228,97.2,46.656,0.0
Avery 495,97.02,42.588,5.0
Newell 341,96.728,26.8356,2.857142857142857
Wilson Jones Standard D-Ring Binders,96.646,26.9192,32.49999999999999
Sabrent 4-Port USB 2.0 Hub,96.418,29.197,5.0
Dax Clear Box Frame,96.03,15.364799999999999,20.0
"Dixon My First Ticonderoga Pencil, #2",95.94,17.0235,15.000000000000002
Xerox 224,95.904,38.620799999999996,10.000000000000002
Xerox 210,95.904,35.2512,16.666666666666664
Xerox 1957,95.904,39.7224,10.000000000000002
Avery 51,95.75999999999999,41.328,4.0
Avery White Multi-Purpose Labels,95.616,41.832,5.0
Acme Elite Stainless Steel Scissors,95.076,21.0168,8.0
Newell 31,94.99000000000001,23.6236,4.0
"Adams Phone Message Book, Professional, 400 Message Capacity, 5 3/6 x 11",94.928,43.1364,6.666666666666667
DIXON Ticonderoga Erasable Checking Pencils,94.86,26.784,11.428571428571429
Xerox 1923,94.856,39.2784,8.0
Storex DuraTech Recycled Plastic Frosted Binders,94.128,11.448,50.0
Acrylic Self-Standing Desk Frames,93.984,32.7342,7.500000000000001
Avery 513,93.624,34.4616,8.0
Eldon Expressions Mahogany Wood Desk Collection,93.6,23.4,0.0
"Tensor ""Hersey Kiss"" Styled Floor Lamp",93.52799999999999,2.0784000000000002,6.666666666666667
"Snap-A-Way Black Print Carbonless Speed Message, No Reply Area, Duplicate",93.248,31.4712,20.0
"Redi-Strip #10 Envelopes, 4 1/8 x 9 1/2",93.22,39.53,11.428571428571429
Newell 35,93.152,23.288,6.666666666666668
Presstex Flexible Ring Binders,92.82000000000001,24.57,35.0
Xerox 196,92.48,39.4196,10.0
Xerox 1987,92.48,45.3152,0.0
OIC Bulk Pack Metal Binder Clips,92.136,35.598,12.5
Avery Binding System Hidden Tab Executive Style Index Sets,91.743,16.733,36.25
Acco Translucent Poly Ring Binders,91.728,16.286399999999997,31.25
Hoover Commercial Soft Guard Upright Vacuum And Disposable Filtration Bags,91.68599999999999,-10.4118,25.0
Akro Stacking Bins,91.524,-6.9432,10.000000000000002
Penpower WorldCard Pro Card Scanner,91.475,-1.8295,50.0
"Acco Pressboard Covers with Storage Hooks, 9 1/2"" x 11"", Executive Red",91.44,34.8996,15.555555555555555
Avery 481,91.16799999999999,43.12,4.0
"Bush Westfield Collection Bookcases, Dark Cherry Finish, Fully Assembled",90.882,-190.8522,70.0
Acme Preferred Stainless Steel Scissors,90.88,26.3552,0.0
Fluorescent Highlighters by Dixon,90.744,22.4472,12.000000000000002
Avery 48,90.72,39.69,6.666666666666667
Avery Durable Slant Ring Binders With Label Holder,90.706,12.456400000000002,48.88888888888889
Prang Colored Pencils,90.552,38.808,5.714285714285714
Xerox 1956,89.7,40.9032,10.0
Xerox 1920,89.7,40.365,0.0
"Avery Durable Slant Ring Binders, No Labels",89.55,13.611600000000001,36.666666666666664
Xerox 1967,89.424,38.88,8.0
"RSVP Cards & Envelopes, Blank White, 8-1/2"" X 11"", 24 Cards/25 Envelopes/Set",89.408,38.2524,10.000000000000002
Avery 480,89.25,42.45,3.3333333333333335
Acme Design Stainless Steel Bent Scissors,88.92,24.0084,0.0
"Binney & Smith Crayola Metallic Colored Pencils, 8-Color Set",88.896,26.854,5.714285714285714
Avery 478,88.38,43.3062,0.0
Manco Dry-Lighter Erasable Highlighter,88.16,27.968,2.857142857142857
"TOPS Money Receipt Book, Consecutively Numbered in Red,",88.11,39.6495,0.0
AmazonBasics 3-Button USB Wired Mouse,88.074,32.2938,8.0
"Bravo II Megaboss 12-Amp Hard Body Upright, Replacement Belts, 2 Belts per Pack",87.75,20.8325,12.000000000000002
Advantus Map Pennant Flags and Round Head Tacks,87.69,20.54,6.666666666666667
Cardinal Holdit Business Card Pockets,87.648,22.908,23.75
Advantus Panel Wall Acrylic Frame,87.52,25.162,20.0
Avery 508,87.398,39.8201,6.666666666666667
Avery Durable Binders,87.264,13.823999999999998,33.33333333333333
HP Office Paper (20Lb. and 87 Bright),86.84,38.2096,10.0
Newell 333,86.736,18.848399999999998,5.454545454545456
Xerox 1992,86.11200000000001,40.364999999999995,5.0
BIC Brite Liner Highlighters,86.112,30.8844,8.571428571428573
Boston 16701 Slimline Battery Pencil Sharpener,86.076,19.128,10.0
"C-Line Peel & Stick Add-On Filing Pockets, 8-3/4 x 5-1/8, 10/Pack",85.995,15.0969,40.0
Prestige Round Ring Binders,85.728,18.0576,37.5
Xerox 229,85.536,34.992000000000004,13.333333333333334
Xerox 1986,85.50399999999999,40.3472,5.0
"Acco Recycled 2"" Capacity Laser Printer Hanging Data Binders",85.25500000000001,8.670000000000002,47.5
Xerox 1932,85.056,28.7064,20.0
Avery 487,84.87,35.9775,5.714285714285714
"Westinghouse Mesh Shade Clip-On Gooseneck Lamp, Black",84.84,22.0584,0.0
Magna Visual Magnetic Picture Hangers,84.83200000000001,28.0524,10.000000000000002
Xerox 1954,84.48,32.208,10.0
Avery 512,84.388,35.3736,8.0
Xerox 200,84.24000000000001,33.696,12.000000000000002
Xerox 2000,84.24000000000001,37.0656,8.0
"Hunt BOSTON Vista Battery-Operated Pencil Sharpener, Black",83.952,15.857600000000001,15.000000000000002
Belkin iPhone and iPad Lightning Cable,83.944,6.2958,20.0
"Eureka Sanitaire  Multi-Pro Heavy-Duty Upright, Disposable Bags",83.904,12.7604,12.000000000000002
Southworth Parchment Paper & Envelopes,83.712,30.738,13.333333333333334
Avery 483,83.664,32.569199999999995,10.000000000000002
"Master Giant Foot Doorstop, Safety Yellow",83.49,31.5744,6.666666666666667
"Verbatim 25 GB 6x Blu-ray Single Layer Recordable Disc, 1/Pack",83.44,11.473,20.000000000000004
Newell Chalk Holder,83.426,36.5918,5.714285714285714
3M Organizer Strips,83.16,10.151999999999997,38.57142857142857
Avery Durable Poly Binders,82.95,-15.5946,53.333333333333336
OIC Stacking Trays,82.832,26.720000000000002,16.666666666666664
Newell 351,82.656,22.107200000000002,2.857142857142857
Things To Do Today Spiral Book,82.368,29.8584,20.000000000000004
Xerox 1902,82.22399999999999,32.8896,10.0
Zipper Ring Binder Pockets,81.744,11.7312,37.6923076923077
"Premium Writing Pencils, Soft, #2 by Central Association for the Blind",81.652,19.4296,8.571428571428573
Acme Stainless Steel Office Snips,81.424,12.4317,10.0
Newell 320,81.32,9.4588,17.142857142857146
G.E. Longer-Life Indoor Recessed Floodlight Bulbs,81.00800000000001,25.763199999999998,23.333333333333332
"Adams Telephone Message Books, 5 1/4 x 11",80.936,32.918,16.0
"Verbatim Slim CD and DVD Storage Cases, 50/Pack",80.78,16.156,10.0
"Quartet Omega Colored Chalk, 12/Pack",80.592,34.164,8.571428571428573
Tuff Stuff Recycled Round Ring Binders,80.494,23.955399999999997,27.77777777777778
Xerox 221,80.352,33.1776,10.0
Newell 317,79.968,13.1712,11.428571428571429
Eldon File Chest Portable File,79.4,5.955,20.0
QVS USB Car Charger 2-Port 2.1Amp for iPod/iPhone/iPad/iPad 2/iPad 3,79.22999999999999,29.537499999999998,16.0
Xerox 1946,79.05600000000001,35.2512,6.666666666666667
Xerox 1966,79.056,32.7888,10.000000000000002
Xerox 231,79.056,31.8816,12.000000000000002
Avery 474,78.336,34.272,11.11111111111111
Sterilite Show Offs Storage Containers,78.144,-6.336,8.0
Avery Poly Binder Pockets,78.044,14.749600000000001,25.0
Fashion Color Clasp Envelopes,77.904,36.5175,6.666666666666667
Bulldog Table or Wall-Mount Pencil Sharpener,77.87,22.582299999999996,0.0
Xerox 193,77.74000000000001,38.0926,0.0
Plymouth Boxed Rubber Bands by Plymouth,77.244,-3.297,8.0
Xerox 1963,77.088,27.72,13.333333333333334
"Memo Book, 100 Message Capacity, 5 3/8 x 11",76.836,36.396,6.666666666666667
Acme Value Line Scissors,76.64999999999999,20.44,6.000000000000001
Xerox 1994,76.464,32.6592,10.0
"Geographics Note Cards, Blank, White, 8 1/2"" x 11""",76.092,29.5416,13.333333333333334
Newell 328,75.92,19.7392,0.0
Xerox 198,75.696,33.4656,6.666666666666667
Rogers Handheld Barrel Pencil Sharpener,75.62400000000001,15.618,5.714285714285714
Fiskars Spring-Action Scissors,75.492,13.4208,10.0
"SmartStand Mobile Device Holder, Assorted Colors",75.49199999999999,10.0656,13.333333333333334
"Eldon 200 Class Desk Accessories, Black",75.36,28.6368,0.0
"Dixon Ticonderoga Erasable Colored Pencil Set, 12-Color",75.348,20.0928,10.0
Newell 331,75.306,14.6211,10.0
Xerox 22,75.168,31.3632,6.666666666666667
KeyTronic KT800P2 - Keyboard - Black,75.1,1.2015999999999998,13.333333333333334
Tops Wirebound Message Log Books,73.696,29.281,6.666666666666667
"Sanford Colorific Colored Pencils, 12/Box",73.152,20.736,4.0
XtraLife ClearVue Slant-D Ring Binders by Cardinal,72.912,-13.328,50.0
"Adams ""While You Were Out"" Message Pads",72.848,31.400000000000002,4.0
"Universal Recycled Hanging Pressboard Report Binders, Letter Size",72.806,8.638000000000002,48.0
Southworth Structures Collection,72.8,36.4,0.0
Stacking Trays by OIC,72.708,9.3126,23.333333333333332
"Wirebound Message Books, 5-1/2 x 4 Forms, 2 or 4 Forms per Page",72.25200000000001,31.3092,13.333333333333334
Ibico Presentation Index for Binding Systems,72.038,15.084200000000001,27.142857142857142
"Vtech AT&T CL2940 Corded Speakerphone, Black",71.976,24.2919,20.0
GBC Instant Index System for Binding Systems,71.928,-12.431999999999999,48.0
#6 3/4 Gummed Flap White Envelopes,71.28,24.947999999999997,20.0
Smead Alpha-Z Color-Coded Name Labels First Letter Starter Set,71.25,32.25,8.0
Xerox 1981,70.752,30.096,5.0
"TOPS ""Important Message"" Pads, Canary, 4-1/4 x 5-1/2, 50 Sheets per Pad",70.19200000000001,31.629199999999997,6.666666666666667
Xerox 1975,69.98400000000001,30.3264,8.0
Recycled Pressboard Report Cover with Reinforced Top Hinge,69.768,13.759799999999998,36.25
Stockwell Push Pins,69.76,20.0996,7.500000000000001
Xerox 1899,69.36,28.090799999999998,12.000000000000002
Woodgrain Magazine Files by Perma,69.136,2.6224,6.666666666666667
GBC Plasticlear Binding Covers,68.88,-68.4208,72.85714285714285
Avery 52,68.634,31.4757,3.3333333333333335
Newell 336,68.48,13.781600000000001,10.0
"Recycled Interoffice Envelopes with Re-Use-A-Seal Closure, 10 x 13",68.28,23.0445,20.0
Avoid Verbal Orders Carbonless Minifold Book,68.276,29.9468,4.0
Avery Non-Stick Heavy Duty View Round Locking Ring Binders,68.17200000000001,30.8568,6.666666666666667
Poly String Tie Envelopes,68.136,30.293999999999997,7.272727272727273
Barrel Sharpener,67.83000000000001,17.6358,0.0
Xerox 1897,67.72800000000001,27.0912,15.000000000000002
"Acco PRESSTEX Data Binder with Storage Hooks, Light Blue, 9 1/2"" X 11""",67.25,19.6908,26.0
Acco Hot Clips Clips to Go,67.116,25.497500000000002,13.333333333333334
Newell 332,67.032,15.5232,4.0
Avery 49,66.816,31.564799999999998,3.3333333333333335
Wilson Jones data.warehouse D-Ring Binders with DublLock,66.663,15.307799999999999,40.0
Insertable Tab Post Binder Dividers,66.566,-39.699,57.49999999999999
"Executive Impressions 8-1/2"" Career Panel/Partition Cubicle Clock",66.56,18.512,10.0
Avery 501,66.42,23.3946,17.5
GBC ProClick Spines for 32-Hole Punch,66.40899999999999,-13.2818,44.00000000000001
Avery 506,66.08,28.166600000000003,6.666666666666667
"Acco Clips to Go Binder Clips, 24 Clips in Two Sizes",66.03,30.2815,4.0
Newell 321,65.6,14.3664,10.0
Newell 348,65.6,9.7088,16.666666666666664
Pastel Pink Envelopes,65.52,31.4496,0.0
Avery Fluorescent Highlighter Four-Color Set,65.464,9.352,17.5
Cush Cases Heavy Duty Rugged Cover Case for Samsung Galaxy S5 - Purple,65.34,3.9105000000000003,20.000000000000004
Stackable Trays,65.29599999999999,17.1248,8.571428571428573
Newell 343,65.268,13.7592,5.714285714285714
ACCOHIDE Binder by Acco,65.254,19.287100000000002,22.499999999999996
Xerox 1927,65.056,22.683999999999997,12.000000000000002
Belkin Grip Candy Sheer Case / Cover for iPhone 5 and 5S,64.972,12.994399999999999,6.666666666666667
"Black Print Carbonless 8 1/2"" x 8 1/4"" Rapid Memo Book",64.06400000000001,20.8208,20.0
Advantus T-Pin Paper Clips,64.042,20.0244,12.000000000000002
Ultra Commercial Grade Dual Valve Door Closer,63.824,9.5736,20.0
"Acco Pressboard Covers with Storage Hooks, 14 7/8"" x 11"", Executive Red",63.627,-13.906500000000001,56.25
Shocksock Galaxy S4 Armband,63.51,-10.074,13.333333333333334
"Acco PRESSTEX Data Binder with Storage Hooks, Dark Blue, 9 1/2"" X 11""",62.946,-0.16139999999999866,55.00000000000001
Peel & Seel Envelopes,62.856,26.5392,10.0
G.E. Halogen Desk Lamp Bulbs,62.82,22.8944,16.0
Avery 515,62.650000000000006,29.445500000000003,0.0
"Post-it Important Message Note Pad, Neon Colors, 50 Sheets/Pad",62.608000000000004,28.537599999999998,10.0
Newell 350,62.32,15.744000000000002,6.666666666666667
Park Ridge Embossed Executive Business Envelopes,62.28,29.2716,0.0
Wilson Jones Four-Pocket Poly Binders,62.13,5.4282,42.5
Hoover Portapower Portable Vacuum,61.824,1.3439999999999994,30.0
Newell 318,61.716,14.4004,4.0
Anker 24W Portable Micro USB Car Charger,61.544,14.0672,30.000000000000004
Newell 311,61.438,13.039,7.500000000000001
Xerox 206,60.912000000000006,23.846400000000003,16.0
Xerox 1924,60.112,24.7384,15.000000000000002
Spiral Phone Message Books with Labels by Adams,60.032000000000004,25.759999999999998,5.0
NETGEAR RangeMax WNR1000 Wireless Router,59.976,11.9952,20.0
"Acco Pressboard Covers with Storage Hooks, 14 7/8"" x 11"", Dark Blue",59.817,13.1826,30.0
Newell 330,59.800000000000004,11.1228,5.0
"Crayola Anti Dust Chalk, 12/Pack",59.696,24.661,8.571428571428573
"Master Caster Door Stop, Large Brown",59.696,14.56,20.0
"Boston 1827 Commercial Additional Cutter, Drive Gear & Gear Rack for 1606",59.489999999999995,17.847,0.0
"Executive Impressions 16-1/2"" Circular Wall Clock",58.784,-1.0687999999999995,30.0
Ideal Clamps,58.692,24.8637,10.0
Convenience Packs of Business Envelopes,58.644,24.109199999999998,10.000000000000002
Avery 500,58.48,27.4856,0.0
Rubber Band Ball,58.344,-0.29920000000000013,5.0
Xerox 223,58.32,27.9936,0.0
Xerox 1974,57.408,26.91,5.0
Binder Posts,57.4,7.806399999999999,45.0
Xerox 199,57.352,19.688,15.000000000000002
Avery 511,56.672,24.64,10.000000000000002
Avery 494,56.376000000000005,23.9598,10.000000000000002
Xerox 1965,56.212,25.714,5.0
"SKILCRAFT Telephone Shoulder Rest, 2"" x 6.5"" x 2.5"", Black",56.164,13.006400000000001,6.666666666666667
"Executive Impressions 13-1/2"" Indoor/Outdoor Wall Clock",56.099999999999994,21.317999999999998,0.0
"Hoover Replacement Belts For Soft Guard & Commercial Ltweight Upright Vacs, 2/Pk",56.09,3.475999999999999,20.0
Avery 493,55.974000000000004,23.4207,10.0
Xerox 1921,55.944,17.4825,20.000000000000004
GBC Standard Plastic Binding Systems Combs,55.755,-2.9205000000000014,50.0
Advantus Push Pins,54.936,20.2086,5.714285714285714
Array Memo Cubes,54.908,25.848200000000002,6.666666666666667
"Important Message Pads, 50 4-1/4 x 5-1/2 Forms per Pad",54.599999999999994,22.47,10.0
Imation Swivel Flash Drive USB flash drive - 8 GB,54.57599999999999,17.6235,10.0
"Mead 1st Gear 2"" Zipper Binder, Asst. Colors",54.474000000000004,-3.891,53.333333333333336
Xerox 208,54.432,24.105600000000003,10.0
Ampad #10 Peel & Seel Holiday Envelopes,53.760000000000005,25.8048,0.0
Avery 492,53.568,22.464,8.0
"Eldon Imàge Series Desk Accessories, Clear",53.46,6.3666,26.666666666666668
GBC VeloBinder Strips,52.992,-23.808,55.00000000000001
EcoTones Memo Sheets,52.8,21.6,6.666666666666667
Anderson Hickey Conga Table Tops & Accessories,51.782,-17.514499999999998,30.000000000000004
Colorific Watercolor Pencils,51.6,11.3004,6.666666666666667
Wilson Jones Easy Flow II Sheet Lifters,51.480000000000004,5.616,38.33333333333333
Avery Durable Slant Ring Binders,51.480000000000004,-23.76,61.999999999999986
"Message Book, Standard Line ""While You Were Out"", 5 1/2"" X 4"", 200 Sets/Book",51.36,24.139200000000002,0.0
Newell 3-Hole Punched Plastic Slotted Magazine Holders for Binders,51.184000000000005,3.6559999999999997,43.33333333333333
"Telephone Message Books with Fax/Mobile Section, 4 1/4"" x 6""",51.120000000000005,21.96,6.666666666666667
Avery 488,51.03,23.184,6.666666666666667
Colored Envelopes,50.922,19.0404,12.000000000000002
"Eldon Spacemaker Box, Quick-Snap Lid, Clear",50.768,9.285200000000001,16.666666666666664
"Commercial WindTunnel Clean Air Upright Vacuum, Replacement Belts, Filtration Bags",50.57,1.6338000000000008,22.857142857142858
Avery 496,50.25,22.95,10.0
Wausau Papers Astrobrights Colored Envelopes,50.232,22.7838,6.666666666666667
"While You Were Out Pads, 50 per Pad, 4 x 5 1/4, Green Cycle",50.138000000000005,18.7781,15.000000000000002
"1/4 Fold Party Design Invitations & White Envelopes, 24 8-1/2"" X 11"" Cards, 25 Env./Pack",49.980000000000004,22.7115,10.0
Xerox 1896,49.95,22.4775,0.0
Xerox 1950,49.708,23.177799999999998,6.666666666666667
"TOPS Voice Message Log Book, Flash Format",49.504,20.372799999999998,13.333333333333334
Xerox 218,49.248000000000005,22.2912,8.0
Blackstonian Pencils,49.128,12.6024,5.0
American Pencil,48.93,14.189699999999998,0.0
Eldon Image Series Black Desk Accessories,48.852,17.0568,4.0
Smead Alpha-Z Color-Coded Second Alphabetical Labels and Starter Set,48.048,22.4224,4.0
Revere Boxed Rubber Bands by Revere,48.006,-5.707800000000001,10.000000000000002
Newell 33,47.988,8.37,13.333333333333334
Avery 514,47.808,22.8384,5.0
"Master Caster Door Stop, Gray",47.752,14.224,15.0
"Holmes Visible Mist Ultrasonic Humidifier with 2.3-Gallon Output per Day, Replacement Filter",47.544000000000004,10.188,40.0
Newell 32,47.232,11.9808,3.3333333333333335
"Sanford Colorific Scented Colored Pencils, 12/Pack",47.080000000000005,14.5948,0.0
Xerox 1953,47.08,18.832,10.0
Newell 316,46.944,8.2152,10.0
Xerox 1998,46.656,16.3296,20.0
Avery 520,46.62,22.05,4.0
"Stacking Tray, Side-Loading, Legal, Smoke",46.592,-2.8672000000000004,25.0
Xerox 1972,46.464,17.424,12.000000000000002
Advantus SlideClip Paper Clips,46.376000000000005,19.778,6.666666666666667
Decoflex Hanging Personal Folder File,46.26,12.0276,0.0
"Sanford Colorific Eraseable Coloring Pencils, 12 Count",45.919999999999995,17.876,5.0
Newell 344,45.592,8.5624,6.666666666666667
"Black Avery Memo-Size 3-Ring Binder, 5 1/2"" x 8 1/2""",45.507999999999996,15.5608,27.500000000000004
Avery 491,45.43,18.6676,13.333333333333334
"GE General Purpose, Extra Long Life, Showcase & Floodlight Incandescent Bulbs",45.396,14.549999999999999,22.857142857142858
Xerox 215,45.36,21.7728,0.0
"Binney & Smith inkTank Desk Highlighter, Chisel Tip, Yellow, 12/Box",45.15,13.459,8.0
"Acme Design Line 8"" Stainless Steel Bent Scissors w/Champagne Handles, 3-1/8"" Cut",45.144,10.1916,6.666666666666667
Document Clip Frames,45.036,16.0128,10.0
DIXON Oriole Pencils,44.891999999999996,8.617199999999999,10.000000000000002
Permanent Self-Adhesive File Folder Labels for Typewriters by Universal,44.37,19.000799999999998,3.3333333333333335
Avery 517,44.28,18.8559,5.0
Acme Kleen Earth Office Shears,44.232,11.1744,8.0
Kingston Digital DataTraveler 8GB USB 2.0,44.03,-2.0229999999999997,13.333333333333334
Accohide Poly Flexible Ring Binders,43.758,-19.822000000000003,53.75
Boston 16750 Black Compact Battery Pencil Sharpener,43.75,13.125,0.0
Disposable Triple-Filter Dust Bags,43.7,11.362,0.0
Acme Rosewood Handle Letter Opener,43.67,-3.4936000000000003,6.666666666666667
Nontoxic Chalk,42.944,18.2336,7.500000000000001
Newell 349,42.64,10.0368,6.666666666666667
Imation USB 2.0 Swivel Flash Drive USB flash drive - 4 GB - Pink,42.42,8.9082,0.0
Acco Hanging Data Binders,41.91,8.2296,32.85714285714286
Texas Instrument TI-15 Fraction Calculator,41.905,-20.519,44.99999999999999
Acco Side-Punched Conventional Columnar Pads,41.64,-7.8075,20.0
Wilson Jones Custom Binder Spines & Labels,41.344,-19.692800000000002,62.85714285714285
"#10 Gummed Flap White Envelopes, 100/Box",41.3,16.7678,10.0
"Adams Write n' Stick Phone Message Book, 11"" X 5 1/4"", 200 Messages",40.896,16.3584,6.666666666666667
"Acco Banker's Clasps, 5 3/4""-Long",40.896,18.0,8.0
Cardinal Poly Pocket Divider Pockets for Ring Binders,40.32,12.6,20.0
Xerox 207,40.176,16.5888,10.0
Newell 327,39.78,10.7406,0.0
"Eldon Regeneration Recycled Desk Accessories, Black",39.688,13.116399999999999,6.666666666666667
Angle-D Ring Binders,39.384,-1.9691999999999994,53.333333333333336
Prang Dustless Chalk Sticks,38.976,18.816,7.500000000000001
Acco Expandable Hanging Binders,38.918,1.0208000000000004,35.0
Newell 310,38.72,7.48,11.428571428571429
Acco Suede Grain Vinyl Round Ring Binder,38.641999999999996,-4.8928,53.75
Cardinal Hold-It CD Pocket,38.304,-12.4488,50.0
Acco 6 Outlet Guardian Basic Surge Suppressor,38.272,-3.6608,40.0
"Chromcraft Training Table, Adjustable Height",38.144,-87.736,80.0
"Ampad Poly Cover Wirebound Steno Book, 6"" x 9"" Assorted Colors, Gregg Ruled",38.136,15.663,5.0
Peel & Stick Add-On Corner Pockets,38.016,4.32,40.0
Southworth 25% Cotton Granite Paper & Envelopes,37.932,13.2108,13.333333333333334
Col-Erase Pencils with Erasers,37.696,7.478400000000001,10.0
Dixon Ticonderoga Pencils,37.548,9.2678,6.666666666666667
Turquoise Lead Holder with Pocket Clip,37.52,10.586,6.666666666666667
Eldon Pizzaz Desk Accessories,37.464,13.736799999999999,10.0
Durable Pressboard Binders,37.239999999999995,15.085999999999999,10.0
Faber Castell Col-Erase Pencils,37.164,14.083200000000001,8.0
Xerox 1990,36.96,13.728,10.0
Avery Round Ring Poly Binders,36.919999999999995,12.2972,30.0
Eldon Jumbo ProFile Portable File Boxes Graphite/Black,36.744,3.6744,20.0
Letter or Legal Size Expandable Poly String Tie Envelopes,36.708,15.0024,10.0
Newell 326,36.608,7.8671999999999995,6.666666666666667
Eldon 100 Class Desk Accessories,36.396,-4.852800000000001,30.0
Xerox 1976,36.288,12.700800000000001,20.0
Contemporary Borderless Frame,36.162,3.6162,30.0
Binder Clips by OIC,36.112,15.3328,11.428571428571429
"Wirebound Message Forms, Four 2 3/4 x 5 Forms per Page, Pink Paper",35.948,14.2975,10.0
Regeneration Desk Collection,35.904,15.206399999999999,4.0
Wilson Jones DublLock D-Ring Binders,35.775,15.525,35.0
Plastic Stacking Crates & Casters,35.712,2.6784,20.0
Acme Kleencut Forged Steel Scissors,35.587999999999994,7.462,13.333333333333334
Avery 498,35.258,15.3459,6.666666666666667
Xerox 1926,34.86,16.3842,0.0
Economy #2 Pencils,34.58,8.9908,0.0
Newell 335,34.56,10.022400000000001,0.0
Assorted Color Push Pins,34.39,8.923300000000001,10.0
Xerox 1980,34.24,15.408,0.0
"Eldon Regeneration Recycled Desk Accessories, Smoke",33.756,8.9088,8.0
"Super Bands, 12/Pack",33.480000000000004,-2.604,10.0
"Pressboard Data Binder, Crimson, 12"" X 8 1/2""",33.108000000000004,7.1556,36.66666666666667
Hammermill CopyPlus Copy Paper (20Lb. and 84 Bright),32.868,15.0894,6.666666666666667
Wilson Jones Hanging Recycled Pressboard Data Binders,32.647999999999996,1.7807999999999993,44.99999999999999
Xerox 1958,32.400000000000006,15.552,0.0
Avery 509,32.364,14.0418,5.0
Avery Hidden Tab Dividers for Binding Systems,31.588,-7.032800000000001,61.42857142857142
Newell 346,31.104,8.6112,4.0
"OIC #2 Pencils, Medium Soft",30.832,8.1404,5.714285714285714
"Sanford Uni-Blazer View Highlighters, Chisel Tip, Yellow",30.8,13.552,0.0
Newell 322,30.576,6.6612,6.666666666666667
Hammermill Color Copier Paper (28Lb. and 96 Bright),29.97,13.4865,0.0
Economy Binders,29.952,9.7968,30.000000000000004
Round Ring Binders,29.952,-0.9152000000000005,46.666666666666664
Plantronics Single Ear Headset,29.925,-21.945,70.0
Xerox 1983,29.900000000000002,14.651,0.0
Xerox 190,29.88,14.0436,0.0
Jiffy Padded Mailers with Self-Seal Closure,29.808,10.8054,20.0
"Eldon 300 Class Desk Accessories, Black",29.7,13.068000000000001,0.0
"Alliance Big Bands Rubber Bands, 12/Pack",29.7,0.0,0.0
"Sanford EarthWrite Recycled Pencils, Medium Soft, #2",29.4,8.232,0.0
Pencil and Crayon Sharpener,29.346,3.7668,15.000000000000002
Rediform Voice Mail Log Books,29.204,12.1584,10.0
UniKeep View Case Binders,28.851,-5.4768,50.0
Avery Reinforcements for Hole-Punch Pages,28.512,-16.137,57.49999999999999
Newell 313,28.208,4.264,13.333333333333334
"Ampad Evidence Wirebond Steno Books, 6"" x 9""",27.468,11.2924,10.0
Sony 8GB Class 10 Micro SDHC R40 Memory Card,27.192,0.3399,20.0
SanDisk Cruzer 8 GB USB Flash Drive,27.168,-1.3584,20.0
Newell 339,26.688000000000002,6.116,6.666666666666667
Self-Adhesive Address Labels for Typewriters with Dispenser Box,26.568,8.9667,20.0
"Avery Hi-Liter GlideStik Fluorescent Highlighter, Yellow Ink",26.08,9.6496,10.0
Avery Binder Labels,26.063,9.8806,22.499999999999996
"Binney & Smith inkTank Erasable Pocket Highlighter, Chisel Tip, Yellow",25.992,10.6704,6.666666666666667
SanDisk Cruzer 4 GB USB Flash Drive,25.96,5.5165,20.0
Newell 340,25.92,7.5168,0.0
Xerox 1985,25.92,9.072,20.0
"Avery Triangle Shaped Sheet Lifters, Black, 2/Pack",25.830000000000002,-4.92,61.66666666666667
Bagged Rubber Bands,25.704,0.3024,4.0
"""While you Were Out"" Message Book, One Form per Page",25.228,10.388,13.333333333333334
Colored Push Pins,24.978,7.602,8.0
Translucent Push Pins by OIC,24.552,5.841,13.333333333333334
Newell 329,24.272,4.8544,10.0
BIC Brite Liner Grip Highlighters,24.272,8.937999999999999,8.0
Avery 507,24.192,8.64,10.0
Avery 497,24.023999999999997,11.211200000000002,10.0
Serrated Blade or Curved Handle Hand Letter Openers,23.864,-4.1133999999999995,10.0
Newell 338,23.52,6.3504000000000005,0.0
"Dixon Ticonderoga Maple Cedar Pencil, #2",23.332,4.912000000000001,6.666666666666667
Self-Adhesive Ring Binder Labels,22.88,2.3584000000000005,42.5
Sanford Pocket Accent Highlighters,22.4,9.632,0.0
Avery 510,21.75,8.1,13.333333333333334
Newell 323,21.168,3.7632000000000003,6.666666666666667
"Avery 05222 Permanent Self-Adhesive File Folder Labels for Typewriters, on Rolls, White, 250/Roll",20.65,9.498999999999999,0.0
Avery Hi-Liter Fluorescent Desk Style Markers,20.279999999999998,7.5036000000000005,0.0
Rediform S.O.S. Phone Message Books,19.92,9.7608,0.0
Sterling Rubber Bands by Alliance,19.782,-3.768,10.0
Nu-Dell EZ-Mount Plastic Wall Frames,19.7,0.7879999999999998,30.0
Acco Glide Clips,19.6,9.604,0.0
Newell 307,19.292,3.5672,6.666666666666667
Maxell 4.7GB DVD-R 5/Pack,19.008,7.3656,8.0
Unpadded Memo Slips,18.308,8.358,10.0
Loose Memo Sheets,18.25,8.5775,0.0
12 Colored Short Pencils,18.2,3.016,13.333333333333334
Hoover Commercial Lightweight Upright Vacuum,18.096,-2.5056000000000003,50.0
"Stride Job 150 Highlighters, Chisel Tip, Assorted Colors",17.94,6.4584,0.0
"Binney & Smith inkTank Erasable Desk Highlighter, Chisel Tip, Yellow, 12/Box",17.64,5.7456,13.333333333333334
Avery 502,17.64,6.174,20.000000000000004
Insertable Tab Indexes For Data Binders,17.49,-4.8336,60.0
Xerox 1901,16.896,5.28,20.0
Avery 479,16.704,6.8382,6.666666666666667
Wilson Jones Suede Grain Vinyl Binders,16.401999999999997,5.0596,23.333333333333332
"Binney & Smith Crayola Metallic Crayons, 16-Color Pack",16.176000000000002,6.739999999999999,10.0
Maxell CD-R Discs,15.76,3.7036,13.333333333333334
"OIC Binder Clips, Mini, 1/4"" Capacity, Black",15.624,7.0804,4.0
"Universal Ultra Bright White Copier/Laser Paper, 8 1/2"" x 11"", Ream",15.552,5.6376,20.0
"Quartet Alpha White Chalk, 12/Pack",15.469999999999999,6.0996,10.0
Wirebound Voice Message Log Book,15.232,4.9504,20.0
Boston 1900 Electric Pencil Sharpener,14.98,4.494,0.0
Color-Coded Legal Exhibit Labels,14.73,7.2177,0.0
SANFORD Liquid Accent Tank-Style Highlighters,14.2,4.401999999999999,0.0
Acme Serrated Blade Letter Opener,13.992,-1.7489999999999999,10.0
Sannysis Cute Owl Design Soft Skin Case Cover for Samsung Galaxy S4,13.86,2.2967999999999997,10.0
Design Ebony Sketching Pencil,13.622,2.3074,6.666666666666667
Memorex Mini Travel Drive 4 GB USB 2.0 Flash Drive,13.616,3.5742,20.0
Alliance Rubber Bands,13.440000000000001,0.5376000000000001,0.0
"Brites Rubber Bands, 1 1/2 oz. Box",13.068000000000001,-0.5147999999999999,6.666666666666667
"Sanitaire Vibra Groomer IR Commercial Upright Vacuum, Replacement Belts",13.0,1.3,20.0
OIC Thumb-Tacks,12.996,5.1414,13.333333333333334
Xerox 1984,12.96,6.3504,0.0
Xerox 1922,11.952,4.3326,20.0
Maxell 4.7GB DVD+R 5/Pack,11.682,4.6035,8.0
Avery 482,11.56,5.4332,0.0
Xerox 1969,11.56,5.6644,0.0
Acco Economy Flexible Poly Round Ring Binder,11.484,-5.742,60.0
Computer Printout Index Tabs,11.088,-2.016,50.0
Storex Flexible Poly Binders with Double Pockets,10.824,-2.0064,46.666666666666664
Newell 337,10.496,1.1808,20.0
Letter Slitter,10.08,0.3024,0.0
Newell 342,9.84,2.8536,0.0
Hoover Replacement Belt for Commercial Guardsman Heavy-Duty Upright Vacuum,9.768,0.44399999999999995,30.000000000000004
PNY Rapid USB Car Charger - Black,9.588,-2.0774,40.0
Kleencut Forged Office Shears by Acme United Corporation,9.568,2.2880000000000003,10.0
Avery 484,9.216,3.3408,20.0
Newell 308,8.4,2.1,0.0
Stockwell Gold Paper Clips,8.096,3.404,10.0
4009 Highlighters,8.04,2.7336,0.0
Xerox 1989,7.968,2.6892,20.0
"Avery Hi-Liter Comfort Grip Fluorescent Highlighter, Yellow Ink",7.8,3.042,0.0
Avery Hi-Liter Pen Style Six-Color Fluorescent Set,7.7,3.157,0.0
Grip Seal Envelopes,7.072,2.3868,20.0
Xerox 20,6.48,3.1104,0.0
Avery 5,5.76,2.8224,0.0
Eureka Disposable Bags for Sanitaire Vibra Groomer I Upright Vac,1.624,-4.466,80.0
