Product_Name,Sales,Profit,Quantity,Profit_Margin_%,Category
"Apple Smart Phone, Full Size",86935.7786,5921.578600000001,171,6.8114402325028465,High Value
"Cisco Smart Phone, Full Size",76441.5306,17238.5206,139,22.55124990916914,High Value
"Motorola Smart Phone, Full Size",73156.303,17027.113,134,23.27497741377117,High Value
"Nokia Smart Phone, Full Size",71904.5555,9938.195500000002,147,13.82137116472405,High Value
Canon imageCLASS 2200 Advanced Copier,61599.824,25199.928,20,40.90909090909091,High Value
"Hon Executive Leather Armchair, Adjustable",58193.4841,5997.2541,169,10.305714106572973,High Value
"Office Star Executive Leather Armchair, Adjustable",50661.684,4710.9839999999995,141,9.29890921115058,High Value
"Harbour Creations Executive Leather Armchair, Adjustable",50121.516,10427.326,142,20.80409140058732,High Value
"Samsung Smart Phone, Cordless",48653.46,-198.08999999999992,108,-0.407144733385868,Needs Attention
"Nokia Smart Phone, with Caller ID",47877.7857,9465.3257,96,19.769764958031462,High Value
"Samsung Smart Phone, VoIP",45406.328,3903.8579999999997,97,8.597607804797605,High Value
"Cisco Smart Phone, with Caller ID",43127.5008,9786.640800000001,85,22.69234390693003,High Value
"SAFCO Executive Leather Armchair, Black",41923.53,7154.28,111,17.065070617860663,High Value
"Cisco Smart Phone, Cordless",41021.524,4020.8239999999996,89,9.801742129327033,High Value
"Novimex Executive Leather Armchair, Adjustable",40585.1336,5562.3535999999995,124,13.705396795835604,High Value
"Sauder Classic Bookcase, Traditional",39108.303,10672.073,113,27.288509552562278,High Value
"Motorola Smart Phone, Cordless",38931.042,-4447.0380000000005,74,-11.422858910377997,Needs Attention
"Novimex Executive Leather Armchair, Red",38814.802,1450.3719999999998,118,3.7366466535112037,High Value
"Eldon File Cart, Single Width",34387.7287,4238.8887,321,12.326748116981626,High Value
"Hoover Stove, White",32842.6043,-2180.6257000000005,81,-6.639624799790925,Needs Attention
"Harbour Creations Executive Leather Armchair, Black",32230.7392,3240.1492,100,10.052978245066125,High Value
"Hoover Stove, Red",31663.779,11807.969,62,37.29172377055815,High Value
"Motorola Smart Phone, with Caller ID",30243.549,3943.8089999999997,53,13.040166020198225,High Value
"Hewlett Copy Machine, Color",29709.1932,2103.4432,152,7.080108792722113,High Value
"Rogers File Cart, Single Width",29466.3053,2394.8953,262,8.127572410647629,High Value
"Office Star Executive Leather Armchair, Black",29421.602300000002,1898.2523,89,6.45189980016826,High Value
"Hon Executive Leather Armchair, Black",29244.7696,438.91959999999995,86,1.5008482063746535,High Value
"Smead Lockers, Industrial",28991.664,3630.444,187,12.522371948019265,High Value
"Hamilton Beach Stove, Silver",28657.049,5989.749,66,20.901485704267735,High Value
"Novimex Executive Leather Armchair, Black",28629.5075,2291.2175,80,8.002993065808067,High Value
"Bush Library with Doors, Metal",28516.7142,719.3542,88,2.5225704299410485,High Value
"Rogers Lockers, Blue",28214.5892,-2893.4908,167,-10.255300119698358,Needs Attention
"Safco Classic Bookcase, Mobile",27696.1095,1451.1095000000003,85,5.239398334989975,High Value
Fellowes PB500 Electric Punch Plastic Comb Binding Machine with Manual Bind,27453.384,7753.039,31,28.240740740740744,High Value
"Safco Library with Doors, Pine",27263.7618,3360.8318,89,12.327102270971277,High Value
"Apple Smart Phone, Cordless",27163.646999999997,5450.217,52,20.064378689650916,High Value
"Canon Wireless Fax, Color",26585.7144,2615.2344,97,9.83699125271578,High Value
"Bush Classic Bookcase, Traditional",26535.324,2821.614,79,10.63342584398065,High Value
"Samsung Smart Phone, with Caller ID",26311.164,6392.614,50,24.296203695131084,High Value
"Safco Classic Bookcase, Traditional",26230.579999999998,2073.48,80,7.904819489313619,High Value
"Brother Copy Machine, Color",26226.93006,6520.05006,125,24.860134392717406,High Value
"Nokia Smart Phone, Cordless",25658.05,5639.89,46,21.980976730499787,High Value
"SAFCO Executive Leather Armchair, Red",25640.127,-1833.1729999999998,76,-7.149625272916939,Needs Attention
"Dania Classic Bookcase, Pine",25630.494599999998,6565.0146,88,25.614076912897342,High Value
"Smead File Cart, Single Width",25397.1708,-237.66920000000002,250,-0.9358097477534781,Needs Attention
"Safco Classic Bookcase, Metal",25276.353600000002,5416.1536,75,21.427748977210065,High Value
"Office Star Executive Leather Armchair, Red",25213.988,4677.078,68,18.549536868186024,High Value
"Ikea Classic Bookcase, Metal",25055.0253,735.5253000000001,80,2.935639821525146,High Value
"Smead Lockers, Blue",24776.044,610.2640000000001,158,2.463121231137627,High Value
"SAFCO Executive Leather Armchair, Adjustable",24210.4384,-862.1816000000002,72,-3.5611978013582783,Needs Attention
"Sauder Classic Bookcase, Pine",24075.567,4267.767,73,17.726548247025708,High Value
"Brother Wireless Fax, Laser",23905.18386,4000.64386,86,16.735465761023434,High Value
"Hewlett Wireless Fax, High-Speed",23810.56914,8677.93914,75,36.44574427841669,High Value
"Bush Classic Bookcase, Metal",23540.063000000002,5871.783,72,24.94378625919565,High Value
"Harbour Creations Executive Leather Armchair, Red",23517.0012,5252.4412,68,22.334655491704446,High Value
"Belkin Router, USB",23470.408,8955.018,110,38.154505026073686,High Value
"Hewlett Wireless Fax, Color",23265.94574,5054.20574,74,21.723620421372136,High Value
"Sauder Classic Bookcase, Metal",23194.97,4043.45,69,17.432443327152395,High Value
"Okidata Inkjet, Wireless",23004.301199999998,3314.9512,88,14.410136483519874,High Value
"Ikea Classic Bookcase, Traditional",22751.9325,5367.1725,62,23.589963182248365,High Value
Cisco TelePresence System EX90 Videoconferencing Unit,22638.48,-1811.0784,6,-8.0,Needs Attention
"Fellowes Lockers, Industrial",22637.436,3339.036,142,14.750062683777438,High Value
"Ikea Library with Doors, Pine",22536.0688,-277.95119999999986,94,-1.233361516894197,Needs Attention
"Brother Fax Machine, High-Speed",22431.5268,4160.9268,84,18.549458702026474,High Value
"Canon Fax Machine, High-Speed",22340.48994,2011.5899399999998,82,9.004233771965342,High Value
"HP Copy Machine, Color",22297.32146,6099.5014599999995,110,27.355310237340046,High Value
"Tenex File Cart, Single Width",22113.8622,3952.6122,207,17.873911686037367,High Value
"Fellowes Lockers, Single Width",22090.752,588.7019999999999,132,2.6649251234181612,High Value
"Hewlett Wireless Fax, Digital",22045.3332,5883.1932,66,26.686796459941913,High Value
"KitchenAid Stove, Silver",21966.328999999998,5725.209,46,26.063567562882266,High Value
"Canon Wireless Fax, Laser",21928.95792,7991.54792,66,36.44289869657427,High Value
"Sharp Copy Machine, Color",21914.04312,1633.2331199999999,120,7.452906390009878,High Value
"Memorex Router, Erganomic",21888.594,7468.184,111,34.11906676143749,High Value
HON 5400 Series Task Chairs for Big and Tall,21870.576,8.526512829121202e-14,39,3.8986228936637067e-16,Needs Attention
"KitchenAid Refrigerator, Black",21870.0339,3443.1639000000005,52,15.743752002140246,High Value
"Ikea Classic Bookcase, Mobile",21804.411,5348.081,65,24.527518766730275,High Value
"Safco Classic Bookcase, Pine",21799.2,-1273.49,60,-5.841911629784579,Needs Attention
"Hewlett Wireless Fax, Laser",21542.57924,1757.62924,73,8.158861668413667,High Value
"Dania Library with Doors, Traditional",21495.152,3263.712,76,15.183479512031365,High Value
"Sharp Wireless Fax, Color",21430.64096,3882.93096,69,18.118594619952983,High Value
"Hamilton Beach Stove, White",21330.944,635.5039999999999,51,2.9792586769718206,High Value
"Samsung Smart Phone, Full Size",20993.024,1971.524,43,9.391329233939807,High Value
"Hewlett Fax Machine, High-Speed",20987.4368,1808.4868000000001,84,8.616997002702112,High Value
"Sharp Wireless Fax, Digital",20745.97784,2505.11784,76,12.075197704925342,High Value
"Fellowes Lockers, Blue",20563.680500000002,4529.6404999999995,122,22.02738220913323,High Value
"Brother Fax Machine, Laser",20547.31652,5651.47652,75,27.50469393168233,High Value
"Rogers Lockers, Single Width",20493.364,6755.184,114,32.96278736863309,High Value
"Sauder Classic Bookcase, Mobile",20057.4474,4388.6574,58,21.88043828548193,High Value
"Konica Inkjet, Wireless",19911.376,2522.836,76,12.670324743001185,High Value
"Belkin Router, Erganomic",19888.5312,1944.9712,99,9.779360679988274,High Value
GBC DocuBind TL300 Electric Binding System,19823.479,2233.5051000000003,37,11.266968325791856,High Value
"Hon Executive Leather Armchair, Red",19802.7716,-392.92840000000007,56,-1.9842091194951723,Needs Attention
"Tenex Lockers, Wire Frame",19641.8904,2632.1504,128,13.400697928749262,High Value
"Memorex Router, USB",19606.818,628.998,99,3.2080575236634523,High Value
"Canon Wireless Fax, High-Speed",19595.71504,1186.25504,63,6.053645083011985,High Value
"KitchenAid Stove, Black",19549.8842,1782.1942,50,9.116136861823456,High Value
"Hon Swivel Stool, Black",19536.6396,5186.1696,158,26.545863086914913,High Value
"Ikea Library with Doors, Mobile",19259.063000000002,763.663,67,3.965213676283212,High Value
"Eldon Lockers, Blue",19255.3236,-2181.0964,123,-11.327238353968768,Needs Attention
GBC Ibimaster 500 Manual ProClick Binding System,19024.5,760.9799999999998,48,3.9999999999999987,High Value
"Bush Classic Bookcase, Mobile",19021.696,3672.576,55,19.30730046363899,High Value
Hewlett Packard LaserJet 3310 Copier,18839.686,6983.8836,38,37.07006369426751,High Value
"Sharp Fax Machine, Laser",18787.3749,167.54489999999993,77,0.8917951597378299,High Value
"Smead Lockers, Wire Frame",18647.6641,-286.9259,112,-1.5386693929133997,Needs Attention
"Brother Wireless Fax, Color",18479.8965,-585.3234999999999,65,-3.167352695941776,Needs Attention
"Breville Refrigerator, Red",18450.0638,2153.3838,44,11.671416550873932,High Value
"HP Designjet T520 Inkjet Large Format Printer - 24"" Color",18374.895,4094.9766,12,22.285714285714285,High Value
"Rogers Lockers, Industrial",18300.695,4411.335,104,24.10474028445368,High Value
"Tenex Lockers, Blue",18202.6945,1668.1945,114,9.16454704000004,High Value
"HP Fax Machine, Laser",18175.164240000002,5901.08424,70,32.467845473510835,High Value
"Hoover Refrigerator, White",18161.72,1678.08,39,9.239653512993263,High Value
"Ikea Library with Doors, Traditional",18108.935,1165.555,59,6.436353104144446,High Value
"Sharp Fax Machine, High-Speed",18014.5722,3713.1022,72,20.611659043449283,High Value
GBC DocuBind P400 Electric Binding System,17965.068,-1878.1662000000003,27,-10.454545454545457,Needs Attention
"Eldon Lockers, Industrial",17825.3415,6485.4615,109,36.38337868590064,High Value
"KitchenAid Refrigerator, Silver",17763.984,4858.014,46,27.34754771226995,High Value
"Dania Library with Doors, Pine",17708.5625,1751.0225,69,9.88799909648228,High Value
"Breville Refrigerator, White",17673.3254,3011.1254,41,17.037684373762506,High Value
"Dania Classic Bookcase, Metal",17612.112,2654.862,51,15.07406948127516,High Value
"HP Wireless Fax, Laser",17577.76772,-465.1422799999999,66,-2.6461965330828705,Needs Attention
"Canon Fax Machine, Digital",17373.76688,187.16688000000005,72,1.0772959099356816,High Value
"Konica Inkjet, White",17328.8514,4457.7214,62,25.724275066494023,High Value
"Memorex Router, Bluetooth",17318.4114,4923.2414,96,28.42778870583938,High Value
"Hamilton Beach Refrigerator, Red",17251.1508,2418.4408000000003,40,14.019011415748567,High Value
"Sharp Wireless Fax, Laser",17234.12096,4815.44096,63,27.94132042577935,High Value
"Brother Wireless Fax, Digital",17153.6247,2984.0247,54,17.395884264624257,High Value
"Tenex Lockers, Single Width",17129.3408,-88.57920000000001,100,-0.5171197247707279,Needs Attention
"SAFCO Executive Leather Armchair, Set of Two",17106.7008,1656.3708,56,9.682584733112302,High Value
High Speed Automatic Electric Letter Opener,17030.311999999998,-262.00480000000005,11,-1.538461538461539,Needs Attention
"Brother Fax Machine, Digital",17009.47856,5197.36856,66,30.55571951642473,High Value
"Canon Copy Machine, Color",16956.27712,1625.59712,82,9.586993114677286,High Value
"Dania Library with Doors, Metal",16910.924,780.3039999999999,63,4.614200856203954,High Value
"Harbour Creations Swivel Stool, Red",16864.6356,610.4856,135,3.6199157484315876,High Value
"Novimex Swivel Stool, Black",16836.5373,673.5373,127,4.000450258854593,High Value
Lexmark MX611dhe Monochrome Laser Printer,16829.901,-4589.973,18,-27.27272727272727,Needs Attention
"Bush Classic Bookcase, Pine",16754.414,6510.674,50,38.85945518595876,High Value
"Apple Smart Phone, with Caller ID",16754.023,3196.6229999999996,38,19.07973386451719,High Value
"Smead Lockers, Single Width",16714.1205,4540.6305,116,27.166433914366,High Value
Martin Yale Chadless Opener Electric Letter Opener,16656.2,-1299.1836,22,-7.8,Needs Attention
"Bush Library with Doors, Mobile",16642.308,2660.9880000000003,60,15.989296676879194,High Value
"Ikea Classic Bookcase, Pine",16631.406,-1000.2540000000001,52,-6.014247983604033,Needs Attention
"Brother Fax Machine, Color",16477.47676,4148.356760000001,64,25.17592238436876,High Value
"Fellowes Lockers, Wire Frame",16473.472,4342.022,109,26.357661578567043,High Value
"Epson Inkjet, Wireless",16423.3476,-226.5324,67,-1.379331458587651,Needs Attention
"Cuisinart Stove, Red",16364.016,4101.456,40,25.06387185150638,High Value
"Safco Library with Doors, Mobile",16293.942,1014.0820000000001,57,6.223675032107026,High Value
"Hamilton Beach Stove, Black",16148.3578,-397.85220000000015,46,-2.4637316371575575,Needs Attention
"Cuisinart Stove, Silver",16099.328,2550.998,41,15.845369446476276,High Value
"Sharp Fax Machine, Color",16067.02332,-133.66668000000004,65,-0.8319318229507621,Needs Attention
"Sharp Wireless Fax, High-Speed",16026.76296,2109.34296,51,13.161378659337206,High Value
"Canon Wireless Fax, Digital",16016.9698,3068.5898,49,19.158366646854763,High Value
"Hoover Stove, Black",15893.628,1964.388,35,12.359594675300063,High Value
Ibico EPK-21 Electric Binding System,15875.916000000001,3345.2823,13,21.07142857142857,High Value
"Sauder Library with Doors, Traditional",15697.7229,-519.8471,47,-3.311608335244597,Needs Attention
"Sauder Stackable Bookrack, Pine",15642.1983,4272.8983,133,27.316482108528184,High Value
"StarTech Inkjet, Wireless",15639.1235,-66.3765,59,-0.42442595967734376,Needs Attention
"Bush Stackable Bookrack, Pine",15633.668,2480.208,165,15.864530320075879,High Value
"Riverside Palais Royal Lawyers Bookcase, Royale Cherry Finish",15610.9656,-669.5448000000002,24,-4.288939051918737,Needs Attention
"Safco Stackable Bookrack, Pine",15582.401,2495.9410000000003,135,16.017692010364772,High Value
"Fellowes File Cart, Wire Frame",15555.0482,1062.1082000000001,145,6.828061130662393,High Value
"HP Fax Machine, High-Speed",15531.50392,165.9939199999999,67,1.0687562573141975,High Value
"Bush Library with Doors, Traditional",15260.1504,-205.98960000000014,64,-1.3498530132442215,Needs Attention
"HP Wireless Fax, Digital",15173.9149,3894.9049,51,25.668424567215673,High Value
"Sauder Library with Doors, Metal",15171.347399999999,3806.8674,51,25.092480579542993,High Value
"Dania Classic Bookcase, Traditional",15047.508,4543.898,56,30.19701335264284,High Value
"Hon Conference Table, Adjustable Height",15018.8742,-1570.5658,29,-10.457280479784565,Needs Attention
"Hamilton Beach Refrigerator, Silver",14972.9728,3016.5328,39,20.14651893310058,High Value
"Dania Library with Doors, Mobile",14971.4512,552.4012,56,3.6896970949616428,High Value
"Eldon Lockers, Wire Frame",14952.7518,1573.0118,104,10.519881698297166,High Value
"Barricks Conference Table, Fully Assembled",14930.505000000001,1574.6550000000002,21,10.546562222778132,High Value
"Rogers Lockers, Wire Frame",14927.3865,-901.5735000000001,103,-6.03972771790963,Needs Attention
"Bevis Conference Table, Fully Assembled",14886.9507,-2443.0893,26,-16.410945056733482,Needs Attention
"Fellowes File Cart, Single Width",14811.2034,-1024.2066,138,-6.915080242568271,Needs Attention
"Dania Classic Bookcase, Mobile",14794.0464,807.8064,47,5.460347886971614,High Value
"KitchenAid Microwave, Silver",14728.1276,996.7676,59,6.767782212859156,High Value
"Hamilton Beach Refrigerator, Black",14692.0596,-458.19040000000007,37,-3.1186260638365506,Needs Attention
"Hoover Microwave, White",14674.31,2620.5,58,17.85773913730867,High Value
"HP Copy Machine, Laser",14615.69756,2562.89756,74,17.53523941966407,High Value
"Breville Microwave, Red",14539.4049,-142.5050999999999,63,-0.9801302115191793,Needs Attention
"Sharp Copy Machine, Laser",14449.48992,2998.52992,77,20.75180464224996,High Value
"Ikea Library with Doors, Metal",14360.3935,1221.0935,51,8.503203620430039,High Value
"3D Systems Cube Printer, 2nd Generation, Magenta",14299.89,3717.9714000000004,11,26.0,High Value
"Office Star Swivel Stool, Adjustable",14249.663,-1673.237,118,-11.742291729986878,Needs Attention
"Enermax Router, Erganomic",14231.1384,1689.8784,71,11.87451314506224,High Value
"Cuisinart Refrigerator, Black",14221.137,2151.797,39,15.130977220738398,High Value
"Hewlett Fax Machine, Laser",14146.43584,3664.0858399999997,58,25.90112365716565,High Value
"HP Fax Machine, Digital",14043.112079999999,-600.84792,58,-4.278595204375811,Needs Attention
"SanDisk Router, Bluetooth",14007.818500000001,4326.8785,81,30.88902458294987,High Value
"Rogers File Cart, Industrial",13953.736,105.29599999999999,126,0.7546079415577304,High Value
"Sharp Fax Machine, Digital",13947.33414,-1455.74586,62,-10.437448801237366,Needs Attention
Samsung Galaxy Mega 6.3,13943.668,1822.7566,39,13.072289156626507,High Value
"Cisco Signal Booster, VoIP",13915.872,2082.292,110,14.963431684338573,High Value
"Chromcraft Computer Table, with Bottom Storage",13829.1036,70.02359999999999,43,0.5063495221772725,Needs Attention
"Chromcraft Conference Table, with Bottom Storage",13700.919,-1850.331,22,-13.505159763370617,Needs Attention
"Smead File Cart, Industrial",13666.04,2259.16,128,16.53119704025453,High Value
"Breville Microwave, White",13598.1975,2809.0275,57,20.657351829167066,High Value
"Hamilton Beach Refrigerator, White",13586.162,2404.552,37,17.69853767384785,High Value
"KitchenAid Stove, Red",13474.545,1223.6249999999998,31,9.081011640838335,High Value
"KitchenAid Refrigerator, White",13446.604800000001,1130.4648000000002,37,8.407064956649876,High Value
"Harbour Creations Swivel Stool, Set of Two",13355.563,2632.363,92,19.70986172578423,High Value
"Sauder Floating Shelf Set, Pine",13323.24,1471.05,95,11.041233213542652,High Value
"Breville Stove, Red",13140.036,2515.416,28,19.143143900062377,High Value
"Canon Copy Machine, Laser",13033.42604,1515.10604,64,11.624771839346701,High Value
"HP Wireless Fax, Color",13010.7204,1759.3104,47,13.522006052793204,High Value
Apple iPhone 5,12996.6,1611.5783999999999,24,12.399999999999999,High Value
Bretford Rectangular Conference Table Tops,12995.2915,-327.23310000000004,46,-2.51808972503618,Needs Attention
Global Troy Executive Leather Low-Back Tilter,12975.382,951.8620000000001,32,7.335907335907336,High Value
"Logitech Router, USB",12959.8457,2906.3557,67,22.42585110407603,High Value
"Hewlett Copy Machine, Laser",12926.23898,-573.58102,65,-4.437338818255393,Needs Attention
"Tenex Lockers, Industrial",12905.332,1329.892,86,10.30498091796476,High Value
"Cisco Audio Dock, Full Size",12898.1536,1278.5536,84,9.912687037623742,High Value
"Belkin Router, Bluetooth",12877.125,345.64500000000004,59,2.684178339497365,High Value
"Okidata Printer, White",12867.7311,-932.6889000000001,58,-7.24827782576215,Needs Attention
"Smead File Cart, Blue",12840.053100000001,-1380.9969,137,-10.75538309105591,Needs Attention
"Rogers File Cart, Blue",12833.793,144.26300000000003,114,1.1240870099743703,High Value
"Eldon Lockers, Single Width",12826.512,1248.382,86,9.732825260678819,High Value
"Lesro Conference Table, with Bottom Storage",12777.942000000001,154.08200000000016,24,1.205843632722704,High Value
"Eldon File Cart, Industrial",12733.581,447.901,127,3.5174787045372393,High Value
"KitchenAid Microwave, Red",12712.776,1879.136,47,14.781476524088838,High Value
"Hewlett Fax Machine, Color",12680.00864,2358.45864,46,18.599818872047706,High Value
"Brother Wireless Fax, High-Speed",12649.43952,1044.59952,47,8.258069603387455,High Value
"Dania Stackable Bookrack, Pine",12629.124,1939.784,126,15.359608473240108,High Value
"Enermax Router, Bluetooth",12577.2266,1180.1266,64,9.383043158338262,High Value
"Samsung Audio Dock, Cordless",12465.2584,2327.7784,89,18.674128728851702,High Value
"Cuisinart Stove, Black",12432.0864,2215.2264,32,17.818621337766764,High Value
"Ikea Floating Shelf Set, Traditional",12397.913,-1033.027,94,-8.332265277228514,Needs Attention
"SAFCO Swivel Stool, Set of Two",12395.505,2465.355,87,19.889104961838992,High Value
"Motorola Audio Dock, VoIP",12314.5036,864.9236,94,7.023617257296509,High Value
"HP Wireless Fax, High-Speed",12299.19756,2091.39756,45,17.004341541774533,High Value
"Logitech Router, Bluetooth",12264.5988,-1415.6412000000003,69,-11.542499050193149,Needs Attention
"Harbour Creations Swivel Stool, Adjustable",12236.696100000001,-75.75390000000002,97,-0.6190715155539411,Needs Attention
"Canon Copy Machine, Digital",12183.76476,-861.7952399999999,58,-7.073308266992508,Needs Attention
"Sauder Library with Doors, Pine",12181.557,896.667,37,7.360857072704253,High Value
"Novimex Swivel Stool, Red",12153.594000000001,2660.734,100,21.892569391408003,High Value
"Nokia Audio Dock, VoIP",12043.4577,1522.0577,92,12.638045799754002,High Value
"Hoover Microwave, Red",12036.96,1258.44,43,10.454799218407306,High Value
"Apple Audio Dock, VoIP",12014.7676,1317.3475999999998,91,10.96440350623178,High Value
"Safco Library with Doors, Traditional",11997.7362,-1972.9038,47,-16.44396715440368,Needs Attention
"Sharp Copy Machine, High-Speed",11961.5412,875.5812,67,7.319969771119461,High Value
"HP Copy Machine, High-Speed",11946.65856,1113.74856,61,9.322678424317504,High Value
"Cuisinart Stove, White",11906.9579,106.88790000000006,27,0.8976927683602549,High Value
"Office Star Swivel Stool, Red",11903.294,1265.404,84,10.63070440837637,High Value
"Panasonic Inkjet, Red",11874.815999999999,247.11599999999999,45,2.081009086793429,High Value
"Sauder Floating Shelf Set, Metal",11848.7292,2272.0692,73,19.17563615176554,High Value
"Hoover Refrigerator, Red",11761.911,3055.561,29,25.978440068114782,High Value
"Safco Library with Doors, Metal",11759.2425,-525.9374999999999,39,-4.472545744336847,Needs Attention
"Sauder Library with Doors, Mobile",11669.3865,662.6865,44,5.6788460987216425,High Value
"Office Star Rocking Chair, Adjustable",11630.218,-949.152,127,-8.161085200638544,Needs Attention
"Safco Floating Shelf Set, Pine",11623.9212,486.8712,73,4.188528050241771,High Value
Canon PC1060 Personal Laser Copier,11619.834,4570.9347,19,39.33734939759036,High Value
"Hamilton Beach Microwave, White",11587.103,-692.657,50,-5.977827244652957,Needs Attention
SAFCO Arco Folding Chair,11572.78,1179.374,53,10.1909307875895,High Value
"Hewlett Fax and Copier, Laser",11536.06902,1410.26902,80,12.224866352264593,High Value
"Hamilton Beach Stove, Red",11515.686,3552.216,26,30.846759802238445,High Value
"Breville Stove, Silver",11511.9506,1084.8706,23,9.423864275442599,High Value
"Canon Copy Machine, High-Speed",11415.0412,1523.5412000000001,56,13.346786694033133,High Value
"Fellowes File Cart, Blue",11350.96,3073.74,104,27.0791192991606,High Value
"Okidata Inkjet, White",11329.5,-144.12,42,-1.2720773202700915,Needs Attention
Honeywell Enviracaire Portable HEPA Air Cleaner for 17' x 22' Room,11304.44,3247.02,40,28.723404255319146,High Value
"Breville Refrigerator, Silver",11285.736,3062.916,26,27.139709807140623,High Value
"KitchenAid Microwave, White",11246.4516,2784.6216,39,24.760001634648923,High Value
"Brother Fax and Copier, Color",11240.35904,1303.60904,73,11.597574733698188,High Value
"Bevis Computer Table, Fully Assembled",11177.8962,-3509.5638,43,-31.397355434379502,Needs Attention
"Bevis Wood Table, with Bottom Storage",11134.662,-2782.588,34,-24.990323011152025,Needs Attention
"Brother Ink, Color",11132.59404,2752.09404,92,24.721049111389316,High Value
Cubify CubeX 3D Printer Double Head Print,11099.963,-8879.9704,9,-80.0,Needs Attention
"Sauder Corner Shelving, Pine",11059.56,1232.96,91,11.148363949379542,High Value
"Hon Rocking Chair, Set of Two",11058.3272,-57.472799999999935,117,-0.5197241767271992,Needs Attention
"Breville Refrigerator, Black",11058.234,2638.3640000000005,28,23.858818686600415,High Value
DMI Eclipse Executive Suite Bookcases,11046.609,90.17640000000002,27,0.8163265306122449,Needs Attention
"SanDisk Router, USB",11034.6456,3244.5356,56,29.40316995771935,High Value
"Lesro Conference Table, Rectangular",11002.93,860.6300000000001,23,7.821825640988356,High Value
"Canon Fax Machine, Laser",10926.72028,1869.96028,42,17.11364647471327,High Value
Tennsco 6- and 18-Compartment Lockers,10925.003999999999,1575.1098,43,14.41747572815534,High Value
"Lesro Conference Table, Adjustable Height",10919.079,163.029,20,1.4930654865671362,High Value
"Sauder 3-Shelf Cabinet, Mobile",10835.004,2118.744,90,19.554621299632192,High Value
Plantronics CS510 - Over-the-Head monaural Wireless Headset System,10822.36,3085.0325000000003,35,28.50609756097561,High Value
"Cuisinart Refrigerator, Silver",10814.333,498.233,28,4.607154227634751,High Value
"Office Star Rocking Chair, Set of Two",10710.754,668.134,101,6.237973535756679,High Value
"Lesro Round Table, Rectangular",10707.497,585.457,38,5.467729759812214,High Value
"Cisco Signal Booster, with Caller ID",10693.3869,777.4869,94,7.270726358923757,High Value
"Apple Speaker Phone, VoIP",10687.6305,3268.3905,101,30.581058168131843,High Value
"Apple Signal Booster, Cordless",10642.455,13.814999999999984,102,0.12981027403921352,Needs Attention
"Hon Deluxe Fabric Upholstered Stacking Chairs, Rounded Back",10637.528,1927.442,51,18.11926605504587,High Value
"Barricks Computer Table, Fully Assembled",10620.2178,-1586.2722,41,-14.936343395895326,Needs Attention
"Canon Fax and Copier, Laser",10618.34952,3299.73952,65,31.07582316616001,High Value
"Brother Copy Machine, High-Speed",10602.81096,2271.94096,54,21.4277229743234,High Value
"Apple Audio Dock, with Caller ID",10581.9386,1218.3686,74,11.51366158938023,High Value
"Office Star Rocking Chair, Black",10579.4104,1653.6704,95,15.631026091964442,High Value
"Harbour Creations Rocking Chair, Black",10577.057,994.747,95,9.404761645890723,High Value
"Safco Floating Shelf Set, Traditional",10576.0866,3984.6166,66,37.675718351247234,High Value
"Novimex Swivel Stool, Adjustable",10527.867,554.427,77,5.2662804345837575,High Value
"Enermax Memory Card, USB",10524.864,572.264,120,5.43725790661048,High Value
"Fellowes File Cart, Industrial",10517.97,-520.3299999999999,99,-4.9470572743599766,Needs Attention
"Hon Rocking Chair, Black",10510.2981,2308.3281,116,21.962536914152796,High Value
"Logitech Router, Erganomic",10426.196,2136.516,50,20.491807366751978,High Value
"Epson Printer, Durable",10422.02,1979.8400000000001,46,18.99670121531143,High Value
"Panasonic Inkjet, White",10401.75,-12.629999999999995,42,-0.12142187612661326,Needs Attention
"Harbour Creations Swivel Stool, Black",10365.25,860.35,86,8.300330431007454,High Value
"Breville Microwave, Silver",10317.9188,-1577.4212,49,-15.28817226202633,Needs Attention
"Hoover Stove, Silver",10316.1638,-2093.0862,26,-20.289385090996714,Needs Attention
"Epson Card Printer, Durable",10306.242,2101.302,69,20.388634382930267,High Value
"Canon Fax and Copier, Digital",10275.742559999999,2554.19256,65,24.85652540520634,High Value
"Enermax Router, USB",10233.0132,1866.3432,47,18.238451993788107,High Value
"Apple Signal Booster, with Caller ID",10212.31,-425.02000000000004,96,-4.161839975480572,Needs Attention
"Chromcraft Conference Table, Rectangular",10210.815999999999,-910.944,20,-8.9213633856491,Needs Attention
Logitech P710e Mobile Speakerphone,10196.604,1645.3611,41,16.136363636363637,High Value
"Okidata Printer, Wireless",10164.515,-186.425,48,-1.8340766873776073,Needs Attention
"Motorola Signal Booster, Cordless",10150.9626,2527.8926,98,24.902984077588858,High Value
"Canon Fax Machine, Color",10114.94358,-1629.57642,50,-16.110583386961416,Needs Attention
"Brother Fax and Copier, Laser",10111.9486,641.0586000000001,69,6.3396148987545295,High Value
"Office Star Swivel Stool, Set of Two",10107.433,-613.7270000000001,72,-6.072036292498798,Needs Attention
"SanDisk Router, Erganomic",9980.016,3001.626,41,30.07636460703069,High Value
Chromcraft Bull-Nose Wood Oval Conference Tables & Bases,9917.64,-2876.1156,27,-29.000000000000004,Needs Attention
"Brother Ink, Laser",9888.249,-428.711,83,-4.335560320133524,Needs Attention
"Rubbermaid Frame, Duo Pack",9833.195,760.5350000000001,102,7.734363042734331,High Value
"Tenex File Cart, Blue",9773.328,1417.508,86,14.503841475493303,High Value
"Dania Floating Shelf Set, Metal",9772.4109,2310.4509,68,23.642588544859482,High Value
"Sharp Fax and Copier, Color",9740.11792,2548.77792,70,26.16783432125019,High Value
"Samsung Audio Dock, Full Size",9730.785600000001,1927.3956,67,19.80719418995317,High Value
"Breville Stove, Black",9723.48,2419.26,20,24.880598304310805,High Value
"Sauder Floating Shelf Set, Mobile",9710.46,2603.76,60,26.81397173769317,High Value
"Dania Corner Shelving, Traditional",9698.0546,1637.2646,89,16.882402373770923,High Value
"Sauder 3-Shelf Cabinet, Pine",9661.725,345.86499999999995,71,3.57974378281311,High Value
"Sharp Fax and Copier, Digital",9646.43296,3783.94296,66,39.22634382771888,High Value
Tennsco Double-Tier Lockers,9630.856,429.7882,47,4.462616822429907,High Value
"Motorola Audio Dock, Cordless",9623.3742,465.55420000000004,76,4.837743917305014,High Value
"Eldon File Cart, Blue",9619.336,210.85599999999997,86,2.192001610090343,High Value
"Cisco Audio Dock, with Caller ID",9610.2615,2488.8015,64,25.897333803039597,High Value
"Epson Inkjet, Durable",9597.519,2850.759,34,29.703082640419883,High Value
Bush Advantage Collection Racetrack Conference Table,9544.725,-1934.3976,33,-20.266666666666666,Needs Attention
"Memorex Router, Programmable",9474.9075,3189.6375,43,33.664048963010984,High Value
"Okidata Inkjet, Durable",9434.6769,-275.2431,33,-2.9173558662088364,Needs Attention
"SanDisk Router, Programmable",9400.3515,147.8415,52,1.5727231050881447,High Value
Plantronics Savi W720 Multi-Device Wireless Headset System,9367.289999999999,3696.2819999999997,24,39.45945945945946,High Value
"Panasonic Printer, Wireless",9313.8255,1726.0155,41,18.53175690268193,High Value
"Safco Floating Shelf Set, Mobile",9310.7556,1363.4456,61,14.643769620588042,High Value
Bady BDG101FRU Card Printer,9279.884,1327.9834,14,14.310344827586208,High Value
"StarTech Card Printer, White",9274.744499999999,714.2545,72,7.701069285520481,High Value
"Nokia Signal Booster, Cordless",9274.207,1629.7369999999999,76,17.572790859638996,High Value
"Sharp Personal Copier, Digital",9207.8932,2293.1032,92,24.90366851778863,High Value
Tennsco Single-Tier Lockers,9158.296,-825.7479999999999,28,-9.016393442622949,Needs Attention
"Konica Card Printer, Red",9125.4928,1836.7428,67,20.12760121842406,High Value
"Brother Fax and Copier, Digital",9101.10092,900.94092,58,9.899252056640197,High Value
"Hewlett Personal Copier, High-Speed",9090.15588,357.03587999999996,74,3.9277201041793353,High Value
"Canon Personal Copier, High-Speed",9083.1132,-260.00679999999994,82,-2.8625295564961135,Needs Attention
GuestStacker Chair with Chrome Finish Legs,9070.944,773.2608,31,8.524590163934427,High Value
"Bush Library with Doors, Pine",9028.3923,-1949.6277,41,-21.59440612699118,Needs Attention
"Motorola Speaker Phone, Full Size",9026.354,227.07399999999993,91,2.515677980278637,High Value
"Cisco Speaker Phone, Cordless",8996.125600000001,1244.2056,75,13.830460526251432,High Value
"Cisco Signal Booster, Cordless",8983.814400000001,-449.2356000000001,71,-5.000499565084516,Needs Attention
"Office Star Steel Folding Chair, Black",8962.5216,-566.4384,124,-6.320078492195767,Needs Attention
Canon Imageclass D680 Copier / Fax,8959.872,2799.96,16,31.25,High Value
"Hewlett Fax and Copier, High-Speed",8950.73784,2096.83784,58,23.426424474521312,High Value
"Ikea Floating Shelf Set, Pine",8919.8678,589.4578,68,6.608369240629329,High Value
"Cisco Audio Dock, VoIP",8913.696,2519.016,58,28.260061819474213,High Value
"Sharp Fax and Copier, High-Speed",8913.5696,-24.340400000000002,67,-0.27307129570178035,Needs Attention
Hewlett Packard 610 Color Digital Copier / Printer,8899.822,3124.9375,21,35.11235955056179,High Value
Wilson Electronics DB Pro Signal Booster,8878.4,515.52,32,5.806451612903226,High Value
"SAFCO Rocking Chair, Black",8861.5872,78.89719999999997,88,0.8903280893066196,Needs Attention
"Apple Audio Dock, Full Size",8833.3742,944.4342,67,10.691658460478216,High Value
"Cisco Speaker Phone, with Caller ID",8826.2536,1176.4135999999999,81,13.32857238545695,High Value
Office Star - Professional Matrix Back Chair with 2-to-1 Synchro Tilt and Mesh Fabric Seat,8774.5,1305.6456,28,14.88,High Value
"Belkin Memory Card, Programmable",8750.389,1957.429,93,22.369622653347186,High Value
"Cuisinart Refrigerator, Red",8747.544,1678.284,23,19.18577374403604,High Value
"Canon Ink, Digital",8740.268039999999,1345.5980399999999,76,15.395386432565289,High Value
"Barricks Training Table, Adjustable Height",8701.3035,1758.9735,30,20.21505743363624,High Value
"SAFCO Rocking Chair, Set of Two",8695.944,1358.154,78,15.618246851635659,High Value
"Panasonic Inkjet, Durable",8695.048499999999,702.0885000000001,32,8.074578307412548,High Value
"Barricks Computer Table, with Bottom Storage",8672.542,41.471999999999994,24,0.4781988948568943,Needs Attention
Global Deluxe High-Back Manager's Chair,8665.194,1558.591,35,17.986798679867988,High Value
"KitchenAid Microwave, Black",8622.4075,1929.3474999999999,33,22.375972140031656,High Value
"Samsung Signal Booster, Full Size",8554.9944,2060.2044,75,24.081890690659016,High Value
"Samsung Signal Booster, Cordless",8523.0376,2096.1875999999997,79,24.594372316273716,High Value
"Okidata Card Printer, White",8505.816,2118.846,63,24.91055531885477,High Value
"Enermax Router, Programmable",8500.771499999999,1658.9715,42,19.515540442417496,High Value
"Panasonic Printer, White",8494.46,1532.36,40,18.039522229782705,High Value
Hon 4070 Series Pagoda Armless Upholstered Stacking Chairs,8430.997,1388.6348,34,16.47058823529412,High Value
"HP Fax and Copier, Digital",8428.550580000001,2524.26058,60,29.94892841943412,High Value
"Konica Printer, White",8414.3875,2414.4975,35,28.694869353235745,High Value
"Samsung Speaker Phone, with Caller ID",8386.482,978.582,85,11.668563767262603,High Value
"Tenex File Cart, Industrial",8369.2649,388.75489999999996,82,4.64503041360299,High Value
"Nokia Signal Booster, VoIP",8327.437,1267.507,71,15.22085366722078,High Value
"Hamilton Beach Microwave, Red",8324.628,2158.428,37,25.92822165747226,High Value
"Hewlett Copy Machine, High-Speed",8314.56978,1189.92978,38,14.311381243829068,High Value
"Chromcraft Round Table, Adjustable Height",8312.690200000001,-1214.0498,31,-14.604776201090711,Needs Attention
"Safco Floating Shelf Set, Metal",8311.032,168.572,57,2.0282920340097355,High Value
"Panasonic Printer, Durable",8300.458,1586.9579999999999,34,19.11892090773786,High Value
"Hon Rocking Chair, Adjustable",8266.131,1677.511,78,20.293786778844904,High Value
"Hon Swivel Stool, Adjustable",8264.3574,210.2174,63,2.543662983403888,High Value
"Canon Fax and Copier, High-Speed",8258.63688,987.14688,54,11.952903298007698,High Value
"Hon Rocking Chair, Red",8209.467,318.087,86,3.874636441074676,High Value
Chromcraft Round Conference Tables,8209.059,-189.97609999999997,61,-2.314225053078556,Needs Attention
"StarTech Inkjet, Durable",8207.9218,250.6218,33,3.0534135936821425,High Value
"Epson Printer, White",8168.498799999999,-1129.4712,39,-13.827157567801809,Needs Attention
"Safco 3-Shelf Cabinet, Metal",8168.16,2140.29,60,26.202841276370687,High Value
"Nokia Signal Booster, with Caller ID",8164.975,68.09500000000006,76,0.8339890814117625,Needs Attention
"Hot File 7-Pocket, Floor Stand",8138.232,2016.711,49,24.780701754385966,High Value
"SAFCO Swivel Stool, Black",8111.0934,1051.3134,71,12.961426384265284,High Value
"Bevis Round Table, Rectangular",8107.7472,1299.4872,23,16.027722225971726,High Value
"Brother Copy Machine, Laser",8103.93958,1284.49958,38,15.850310423958023,High Value
"Cisco Audio Dock, Cordless",8102.5779999999995,-217.472,58,-2.6839852698733666,Needs Attention
"Harbour Creations Rocking Chair, Adjustable",8074.827,927.6270000000001,73,11.487886985071013,High Value
Fellowes PB300 Plastic Comb Binding Machine,8070.192,2518.0551,27,31.201923076923077,High Value
"Brother Fax and Copier, High-Speed",8063.97482,1271.63482,48,15.76933024203069,High Value
"Bush Floating Shelf Set, Mobile",8055.7458,961.6758,57,11.937762485007907,High Value
"Chromcraft Conference Table, Fully Assembled",8042.088,996.408,12,12.389916648512179,High Value
"Samsung Speaker Phone, Full Size",8014.3357,1208.2857,78,15.076554629474778,High Value
"Panasonic Printer, Red",8005.868,-57.27200000000005,37,-0.715375272237814,Needs Attention
"Hewlett Ink, Laser",8004.13824,1230.63824,66,15.375024807167748,High Value
Cubify CubeX 3D Printer Triple Head Print,7999.98,-3839.9904,4,-48.00000000000001,Needs Attention
Ibico Ibimaster 300 Manual Binding System,7985.383,2318.337,28,29.03225806451613,High Value
Global Commerce Series High-Back Swivel/Tilt Chairs,7979.4400000000005,926.1850000000001,33,11.607142857142858,High Value
"Hoover Microwave, Black",7966.6902,1528.5802,32,19.187142484842703,High Value
"Ikea Stackable Bookrack, Mobile",7949.271,2703.631,86,34.01105585656848,High Value
"Brother Personal Copier, High-Speed",7945.90662,1654.91662,68,20.827285030439988,High Value
"Nokia Audio Dock, with Caller ID",7881.799800000001,1091.4198,55,13.84734232909595,High Value
"SAFCO Swivel Stool, Adjustable",7871.5936,2057.9836,57,26.144434082572555,High Value
"HP Ink, Laser",7847.0106,-78.62940000000006,81,-1.0020299959834393,Needs Attention
"Harbour Creations Chairmat, Black",7839.6114,46.45139999999999,158,0.5925217160636302,Needs Attention
Okidata MB760 Printer,7834.4,881.37,7,11.25,High Value
"Dania Stackable Bookrack, Traditional",7829.9175,2436.3775,80,31.11626016493788,High Value
"Sharp Fax and Copier, Laser",7826.412,2720.872,55,34.76525386090075,High Value
"Hoover Refrigerator, Black",7815.258000000001,1371.928,18,17.554481246812326,High Value
"Cisco Signal Booster, Full Size",7807.5888,334.3788,58,4.282740914839162,High Value
"Hoover Refrigerator, Silver",7799.748,1886.4279999999999,19,24.185755744929192,High Value
"Boston Canvas, Fluorescent",7798.911,912.451,169,11.699723204944895,High Value
"Safco Corner Shelving, Traditional",7791.848,1424.808,71,18.28588032004731,High Value
"Sauder Stackable Bookrack, Mobile",7779.013,1255.963,60,16.145531573221437,High Value
"Cuisinart Microwave, Red",7769.034,1316.964,31,16.95145110704883,High Value
"Office Star Rocking Chair, Red",7730.3226,1307.7426,62,16.917050783883198,High Value
Adjustable Depth Letter/Legal Cart,7730.196,1932.549,45,25.0,High Value
"Hon Swivel Stool, Red",7706.8240000000005,867.454,62,11.255661216604919,High Value
Ativa V4110MDD Micro-Cut Shredder,7699.89,3772.9461,11,49.0,High Value
Mitel MiVoice 5330e IP Phone,7699.72,780.9716,34,10.142857142857142,High Value
"Bush Floating Shelf Set, Metal",7695.9393,464.94930000000005,58,6.041488658830769,High Value
"Logitech Router, Programmable",7695.1732,2324.8132,37,30.21131740088709,High Value
"Cuisinart Microwave, White",7666.43,43.029999999999994,32,0.5612781959790931,Needs Attention
"Samsung Audio Dock, with Caller ID",7661.9458,-2137.2242,67,-27.894013554624724,Needs Attention
"Motorola Audio Dock, with Caller ID",7660.0645,2336.6545,57,30.504371079381905,High Value
"Samsung Signal Booster, VoIP",7640.412,1139.822,69,14.918331629236746,High Value
"Bush Floating Shelf Set, Pine",7630.9548,747.7848000000001,58,9.799360887316487,High Value
"Nokia Audio Dock, Full Size",7602.2373,616.8873000000001,57,8.11454938403462,High Value
"Novimex Rocking Chair, Red",7596.654,-93.006,76,-1.2243021730356547,Needs Attention
"Hon Conference Table, Rectangular",7588.2895,-1920.8505,19,-25.31335289725043,Needs Attention
"Chromcraft Computer Table, Adjustable Height",7582.967,3009.1070000000004,22,39.682448835660246,High Value
Hon 4700 Series Mobuis Mid-Back Task Chairs with Adjustable Arms,7582.374,832.9932,24,10.985915492957748,High Value
"Cardinal Binding Machine, Clear",7577.6457,2804.8257,171,37.01447403380181,High Value
"Apple Signal Booster, Full Size",7568.308,-1024.1520000000003,77,-13.532113122246086,Needs Attention
"KitchenAid Stove, White",7558.257,79.34699999999998,17,1.0498055305608156,Needs Attention
"Motorola Signal Booster, Full Size",7554.6102,760.4702,57,10.066306266867349,High Value
"Motorola Speaker Phone, VoIP",7554.105,-642.8349999999999,73,-8.509744039829998,Needs Attention
"Atlantic Metals Mobile 3-Shelf Bookcases, Custom Colors",7539.7122,780.3302,35,10.349601938386984,High Value
"Sauder 3-Shelf Cabinet, Metal",7533.3414,1110.0014,63,14.734516080739418,High Value
"Sauder Floating Shelf Set, Traditional",7530.246,1742.406,48,23.138765984537557,High Value
"Samsung Speaker Phone, Cordless",7518.7467,1045.7367,75,13.908391141837509,High Value
Tennsco 16-Compartment Lockers with Coat Rack,7515.523999999999,1114.3708,13,14.827586206896552,High Value
"Motorola Speaker Phone, Cordless",7484.753,161.993,62,2.1643065576111864,High Value
"Dania 3-Shelf Cabinet, Pine",7484.624,398.824,70,5.328577627947643,High Value
"Nokia Signal Booster, Full Size",7461.7878,1070.4978,66,14.346398325613066,High Value
"Novimex Rocking Chair, Set of Two",7459.7896,935.0096,76,12.53399425635275,High Value
"Dania Corner Shelving, Metal",7417.381,1923.621,85,25.9339651016983,High Value
"Safco 3-Shelf Cabinet, Pine",7412.9091,24.659099999999977,52,0.3326507807845637,Needs Attention
Hon 94000 Series Round Tables,7404.5,-681.2139999999999,30,-9.2,Needs Attention
Logitech diNovo Edge Keyboard,7399.704,1432.4426999999998,31,19.35810810810811,High Value
"Bevis Conference Table, with Bottom Storage",7399.3176,387.6876,12,5.2395047889281035,High Value
"Hoover Microwave, Silver",7377.9202,2630.4602,29,35.65313975610634,High Value
"StarTech Inkjet, White",7368.378,2355.288,30,31.964809622959084,High Value
"Sauder Corner Shelving, Mobile",7335.187199999999,1043.4371999999998,61,14.225092987401874,High Value
"Cuisinart Microwave, Silver",7324.6089999999995,975.289,30,13.315236349134816,High Value
"Harbour Creations Rocking Chair, Set of Two",7300.7348,-1477.9951999999998,80,-20.24447183042452,Needs Attention
"Nokia Speaker Phone, Cordless",7279.86,1383.06,75,18.99844227773611,High Value
"Ikea Stackable Bookrack, Metal",7279.686,101.64599999999999,84,1.3962964886122835,High Value
"Enermax Numeric Keypad, Bluetooth",7268.8294,422.9994,167,5.819360680001652,High Value
"Safco 3-Shelf Cabinet, Traditional",7260.12,555.09,57,7.645741392704252,High Value
Bretford CR4500 Series Slim Rectangular Table,7242.768,-532.7613,29,-7.355769230769231,Needs Attention
"Dania 3-Shelf Cabinet, Mobile",7227.294,-100.26599999999999,56,-1.387324218441923,Needs Attention
"Lesro Computer Table, Fully Assembled",7223.262,-2322.8379999999997,34,-32.15774258222947,Needs Attention
"Novimex Rocking Chair, Black",7219.7,-339.7000000000001,87,-4.70518165574747,Needs Attention
"Hewlett Fax Machine, Digital",7177.3176,2377.0776,26,33.119303512498874,High Value
"HP Personal Copier, Digital",7152.74388,507.47387999999995,64,7.094814081334057,High Value
"SAFCO Rocking Chair, Red",7141.6857,1064.4657,71,14.904964243945933,High Value
"Hewlett Personal Copier, Laser",7140.11466,307.61466,61,4.308259385851375,High Value
Samsung Galaxy S III - 16GB - pebble blue (T-Mobile),7139.796,83.99760000000003,28,1.1764705882352946,Needs Attention
"Eldon Frame, Durable",7124.9344,1464.3844000000001,80,20.552952740168386,High Value
"Deflect-O Frame, Erganomic",7106.364,-337.026,84,-4.742594102975868,Needs Attention
"Konica Printer, Wireless",7097.76,425.0700000000001,31,5.988790829782919,High Value
"Cisco Speaker Phone, Full Size",7063.9758,469.2258,65,6.642517093560824,High Value
"Canon Personal Copier, Color",7056.45756,567.23756,63,8.038559789765108,High Value
"KitchenAid Refrigerator, Red",7047.999,-1087.901,21,-15.435600941487081,Needs Attention
"StarTech Printer, Red",7042.296,444.9959999999999,39,6.3189050843645305,High Value
"SAFCO Rocking Chair, Adjustable",7034.88,1037.3999999999999,68,14.746520196506548,High Value
"Lesro Conference Table, Fully Assembled",7029.8925,-518.4775,12,-7.37532615185794,Needs Attention
"HP Ink, High-Speed",7024.5918,1343.3118,69,19.122987331448922,High Value
"Cardinal Binding Machine, Economy",7012.7589,1109.4589,174,15.820576692006338,High Value
Staples,7008.2,2611.0694,876,37.257347107673866,High Value
"Dania Corner Shelving, Pine",6999.1482000000005,417.3982,88,5.963557108277833,High Value
"Office Star Steel Folding Chair, Adjustable",6993.408,1895.978,102,27.110930750787027,High Value
"Sharp Personal Copier, Laser",6991.28,1214.8799999999999,73,17.37707544255129,High Value
"Cuisinart Microwave, Black",6988.9335,-551.6265,40,-7.8928566139597685,Needs Attention
"SAFCO Swivel Stool, Red",6977.907,1161.667,59,16.647785646899564,High Value
"SAFCO Steel Folding Chair, Red",6973.937,1420.357,101,20.366645124554466,High Value
Zebra ZM400 Thermal Label Printer,6965.700000000001,3343.536,6,48.0,High Value
"Nokia Speaker Phone, VoIP",6958.952,-342.44800000000004,79,-4.920970858830468,Needs Attention
"Ikea Corner Shelving, Mobile",6951.2716,912.7316,63,13.13042638126814,High Value
"Ibico Binding Machine, Recycled",6950.2568,863.9968,153,12.431149306598282,High Value
"Bevis Oval Conference Table, Walnut",6942.068,-856.0144,36,-12.330827067669173,Needs Attention
Hon GuestStacker Chair,6936.102,1233.0848,34,17.77777777777778,High Value
"Office Star Steel Folding Chair, Red",6913.7112,-889.7088,109,-12.868758533043728,Needs Attention
"Belkin Router, Programmable",6900.9625,1853.8024999999998,33,26.862955710888155,High Value
"Hamilton Beach Microwave, Black",6898.132,279.422,30,4.050690824704428,High Value
"HP Ink, Color",6892.30116,857.74116,67,12.44491701810662,High Value
"Novimex Rocking Chair, Adjustable",6887.952,603.292,78,8.758655693303321,High Value
"Safco 3-Shelf Cabinet, Mobile",6882.96,1060.28,53,15.404419029022398,High Value
"Epson Card Printer, Wireless",6881.2755,-664.9644999999999,55,-9.663390166546884,Needs Attention
"Konica Receipt Printer, Durable",6874.7466,1670.1966,59,24.294664184422444,High Value
"Sauder Corner Shelving, Metal",6866.9004,1233.3804,66,17.96123910578345,High Value
"Hon Swivel Stool, Set of Two",6833.974,791.614,56,11.58350909734219,High Value
Hoover Upright Vacuum With Dirt Cup,6832.907999999999,460.3526999999999,31,6.73728813559322,High Value
"Bush Corner Shelving, Mobile",6831.9617,127.24169999999998,77,1.8624475017182835,High Value
"Tennsco Snap-Together Open Shelving Units, Starter Sets and Add-On Units",6819.312,181.66199999999998,25,2.663934426229508,High Value
"Belkin Memory Card, USB",6816.4686,-1264.9314,75,-18.556990052004345,Needs Attention
"Avery Binding Machine, Durable",6811.841,12.260999999999978,167,0.17999539331584483,Needs Attention
"Hon Wood Table, Rectangular",6805.18,1.4999999999999716,18,0.022042032686864586,Needs Attention
"Sauder 3-Shelf Cabinet, Traditional",6787.7652,40.32519999999998,58,0.5940865485447254,Needs Attention
GBC DocuBind 300 Electric Binding Machine,6785.142,494.4212000000001,23,7.286821705426358,High Value
Bretford CR8500 Series Meeting Room Furniture,6776.562,461.12700000000007,21,6.804733727810652,High Value
"Bush Corner Shelving, Pine",6775.4626,2330.5126,71,34.396361364314814,High Value
"Memorex Memory Card, Erganomic",6773.4144,407.8344,86,6.021105101734216,High Value
Cisco Unified IP Phone 7945G VoIP phone,6751.602,102.29699999999998,26,1.515151515151515,High Value
"Hewlett Ink, Digital",6749.25216,1498.45216,65,22.201751015922927,High Value
Hon Every-Day Series Multi-Task Chairs,6748.482,281.97,43,4.178272980501394,High Value
"Deflect-O Frame, Durable",6745.41,2203.17,77,32.66176555613372,High Value
"Rogers Shelving, Wire Frame",6740.364,1038.574,144,15.408277653847776,High Value
"Deflect-O Frame, Black",6739.95,1526.35,85,22.646310432569976,High Value
"Binney & Smith Sketch Pad, Blue",6739.8688,618.4588,185,9.176125208846795,High Value
"Bush Stackable Bookrack, Traditional",6732.1976,363.6676,64,5.4019151190689945,High Value
"Barricks Round Table, Fully Assembled",6716.4596,346.93960000000004,20,5.165513092641844,High Value
"Rogers Trays, Industrial",6701.0552,1831.3752,127,27.32965399240406,High Value
"Lesro Computer Table, Adjustable Height",6700.984,138.71400000000003,23,2.0700541890564135,High Value
ClearOne CHATAttach 160 - speaker phone,6695.892,1053.9830000000002,13,15.740740740740744,High Value
"SanDisk Memory Card, Bluetooth",6654.672,294.37199999999996,73,4.423538831064851,High Value
"Rubbermaid Frame, Erganomic",6642.9822,1241.7522000000001,79,18.69269196596673,High Value
"Ikea 3-Shelf Cabinet, Mobile",6624.672,598.9920000000001,63,9.041836335444232,High Value
"HP Fax and Copier, Color",6609.08274,1558.16274,51,23.576081603118197,High Value
"Hewlett Personal Copier, Color",6606.6856800000005,1232.93568,59,18.661939431027992,High Value
Standard Rollaway File with Lock,6594.954,1261.33,40,19.12568306010929,High Value
Hon Multipurpose Stacking Arm Chairs,6584.64,814.4159999999999,36,12.368421052631577,High Value
"Dual Level, Single-Width Filing Carts",6574.544,1640.5348000000001,43,24.952830188679247,High Value
"Sauder Corner Shelving, Traditional",6555.341,814.131,56,12.419353928346366,High Value
"Ikea Stackable Bookrack, Traditional",6543.3204000000005,1520.8704,62,23.24309841223731,High Value
"Cisco Speaker Phone, VoIP",6540.0421,729.2521,65,11.150571951211141,High Value
"BIC Canvas, Fluorescent",6534.1944,1799.3844,137,27.53796856732637,High Value
"Nokia Speaker Phone, with Caller ID",6522.4345,563.7544999999999,64,8.643314087707585,High Value
Balt Solid Wood Round Tables,6518.754,-1201.0581,19,-18.424657534246574,Needs Attention
"Harbour Creations Steel Folding Chair, Black",6518.6452,144.42519999999996,87,2.215570806031903,High Value
"Hon Computer Table, Fully Assembled",6502.7655,203.29549999999998,25,3.1262929595108417,High Value
"Barricks Conference Table, with Bottom Storage",6500.74,-1838.37,13,-28.27939588416088,Needs Attention
Hon Pagoda Stacking Chairs,6483.796,1540.704,22,23.762376237623762,High Value
"HP Fax Machine, Color",6483.48748,-123.85252000000003,28,-1.9102762268309341,Needs Attention
"Lesro Wood Table, Adjustable Height",6480.756,-711.044,24,-10.971621212093156,Needs Attention
"Dania Floating Shelf Set, Traditional",6479.331,-765.909,58,-11.82080372186573,Needs Attention
"Avery Binding Machine, Clear",6479.284,-167.436,162,-2.5841744242110707,Needs Attention
"Novimex Steel Folding Chair, Black",6471.248,519.468,113,8.027323323105527,High Value
"Canon Ink, Laser",6459.2964,2668.2264,48,41.30831339462917,High Value
"Hon Wood Table, with Bottom Storage",6446.804,-304.876,18,-4.729102978778322,Needs Attention
"Bush Stackable Bookrack, Mobile",6443.1050000000005,1674.555,64,25.98987599922708,High Value
"Brother Personal Copier, Digital",6429.0532,302.69320000000005,62,4.708208045315289,High Value
"Barricks Conference Table, Adjustable Height",6425.508,-1924.852,14,-29.956417453686157,Needs Attention
"Ikea 3-Shelf Cabinet, Metal",6424.759,-394.721,65,-6.143747960040214,Needs Attention
"Ibico Binding Machine, Durable",6411.258,1821.978,148,28.41841647926195,High Value
"Global Leather and Oak Executive Chair, Black",6410.874,854.7832000000001,26,13.333333333333336,High Value
Sharp AL-1530CS Digital Copier,6399.872,2064.9587,17,32.265625,High Value
"Hon Round Table, with Bottom Storage",6362.889999999999,-1324.65,19,-20.81837026885582,Needs Attention
"Safco Corner Shelving, Mobile",6352.764,1318.704,53,20.75795669412558,High Value
"HP Personal Copier, Laser",6337.79568,2045.83568,65,32.27992480817873,High Value
"Advantus Frame, Durable",6335.7875,-205.76250000000002,77,-3.247623124986436,Needs Attention
"Apple Signal Booster, VoIP",6335.62,559.67,52,8.833705304295396,High Value
"Safco Corner Shelving, Metal",6321.6539999999995,75.83399999999995,58,1.1995911196658335,Needs Attention
"Cisco Headset, with Caller ID",6276.8816,2079.0816,81,33.12284239995861,High Value
"Canon Personal Copier, Laser",6269.1408,1908.1408,50,30.437038517303677,High Value
"Logitech Memory Card, Erganomic",6265.3475,-717.6125,78,-11.45367435724834,Needs Attention
"Rogers Trays, Wire Frame",6253.8075,2016.7675000000002,127,32.248634132086735,High Value
Polycom VVX 310 VoIP phone,6227.654,899.95,40,14.45086705202312,High Value
"Cuisinart Refrigerator, White",6202.460999999999,1497.381,14,24.14172374481678,High Value
"Brother Personal Copier, Color",6195.22092,1504.90092,64,24.29131970325281,High Value
"SanDisk Keyboard, Programmable",6191.9676,625.7375999999999,104,10.105634273667711,High Value
"Apple Speaker Phone, Cordless",6186.8165,-406.10350000000005,73,-6.564013980372621,Needs Attention
"Ikea Stackable Bookrack, Pine",6184.107,2182.827,55,35.297367914235636,High Value
"BIC Canvas, Blue",6172.456999999999,-232.893,130,-3.773100403939631,Needs Attention
"Motorola Signal Booster, VoIP",6171.3498,-340.51020000000005,58,-5.517596814881569,Needs Attention
"Konica Printer, Durable",6149.682,1057.262,29,17.192140992005765,High Value
"Hon Wood Table, Fully Assembled",6141.408,823.9380000000001,18,13.41610913979335,High Value
"Okidata Receipt Printer, Wireless",6141.403,1414.593,58,23.033710700958725,High Value
"Apple Headset, Full Size",6138.1984999999995,1476.5285,98,24.054753198352905,High Value
Samsung Galaxy S4,6134.701999999999,438.193,13,7.142857142857144,High Value
"Sharp Ink, Laser",6131.83714,255.45714000000004,63,4.166078357390948,High Value
"Epson Printer, Red",6128.8402,267.2402,28,4.360371477787918,High Value
"Bush 3-Shelf Cabinet, Traditional",6111.8631000000005,878.6731,51,14.3765180211579,High Value
Samsung Galaxy S4 Mini,6109.87,1104.4765,15,18.076923076923077,High Value
Global Comet Stacking Arm Chair,6084.144,697.1415,17,11.458333333333332,High Value
"Apple Speaker Phone, with Caller ID",6070.059,350.579,65,5.775545180038613,High Value
"Novimex Swivel Stool, Set of Two",6051.573,1448.013,45,23.92787792529314,High Value
"Tenex Shelving, Industrial",6049.0418,528.8018,144,8.74191016501159,High Value
"Boston Sketch Pad, Blue",6037.416,2136.136,143,35.381626841681936,High Value
"Tenex Trays, Industrial",6024.6504,210.8304,139,3.499462807003706,High Value
"Smead Shelving, Blue",6008.7671,1336.1071,147,22.235960851270136,High Value
Global Ergonomic Managers Chair,6008.536,785.4532,39,13.072289156626507,High Value
"Bush Corner Shelving, Metal",6007.900000000001,496.24,69,8.259791274821485,High Value
Canon PC1080F Personal Copier,5999.900000000001,1973.9671,11,32.9,High Value
"Global Leather Highback Executive Chair with Pneumatic Height Adjustment, Black",5989.204,267.3034,39,4.4630872483221475,High Value
"Barricks Coffee Table, Adjustable Height",5977.6315,-978.6985,38,-16.372680383526482,Needs Attention
"Novimex Steel Folding Chair, Set of Two",5971.6096,-397.5104,93,-6.656670925038369,Needs Attention
Hon 5100 Series Wood Tables,5965.09,-238.60359999999997,26,-3.9999999999999996,Needs Attention
"Wilson Jones Binding Machine, Recycled",5962.4592,280.9592,146,4.712136227280181,High Value
"Fellowes Trays, Industrial",5918.3649000000005,777.9549,122,13.144760641575173,High Value
"Fellowes Trays, Wire Frame",5908.539,644.3389999999999,124,10.905217008807083,High Value
"Sanyo Counter Height Refrigerator with Crisper, 3.6 Cubic Foot, Stainless Steel/Black",5906.52,1653.8256000000001,18,28.000000000000004,High Value
Hon 4070 Series Pagoda Round Back Stacking Chairs,5906.032,1052.8144,21,17.82608695652174,High Value
"Nokia Audio Dock, Cordless",5895.5137,630.4137000000001,46,10.693108897363771,High Value
"Wilson Jones Binding Machine, Economy",5883.8496000000005,840.3095999999999,151,14.281629496443959,High Value
"Acco Binding Machine, Clear",5871.0455,512.8855,144,8.735846111224992,High Value
"Ibico Binding Machine, Clear",5865.276800000001,849.2568,132,14.479398482949687,High Value
Global Leather Executive Chair,5861.532999999999,701.9799999999999,21,11.976047904191617,High Value
"Konica Phone, Wireless",5857.7597,1074.4697,79,18.342672882262484,High Value
"Hewlett Fax and Copier, Digital",5856.66756,1262.94756,40,21.564269220703387,High Value
"Tenex Trays, Single Width",5854.6656,1614.0356,133,27.568365305099572,High Value
"Safco Stackable Bookrack, Traditional",5845.0724,-397.1776,56,-6.795084351735318,Needs Attention
"Brother Personal Copier, Laser",5835.1513,640.2013,52,10.971460157339877,High Value
"HP Fax and Copier, High-Speed",5826.07074,928.97074,46,15.945064546195331,High Value
"Samsung Speaker Phone, VoIP",5812.954,1680.574,50,28.910842920828205,High Value
"KitchenAid Blender, Silver",5810.403,1791.543,73,30.83336904514196,High Value
"Office Impressions End Table, 20-1/2""H x 24""W x 20""D",5801.816,-66.82720000000003,23,-1.1518324607329848,Needs Attention
"Breville Stove, White",5800.1503999999995,-270.6296,15,-4.665906594422103,Needs Attention
Zebra GX420t Direct Thermal/Thermal Transfer Printer,5787.3550000000005,509.712,14,8.807339449541283,High Value
Iceberg Mobile Mega Data/Printer Cart ,5751.773999999999,1388.6082,49,24.14225941422594,High Value
"Hon Training Table, Adjustable Height",5726.619,1911.789,19,33.38425343121308,High Value
"Harbour Creations Steel Folding Chair, Set of Two",5714.3222000000005,342.58220000000006,77,5.99515022096584,High Value
Safco Contoured Stacking Chairs,5697.76,870.16,27,15.271966527196652,High Value
"Bush 3-Shelf Cabinet, Metal",5695.1082,1243.1682,49,21.82870204292168,High Value
"SanDisk Numeric Keypad, Bluetooth",5688.0665,441.6965,130,7.765318847801797,High Value
"Epson Card Printer, White",5682.7112,-152.03880000000004,48,-2.6754623743680663,Needs Attention
Canon PC940 Copier,5669.874,2092.4535,15,36.904761904761905,High Value
"Fellowes Shelving, Wire Frame",5668.6154,1953.4754,131,34.46124427492471,High Value
"Apple Headset, Cordless",5667.658,729.568,97,12.872477485409316,High Value
"Logitech Keyboard, Erganomic",5662.4876,709.8676,93,12.536320609337848,High Value
"Bevis Round Table, Adjustable Height",5654.796,-3649.8940000000002,22,-64.54510472172647,Needs Attention
"SanDisk Memory Card, Erganomic",5652.4490000000005,83.51899999999999,60,1.4775719338644184,Needs Attention
"Motorola Audio Dock, Full Size",5646.7578,965.3478,37,17.095611927963333,High Value
"Rubbermaid Frame, Durable",5641.4556,114.24559999999998,68,2.0251085553168227,High Value
Bretford Just In Time Height-Adjustable Multi-Task Work Tables,5634.9,-964.194,17,-17.11111111111111,Needs Attention
"Canon Personal Copier, Digital",5626.28808,931.31808,53,16.55297536773126,High Value
"Canon Fax and Copier, Color",5619.92256,1235.68256,35,21.98753713787828,High Value
"Samsung Audio Dock, VoIP",5616.858,1453.338,47,25.874572581325715,High Value
Logitech Z-906 Speaker sys - home theater - 5.1-CH,5609.83,2243.9320000000002,17,40.0,High Value
"Sanford Pencil Sharpener, Water Color",5581.9741,601.9441,259,10.783713596951301,High Value
"Harbour Creations Chairmat, Red",5575.68,1406.88,95,25.232438016528924,High Value
Deluxe Rollaway Locking File with Drawer,5572.792,1380.7216,14,24.776119402985074,High Value
"Tenex Shelving, Wire Frame",5566.428,-501.66200000000003,136,-9.012278610268561,Needs Attention
"Nokia Headset, with Caller ID",5565.1332,127.6032,101,2.2929046873487233,High Value
"Acco Binding Machine, Recycled",5563.46,954.59,133,17.158207302649792,High Value
"Lesro Wood Table, Fully Assembled",5556.465,-1296.1450000000002,27,-23.32679140424713,Needs Attention
"Canon Ink, Color",5553.10548,1399.60548,46,25.204013952927827,High Value
"Hon Training Table, Fully Assembled",5552.7915,1341.8515,22,24.16534998657882,High Value
"Ibico Binding Machine, Economy",5539.4766,668.5766,135,12.069309941664885,High Value
"Stanley Pencil Sharpener, Water Color",5537.229,125.53900000000002,242,2.2671809311119335,High Value
"Avery Binding Machine, Economy",5535.3628,307.1928,130,5.549641660344286,High Value
"Office Star Chairmat, Adjustable",5534.9316,1305.8516,97,23.592913054246235,High Value
"Belkin Memory Card, Bluetooth",5522.361,423.741,66,7.673185436446476,High Value
"Eldon Frame, Duo Pack",5518.9095,735.5295000000001,65,13.327442676854915,High Value
"Nokia Headset, Cordless",5509.632,1368.512,96,24.83853731065886,High Value
"Atlantic Metals Mobile 5-Shelf Bookcases, Custom Colors",5492.885,15.049000000000007,26,0.2739726027397261,Needs Attention
"Dania Floating Shelf Set, Mobile",5474.0595,676.1295,47,12.351519014362193,High Value
"Dania Corner Shelving, Mobile",5444.1677,706.6877,57,12.980637977041006,High Value
"Global High-Back Leather Tilter, Burgundy",5436.158,-474.7414,54,-8.733031674208144,Needs Attention
"Office Star Swivel Stool, Black",5432.8651,259.18510000000003,48,4.770689042140951,High Value
Hon Olson Stacker Chairs,5427.99,1292.1264,22,23.80487804878049,High Value
"Dania Stackable Bookrack, Mobile",5418.861,1421.221,63,26.227301272352253,High Value
"Advantus Frame, Erganomic",5416.4006,1402.6006,65,25.895436906937793,High Value
"SanDisk Memory Card, Programmable",5407.3077,9.757700000000048,66,0.18045394383604335,Needs Attention
"HP Personal Copier, High-Speed",5401.56402,34.29401999999999,54,0.6348905589755464,Needs Attention
Ibico Hi-Tech Manual Binding System,5398.323,-304.98999999999995,34,-5.649717514124292,Needs Attention
"Brother Ink, High-Speed",5380.396,602.176,48,11.192038652916999,High Value
"Harbour Creations Rocking Chair, Red",5379.5716,-13.528399999999998,48,-0.2514772737665579,Needs Attention
"Boston Canvas, Water Color",5379.5282,309.8682,116,5.760137106447365,High Value
"Barricks Wood Table, with Bottom Storage",5374.348900000001,135.91889999999995,17,2.5290300746942562,High Value
"Binney & Smith Canvas, Blue",5357.8752,195.8052,132,3.6545308110200105,High Value
"Eldon Shelving, Single Width",5355.986,-834.304,136,-15.57703847620214,Needs Attention
"Nokia Speaker Phone, Full Size",5336.402,325.832,54,6.105836854120061,High Value
"StarTech Card Printer, Red",5333.58,629.58,35,11.804079061343414,High Value
Wilson SignalBoost 841262 DB PRO Amplifier Kit,5327.26,1043.8549999999998,17,19.59459459459459,High Value
"Nokia Office Telephone, Full Size",5326.4412,300.7912,105,5.647132648343137,High Value
"Barricks Training Table, Rectangular",5325.5682,-632.0717999999999,25,-11.86862652514712,Needs Attention
"Cisco Headset, Full Size",5323.0827,1372.1027,68,25.77646783507609,High Value
"Office Star Bag Chairs, Set of Two",5315.7489,-291.5811,149,-5.48523087687607,Needs Attention
"Konica Inkjet, Durable",5301.450000000001,560.9100000000001,19,10.58031293325411,High Value
"Sanford Canvas, Fluorescent",5299.8556,1299.6856,119,24.523037948430144,High Value
"Sanford Canvas, Blue",5299.548,705.768,128,13.31751311621293,High Value
Hon Olson Stacker Stools,5294.456,833.5952,44,15.74468085106383,High Value
GE 30524EE4,5291.7300000000005,838.8371999999999,32,15.851851851851851,High Value
"HP Ink, Digital",5286.49572,1120.07572,49,21.187489394203084,High Value
Hon 2090 Pillow Soft Series Mid Back Swivel/Tilt Chairs,5282.424,-989.0496,24,-18.72340425531915,Needs Attention
"BIC Sketch Pad, Water Color",5271.264,734.754,118,13.938857928572729,High Value
"Bush 3-Shelf Cabinet, Mobile",5260.7934,-113.03659999999999,51,-2.1486606944116073,Needs Attention
"Okidata Printer, Red",5233.305,-815.925,23,-15.591007976794776,Needs Attention
"Fellowes Shelving, Single Width",5219.874,926.694,108,17.753187145896625,High Value
"Lifetime Advantage Folding Chairs, 4/Carton",5212.112,972.6368,27,18.661087866108787,High Value
"Motorola Headset, with Caller ID",5199.3138,1311.2838,79,25.22032426663688,High Value
"HP Personal Copier, Color",5190.1344,728.6944,57,14.039990948981975,High Value
"Atlantic Metals Mobile 4-Shelf Bookcases, Custom Colors",5184.081,-126.44100000000005,27,-2.4390243902439033,Needs Attention
"Bevis Wood Table, Rectangular",5179.005,-233.83500000000004,13,-4.515056463548501,Needs Attention
"Stanley Sketch Pad, Fluorescent",5176.2201,1108.3700999999999,134,21.41273127083603,High Value
"Stanley Canvas, Blue",5169.2852,396.0452,121,7.661508016620944,High Value
"Hon Steel Folding Chair, Adjustable",5163.262,1077.502,83,20.868629172798126,High Value
"Ikea 3-Shelf Cabinet, Pine",5150.5578000000005,-519.4721999999999,45,-10.08574644090005,Needs Attention
"Sanford Canvas, Easy-Erase",5142.1489,353.5789,123,6.876092211176537,High Value
"Belkin Numeric Keypad, Bluetooth",5120.668,1796.208,108,35.077610967944025,High Value
Razer Tiamat Over Ear 7.1 Surround Sound PC Gaming Headset,5119.744000000001,2155.8922000000002,26,42.109375,High Value
"Binney & Smith Canvas, Fluorescent",5102.386,607.646,122,11.909055880915318,High Value
"Hewlett Ink, High-Speed",5101.6320000000005,42.16200000000003,42,0.8264414210981902,Needs Attention
"Chromcraft 48"" x 96"" Racetrack Double Pedestal Table",5098.176,-404.00640000000004,22,-7.9245283018867925,Needs Attention
"StarTech Printer, Wireless",5097.783,460.83299999999997,25,9.039870861509797,High Value
"Boston Pencil Sharpener, Water Color",5093.352,972.782,217,19.09905304011975,High Value
"Eldon Trays, Wire Frame",5085.9648,599.1148000000001,148,11.779766938221831,High Value
"Ikea Floating Shelf Set, Metal",5082.68,139.64000000000001,44,2.74736949798138,High Value
"Rogers Shelving, Industrial",5066.1925,787.6225000000001,99,15.546635861152138,High Value
"Tenex Frame, Erganomic",5060.036,987.3359999999999,62,19.51243034634536,High Value
"Smead Trays, Blue",5057.9184,346.63839999999993,140,6.853380631842537,High Value
"Apple Office Telephone, Cordless",5057.517,2007.417,94,39.691749923925116,High Value
"Sanford Sketch Pad, Fluorescent",5052.594,1565.964,136,30.993268012430843,High Value
"Bush Corner Shelving, Traditional",5044.3265,649.5465,58,12.876773539539919,High Value
"Hon Computer Table, with Bottom Storage",5043.186000000001,474.42599999999993,12,9.407267548728122,High Value
"StarTech Printer, Durable",5036.0985,-479.55150000000003,29,-9.52228198078334,Needs Attention
"Eldon Shelving, Industrial",5033.44,-216.15999999999997,132,-4.294478527607361,Needs Attention
"Konica Receipt Printer, Wireless",5020.4,805.93,44,16.05310333837941,High Value
"Tenex Frame, Duo Pack",5018.5576,-60.7524,64,-1.2105550009030484,Needs Attention
Hoover Shoulder Vac Commercial Portable Vacuum,5009.48,715.64,16,14.285714285714288,High Value
"Panasonic Card Printer, Durable",5001.9346000000005,1017.8546,41,20.349218480385566,High Value
"Logitech Memory Card, Bluetooth",4996.7,-240.65999999999997,78,-4.816378810014609,Needs Attention
"Epson Inkjet, White",4992.7995,375.5295,18,7.521421599245072,High Value
"Binney & Smith Sketch Pad, Water Color",4980.525,1119.125,112,22.47002073074626,High Value
Panasonic KX-TG9471B,4978.146000000001,1168.1004,27,23.464566929133856,High Value
"Cisco Headset, Cordless",4965.8717,32.26169999999997,72,0.6496684157184321,Needs Attention
Chromcraft Rectangular Conference Tables,4952.673,-450.243,30,-9.090909090909092,Needs Attention
"Chromcraft Wood Table, Adjustable Height",4944.0419999999995,872.202,14,17.64147634668152,High Value
"Okidata Receipt Printer, Red",4928.463,-179.27700000000007,49,-3.6375843746823318,Needs Attention
"Samsung Office Telephone, Cordless",4928.268,171.948,88,3.4890148019547635,High Value
"Tenex Trays, Blue",4922.4487,581.3086999999999,115,11.80933993278589,High Value
"Enermax Memory Card, Programmable",4919.1442,1347.9342000000001,54,27.401802939625153,High Value
Apple iPhone 5S,4901.914000000001,512.991,11,10.465116279069765,High Value
"Okidata Receipt Printer, Durable",4900.2849,-230.13509999999997,44,-4.696361633993974,Needs Attention
"Fellowes Trays, Single Width",4893.9066,1524.3066000000001,110,31.147030881218697,High Value
O'Sullivan 2-Door Barrister Bookcase in Odessa Pine,4886.46,566.4674,31,11.592592592592592,High Value
"Advantus Frame, Black",4881.872,-308.75800000000004,67,-6.324582045575959,Needs Attention
"Chromcraft Round Table, with Bottom Storage",4881.195,186.615,18,3.823141669201907,High Value
"Deflect-O Frame, Duo Pack",4879.632,-527.328,59,-10.80671657206937,Needs Attention
"Panasonic Inkjet, Wireless",4871.7249,302.60490000000004,17,6.211452949652392,High Value
"Samsung Headset, Cordless",4871.5095,1343.9495,86,27.587947842450067,High Value
"Apple Headset, with Caller ID",4864.464,374.624,82,7.701239026540232,High Value
Brother DCP1000 Digital 3 in 1 Multifunction Machine,4859.838,1154.9615000000001,19,23.765432098765434,High Value
"Enermax Keyboard, Erganomic",4858.5914999999995,1149.6615,78,23.662444146621507,High Value
"Tenex Trays, Wire Frame",4847.592,1673.3319999999999,110,34.51882914238657,High Value
"Boston Sketch Pad, Fluorescent",4846.2258,147.4658,110,3.042899899546571,High Value
"Novimex Steel Folding Chair, Red",4845.2657,337.09569999999997,84,6.957218053078079,High Value
"Memorex Memory Card, Programmable",4840.5246,552.3246,62,11.410428530824944,High Value
"Binney & Smith Pencil Sharpener, Water Color",4836.1768,1215.2968,207,25.12928807730933,High Value
Fellowes Staxonsteel Drawer Files,4829.25,509.9688,26,10.56,High Value
"Brother Ink, Digital",4824.2361200000005,866.65612,44,17.96462897840083,High Value
"Hewlett Fax and Copier, Color",4820.31294,1162.85294,29,24.12401340897174,High Value
"Stanley Canvas, Fluorescent",4812.2478,1325.8078,115,27.550696786645112,High Value
"Bush Floating Shelf Set, Traditional",4805.8362,653.6562,37,13.601300019338987,High Value
"StarTech Card Printer, Wireless",4803.63,-128.12999999999997,40,-2.667357810655691,Needs Attention
"Konica Receipt Printer, White",4796.235,1211.985,45,25.26950827054971,High Value
"Dania 3-Shelf Cabinet, Traditional",4789.0255,706.1955,41,14.746121105431575,High Value
"Hamilton Beach Microwave, Silver",4787.094,237.65399999999997,24,4.964473227390145,High Value
"Memorex Keyboard, Programmable",4783.16,722.25,89,15.099850308164479,High Value
"Wilson Jones Binding Machine, Durable",4783.1034,-256.0966,131,-5.354193262892875,Needs Attention
"Fellowes Trays, Blue",4782.6913,-575.0687,113,-12.023956051689975,Needs Attention
Smead Adjustable Mobile File Trolley with Lockable Top,4778.766,1106.6616,12,23.157894736842106,High Value
High-Back Leather Manager's Chair,4770.633,-197.5848,42,-4.141689373297003,Needs Attention
"Motorola Headset, Full Size",4747.5477,706.8877,77,14.889533390048928,High Value
"Okidata Printer, Durable",4742.9338,-626.0662,30,-13.199977617229235,Needs Attention
"Motorola Office Telephone, Full Size",4742.1625,791.5324999999999,88,16.691382887026748,High Value
"HP Fax and Copier, Laser",4732.22982,1104.68982,31,23.343959655788655,High Value
"Konica Card Printer, Wireless",4729.59,1288.74,32,27.248450711372445,High Value
"Apple Audio Dock, Cordless",4727.259,381.639,31,8.073156135511086,High Value
"Chromcraft Wood Table, Rectangular",4724.0856,-665.7544,20,-14.092767497693098,Needs Attention
"Ikea Floating Shelf Set, Mobile",4713.316,872.716,37,18.515966253907017,High Value
"KitchenAid Toaster, White",4712.1516,1666.1916,62,35.35946509021484,High Value
"Novimex Chairmat, Set of Two",4711.6125,1354.7325,102,28.753054288738728,High Value
"Konica Card Printer, Durable",4709.458,-612.732,44,-13.010669168299197,Needs Attention
"Eldon Shelving, Blue",4705.1328,864.8028,132,18.37998706433961,High Value
SAFCO Boltless Steel Shelving,4704.696,-470.4696,46,-10.0,Needs Attention
"Sharp Ink, High-Speed",4677.4897599999995,259.14976,44,5.540359750568434,High Value
"Rogers Trays, Blue",4654.784,693.2239999999999,94,14.892721123042444,High Value
"Tenex Frame, Black",4652.154,370.544,53,7.964998579152796,High Value
"Epson Receipt Printer, Wireless",4644.1404999999995,98.32049999999998,52,2.117087112243912,High Value
"Memorex Memory Card, Bluetooth",4640.3308,1190.7908,59,25.661765320696535,High Value
Global Executive Mid-Back Manager's Chair,4626.582,750.7284,18,16.22641509433962,High Value
DMI Arturo Collection Mission-style Design Wood Chair,4619.987999999999,486.15560000000005,37,10.522875816993468,High Value
Polycom CX600 IP Phone VoIP phone,4619.23,896.8505,17,19.415584415584416,High Value
"Novimex Steel Folding Chair, Adjustable",4617.24,-27.9,71,-0.6042570886503625,Needs Attention
"BIC Canvas, Water Color",4615.2432,-215.5368,91,-4.6701070920813015,Needs Attention
"Enermax Keyboard, USB",4610.217,786.527,72,17.060520144713365,High Value
"Samsung Office Telephone, Full Size",4608.6996,19.599600000000024,100,0.4252739753313499,Needs Attention
"Apple Office Telephone, VoIP",4602.048,1016.778,94,22.094032917518465,High Value
Letter Size Cart,4600.092,1252.8822,33,27.236024844720497,High Value
"Rogers Shelving, Blue",4591.407,216.207,91,4.708948694811851,High Value
"Wilson Jones Binding Machine, Clear",4576.1742,898.3142,111,19.63024484513723,High Value
"Stanley Canvas, Easy-Erase",4571.935,856.515,110,18.734190227988805,High Value
"Ikea 3-Shelf Cabinet, Traditional",4560.9288,1369.2287999999999,41,30.020832598833813,High Value
"Hon Steel Folding Chair, Set of Two",4554.158100000001,420.0081,87,9.222519086458592,High Value
KI Adjustable-Height Table,4552.641,-248.4822,74,-5.457979225684609,Needs Attention
"Harbour Creations Chairmat, Set of Two",4550.535,-227.73499999999999,82,-5.004576384974514,Needs Attention
"Binney & Smith Sketch Pad, Fluorescent",4549.2824,-572.6676,132,-12.588086419959332,Needs Attention
"Bevis Training Table, Adjustable Height",4547.2994,-316.16060000000004,22,-6.9527113169632075,Needs Attention
"Hon Bag Chairs, Set of Two",4546.45,221.35,138,4.8686337692045445,High Value
"Bevis Round Bullnose 29"" High Table Top",4544.925,-192.18540000000002,24,-4.228571428571429,Needs Attention
"Dania 3-Shelf Cabinet, Metal",4541.999,280.6190000000001,43,6.1783148785369635,High Value
"Smead Trays, Industrial",4537.776,995.106,120,21.92937685773824,High Value
"Apple Speaker Phone, Full Size",4535.076,385.38599999999997,49,8.497895073864251,High Value
"Chromcraft Conference Table, Adjustable Height",4520.11,90.20000000000005,10,1.9955266575370965,Needs Attention
Fellowes Officeware Wire Shelving,4509.465999999999,-332.371,55,-7.370517928286853,Needs Attention
Samsung Galaxy Note 2,4507.902,-128.79719999999998,14,-2.8571428571428568,Needs Attention
"Stanley Canvas, Water Color",4503.1545,1484.5445,98,32.96676807335835,High Value
"Okidata Card Printer, Durable",4492.0035,-423.2065,32,-9.421330593353277,Needs Attention
"Okidata Card Printer, Red",4480.182,243.37199999999999,34,5.432190031565682,High Value
"Fellowes Strictly Business Drawer File, Letter/Legal Size",4479.03,388.746,33,8.679245283018867,High Value
Sanyo 2.5 Cubic Foot Mid-Size Office Refrigerators,4476.96,956.9502,17,21.375,High Value
"Konica Receipt Printer, Red",4473.52,433.51,46,9.690579230672936,High Value
"Fiskars Trimmer, Easy Grip",4466.8104,1381.9404,119,30.937968622979827,High Value
"Advantus Frame, Duo Pack",4453.870800000001,916.2708,55,20.572460251877985,High Value
"Ikea Corner Shelving, Metal",4449.9264,-523.7436,46,-11.769713764254618,Needs Attention
"Canon Ink, High-Speed",4448.1945,530.5045,37,11.926288295172347,High Value
"Riverside Furniture Oval Coffee Table, Oval End Table, End Table with Drawer",4446.175,-1147.4,25,-25.806451612903224,Needs Attention
"Avery Binding Machine, Recycled",4438.332,1264.422,112,28.488675475381292,High Value
Nortel Meridian M3904 Professional Digital phone,4434.912,936.2592000000001,32,21.11111111111111,High Value
"Acco Binding Machine, Economy",4429.6733,229.7933,110,5.18759024508647,High Value
"Cisco Office Telephone, VoIP",4420.8525,472.04249999999996,93,10.677635139376397,High Value
Global Commerce Series Low-Back Swivel/Tilt Chairs,4420.056,41.1168,24,0.9302325581395349,Needs Attention
"SAFCO Steel Folding Chair, Set of Two",4414.712399999999,1247.4624000000001,80,28.256934698622732,High Value
"Hewlett Ink, Color",4412.92752,201.64752,33,4.569472738586923,High Value
"Tenex Shelving, Blue",4410.5154,-725.5046,108,-16.449429016844604,Needs Attention
"Smead Trays, Wire Frame",4401.545,248.875,111,5.654264582095605,High Value
Sharp 1540cs Digital Laser Copier,4399.92,1649.97,10,37.5,High Value
"Tenex Shelving, Single Width",4397.9875,599.9875,97,13.642319356296486,High Value
"Hon Chairmat, Set of Two",4395.9024,1211.7924,96,27.566408207789145,High Value
"Sanford Pencil Sharpener, Easy-Erase",4393.095,1837.895,193,41.83599489653649,High Value
"Binney & Smith Canvas, Water Color",4389.561,1534.221,99,34.951581718536325,High Value
Logitech G19 Programmable Gaming Keyboard,4389.246,729.0612,36,16.610169491525422,High Value
"Tennsco Stur-D-Stor Boltless Shelving, 5 Shelves, 24"" Deep, Sand",4384.044,-36.533699999999996,33,-0.8333333333333334,Needs Attention
"SAFCO Steel Folding Chair, Adjustable",4382.364,1244.904,60,28.407133684011647,High Value
"Smead Trays, Single Width",4381.5849,578.4849,126,13.202640441818211,High Value
"Acco Binding Machine, Durable",4377.241,1235.821,94,28.23287545739428,High Value
"Smead Shelving, Wire Frame",4351.68,438.56,125,10.077946907860872,High Value
"Office Star Chairmat, Set of Two",4351.2613,1426.1713,87,32.7760435807429,High Value
"Eldon Frame, Erganomic",4349.744,-310.786,56,-7.14492623014136,Needs Attention
"Apple Headset, VoIP",4349.4105,209.68050000000002,74,4.82089469366021,High Value
"Memorex Numeric Keypad, Bluetooth",4335.4866,879.5666,121,20.287609699912345,High Value
"Hon Practical Foundations 30 x 60 Training Table, Light Gray/Charcoal",4334.827499999999,430.0695,22,9.921259842519687,High Value
"Hon Steel Folding Chair, Red",4333.1723999999995,1000.5324,71,23.090066760325534,High Value
Bevis 36 x 72 Conference Tables,4332.252,448.164,40,10.344827586206895,High Value
GBC DocuBind TL200 Manual Binding Machine,4322.814,1592.4978,23,36.83937823834197,High Value
"Panasonic Receipt Printer, White",4322.6013,513.6213,42,11.882227028433087,High Value
"SAFCO Chairmat, Adjustable",4317.6676,-301.8224,102,-6.990403800422247,Needs Attention
"Enermax Keyboard, Programmable",4317.6672,989.9372,63,22.927593863649335,High Value
"Green Bar Cards & Envelopes, Multicolor",4306.04,61.579999999999984,110,1.4300842537459006,Needs Attention
"Belkin Memory Card, Erganomic",4305.0872,967.6772,58,22.47752844588142,High Value
"Tenex Frame, Durable",4304.2989,521.1488999999999,52,12.107637320447239,High Value
"Chromcraft Bull-Nose Wood 48"" x 96"" Rectangular Conference Tables",4297.644,-611.5877999999999,11,-14.230769230769228,Needs Attention
"Samsung Office Telephone, with Caller ID",4297.1284,298.40840000000003,97,6.944367778258617,High Value
"Enermax Memory Card, Erganomic",4284.17,1147.22,55,26.77811571436241,High Value
"Lesro Coffee Table, with Bottom Storage",4275.6,249.47999999999996,23,5.834970530451865,High Value
"Sanford Sketch Pad, Water Color",4269.5905999999995,1519.1106,97,35.57977198094825,High Value
"Cardinal Binding Machine, Recycled",4269.5721,527.7021,112,12.359601562882611,High Value
Cisco 9971 IP Video Phone Charcoal,4268.0,466.4,16,10.927835051546392,High Value
"Panasonic Receipt Printer, Durable",4259.904,786.8340000000001,46,18.470697931220982,High Value
"Samsung Headset, VoIP",4232.4975,1397.5275,72,33.018979928517375,High Value
"Samsung Headset, with Caller ID",4227.7880000000005,-175.172,72,-4.143348720418336,Needs Attention
"Belkin Keyboard, Erganomic",4226.6406,25.46059999999993,71,0.6023838412000284,Needs Attention
"Lesro Training Table, Adjustable Height",4223.8308,-1443.9792000000002,27,-34.18648303809898,Needs Attention
Motorola L703CM,4211.7300000000005,467.97,32,11.11111111111111,High Value
GBC DocuBind 200 Manual Binding Machine,4209.8,1052.45,15,25.0,High Value
Hewlett Packard 310 Color Digital Copier,4199.86,839.972,16,20.0,High Value
"SAFCO Commercial Wire Shelving, Black",4199.456,-635.444,35,-15.131578947368421,Needs Attention
"Boston Canvas, Blue",4187.1384,834.8184,88,19.93768345464769,High Value
Office Star - Mid Back Dual function Ergonomic High Back Chair with 2-Way Adjustable Arms,4185.48,342.88739999999996,31,8.192307692307692,High Value
Fellowes PB200 Plastic Comb Binding Machine,4181.754,693.5592,38,16.585365853658537,High Value
Cisco SPA301,4180.532,904.742,30,21.641791044776117,High Value
"Office Star Chairmat, Red",4180.0088,1185.3288,82,28.3570886262249,High Value
"Boston Canvas, Easy-Erase",4174.7904,495.47040000000004,97,11.86815031480383,High Value
"Boston Sketch Pad, Water Color",4167.5996,-826.5304,110,-19.832289071147816,Needs Attention
"Global Wood Trimmed Manager's Task Chair, Khaki",4166.884,-503.1194,59,-12.074235807860262,Needs Attention
"Sharp Ink, Color",4161.5239,684.8839,44,16.457526532528142,High Value
"Apple Office Telephone, Full Size",4158.6279,701.7579000000001,75,16.874746115178997,High Value
"SanDisk Numeric Keypad, Erganomic",4155.735,461.445,87,11.10381196106104,High Value
"Chromcraft Wood Table, with Bottom Storage",4149.672,-310.648,13,-7.486085647251158,Needs Attention
"Eldon Trays, Single Width",4146.72,320.96,113,7.740093375004823,High Value
"SanDisk Keyboard, Erganomic",4123.08,926.6999999999999,57,22.475916062749203,High Value
"Sanford Markers, Water Color",4122.5514,402.2114,179,9.75637077563181,High Value
Canon PC-428 Personal Copier,4119.794,1469.9265,25,35.67961165048544,High Value
"Motorola Signal Booster, with Caller ID",4115.4646,873.0346,35,21.21351256429225,High Value
"Boston Sketch Pad, Easy-Erase",4111.2702,678.0402,100,16.492231524943314,High Value
"Binney & Smith Canvas, Easy-Erase",4097.1847,642.7746999999999,91,15.688204146618043,High Value
"BIC Sketch Pad, Blue",4093.928,10.507999999999974,107,0.2566728090967886,Needs Attention
"Epson Phone, Wireless",4084.9365,1739.9865,53,42.59519089219624,High Value
"Rubbermaid Frame, Black",4069.5930000000003,294.453,54,7.2354409888163245,High Value
"Breville Blender, White",4067.253,964.203,55,23.706491826301434,High Value
"Hoover Blender, White",4063.6800000000003,-128.47999999999996,51,-3.161666272934876,Needs Attention
"Motorola Headset, Cordless",4048.8371,89.84709999999998,69,2.21908409207177,Needs Attention
Wireless Extenders zBoost YX545 SOHO Signal Booster,4044.3860000000004,733.2812,24,18.130841121495326,High Value
"Barricks Wood Table, Fully Assembled",4043.52,437.03999999999996,12,10.808404558404558,High Value
"Motorola Speaker Phone, with Caller ID",4031.3994,542.7094000000001,50,13.46205984949048,High Value
"Rogers Shelving, Single Width",4024.6528,-377.9672,86,-9.391299542658686,Needs Attention
"Ikea Corner Shelving, Pine",4022.59,754.09,45,18.746379819966737,High Value
"Sanford Sketch Pad, Blue",4019.9772,-230.93280000000001,113,-5.744629596406667,Needs Attention
"Logitech Memory Card, Programmable",4013.408,695.088,53,17.319146221864308,High Value
Fellowes Super Stor/Drawer Files,4006.44,473.34150000000005,27,11.81451612903226,High Value
Samsung Galaxy S4 Active,3999.92,1039.9792,8,26.0,High Value
WD My Passport Ultra 2TB Portable External Hard Drive,3998.4,499.8,35,12.5,High Value
"Rogers Trays, Single Width",3994.2826,-571.6474,89,-14.31164134455584,Needs Attention
Canon imageCLASS MF7460 Monochrome Digital Laser Multifunction Copier,3991.98,1995.99,2,50.0,High Value
Office Star - Contemporary Swivel Chair with Padded Adjustable Arms and Flex Back,3989.734,425.7596,32,10.671378091872791,High Value
"Cardinal Binding Machine, Durable",3987.097,1000.0070000000001,87,25.081080294760827,High Value
"Novimex Bag Chairs, Black",3986.0420999999997,447.6921,132,11.231494519337867,High Value
"Epson Phone, Durable",3976.9239,229.80390000000003,62,5.778433426900627,High Value
Polycom SoundStation2 EX Conference phone,3968.5099999999998,518.336,12,13.061224489795919,High Value
"Acco 3-Hole Punch, Economy",3968.2096,344.56960000000004,160,8.683251005692846,High Value
Hon Racetrack Conference Tables,3963.901,-598.5228,22,-15.099337748344372,Needs Attention
"Lesro Round Table, Adjustable Height",3960.6240000000003,-2402.976,19,-60.67165173972586,Needs Attention
Canon Image Class D660 Copier,3959.9339999999997,1691.9718,7,42.727272727272734,High Value
"Global Airflow Leather Mesh Back Chair, Black",3955.676,573.724,32,14.503816793893131,High Value
Fellowes High-Stak Drawer Files,3946.656,419.3322,26,10.625,High Value
"Enermax Note Cards, Premium",3940.6707,573.2307,171,14.546526305788504,High Value
"Harbour Creations Steel Folding Chair, Adjustable",3938.2419999999997,700.972,52,17.799109348790655,High Value
"Safco Stackable Bookrack, Mobile",3933.0719999999997,-217.15800000000002,40,-5.521332942798912,Needs Attention
"Bevis Training Table, Rectangular",3929.6325,336.83250000000004,15,8.571603069752706,High Value
"Hon Chairmat, Red",3921.8988,178.09879999999998,98,4.541137063506075,High Value
"Fellowes Shelving, Industrial",3921.4368,919.7268,81,23.453821823674424,High Value
"Konica Phone, Red",3921.147,941.667,56,24.01509048245322,High Value
"Nokia Office Telephone, with Caller ID",3914.0959,-186.30409999999998,84,-4.759824612370892,Needs Attention
"Enermax Numeric Keypad, Erganomic",3905.9198,524.0798,82,13.417577083891993,High Value
"Fellowes Shelving, Blue",3899.5728,734.8628,82,18.844700116894856,High Value
"Green Bar Cards & Envelopes, 8.5 x 11",3897.726,481.826,90,12.361720654556017,High Value
"Memorex Memory Card, USB",3893.5568,580.0968,56,14.898891419793852,High Value
"Panasonic Card Printer, White",3889.5274999999997,-693.5624999999999,41,-17.831536092751623,Needs Attention
"Okidata Card Printer, Wireless",3885.843,-722.277,30,-18.587395321941727,Needs Attention
"Breville Microwave, Black",3884.706,602.106,20,15.499396865554305,High Value
"Epson Receipt Printer, White",3877.6295999999998,683.6796,41,17.631379748081148,High Value
"Lesro Wood Table, Rectangular",3867.25,-666.5,14,-17.234468937875754,Needs Attention
"Logitech Keyboard, Programmable",3865.12,387.13,62,10.015989154282403,High Value
Luxo Professional Fluorescent Magnifier Lamp with Clamp-Mount Base,3861.056,289.57919999999996,23,7.499999999999998,High Value
"Wilson Jones 3-Hole Punch, Durable",3859.258,844.318,154,21.877728827665837,High Value
"Barricks Wood Table, Adjustable Height",3858.792,-258.1379999999999,18,-6.689606488248135,Needs Attention
Honeywell Enviracaire Portable HEPA Air Cleaner for 16' x 20' Room,3855.18,1503.5202,14,39.0,High Value
"Advantus Photo Frame, Black",3854.8248,-194.90519999999998,96,-5.056136403397633,Needs Attention
Polycom SoundPoint IP 450 VoIP phone,3839.62,162.6192,22,4.23529411764706,High Value
"Konica Printer, Red",3837.0552000000002,200.8752,21,5.2351396977557165,High Value
"Cardinal 3-Hole Punch, Durable",3833.657,1346.797,149,35.13086851536274,High Value
"SanDisk Numeric Keypad, USB",3819.546,734.046,97,19.218147916008867,High Value
"Harbour Creations Chairmat, Adjustable",3819.3505999999998,1077.7806,64,28.21894905379988,High Value
Google Nexus 5,3815.788,710.9605,23,18.632075471698116,High Value
"Cisco Office Telephone, Cordless",3782.274,613.414,53,16.21812697863772,High Value
Hon Non-Folding Utility Tables,3775.647,541.654,29,14.345991561181433,High Value
"StarTech Receipt Printer, White",3747.0762,941.4162,35,25.12402069645661,High Value
"Hon Computer Table, Adjustable Height",3747.0465,-911.1735,11,-24.317112157535277,Needs Attention
Logitech VX Revolution Cordless Laser Mouse for Notebooks (Black),3743.7920000000004,21.5988,22,0.5769230769230769,Needs Attention
"Hon Coffee Table, with Bottom Storage",3743.415,-784.835,18,-20.965749188909058,Needs Attention
"SAFCO PlanMaster Heigh-Adjustable Drafting Table Base, 43w x 30d x 30-37h, Black",3739.115,608.043,14,16.261682242990656,High Value
"StarTech Card Printer, Durable",3733.263,177.333,29,4.750080559553399,High Value
"Lesro Round Table, Fully Assembled",3723.0708,-154.3092,17,-4.144675411490966,Needs Attention
"Sharp Ink, Digital",3721.2519,535.0119,35,14.377201930350372,High Value
"Cisco Office Telephone, Full Size",3719.8975,608.8475,55,16.367319260812966,High Value
"Hon Chairmat, Adjustable",3707.478,765.318,79,20.642550002993946,High Value
"Stanley Markers, Water Color",3701.0808,768.4008,172,20.761524579522824,High Value
"Smead Shelving, Industrial",3700.4796,26.229600000000005,98,0.7088162301989182,Needs Attention
"BIC Sketch Pad, Easy-Erase",3700.4128,1211.2528,91,32.73291023098828,High Value
"Bevis Conference Table, Rectangular",3685.32,1037.92,7,28.163633008802492,High Value
"Hon Steel Folding Chair, Black",3684.8835,-326.6465,74,-8.864500058142951,Needs Attention
Aastra 57i VoIP phone,3684.708,575.3316,26,15.614035087719296,High Value
"Office Star - Contemporary Task Swivel chair with Loop Arms, Charcoal",3680.538,-491.175,35,-13.345195729537368,Needs Attention
"Office Star Steel Folding Chair, Set of Two",3677.9076,910.4976,50,24.75585846691744,High Value
"SanDisk Keyboard, Bluetooth",3675.5628,419.2128,56,11.405404364196961,High Value
"Bevis Computer Table, Adjustable Height",3674.272,-105.06800000000004,11,-2.8595596624310895,Needs Attention
"Panasonic Receipt Printer, Red",3671.355,798.6550000000001,41,21.75368494738319,High Value
"Sanford Canvas, Water Color",3667.71,-497.59000000000003,89,-13.566775999192956,Needs Attention
"Sauder Stackable Bookrack, Traditional",3666.752,-131.10799999999995,33,-3.575589513553138,Needs Attention
"Barricks Conference Table, Rectangular",3663.8325,-2487.9675,10,-67.90614745624971,Needs Attention
"Lesro Round Table, with Bottom Storage",3661.281,-33.27899999999998,11,-0.9089441646243482,Needs Attention
Polycom VoiceStation 500 Conference phone,3657.38,339.1925,15,9.274193548387096,High Value
"Nokia Headset, Full Size",3656.264,441.664,53,12.079652891585509,High Value
"Novimex Chairmat, Adjustable",3645.4990000000003,68.89900000000002,93,1.8899744589149527,Needs Attention
"Dania Floating Shelf Set, Pine",3641.6,-302.05999999999995,32,-8.29470562390158,Needs Attention
"Situations Contoured Folding Chairs, 4/Set",3641.2740000000003,234.234,64,6.432748538011696,High Value
"Sharp Personal Copier, High-Speed",3638.984,254.88400000000001,39,7.004262728278003,High Value
"Nokia Headset, VoIP",3638.04,739.5799999999999,66,20.329078294906047,High Value
"Harbour Creations Steel Folding Chair, Red",3636.2871999999998,-79.29280000000004,58,-2.1805978361665175,Needs Attention
"Barricks Round Table, with Bottom Storage",3635.9475,-1715.3325,11,-47.17704257280943,Needs Attention
"Bush Heritage Pine Collection 5-Shelf Bookcase, Albany Pine Finish, *Special Order",3626.0056,-208.65040000000002,34,-5.7542768273716955,Needs Attention
"Office Star Chairmat, Black",3623.1611000000003,1149.7511,67,31.73336951536601,High Value
Toshiba IPT2010-SD IP Telephone,3613.74,425.3094,31,11.76923076923077,High Value
"Hewlett Personal Copier, Digital",3613.48416,306.98416000000003,35,8.49551696941713,High Value
"Ibico 3-Hole Punch, Recycled",3606.824,1011.044,135,28.031420440808862,High Value
"Konica Card Printer, White",3604.6780000000003,446.33799999999997,29,12.382187812614607,High Value
"Bush Cubix Conference Tables, Fully Assembled",3603.288,311.82300000000004,19,8.653846153846155,High Value
"Motorola Office Telephone, VoIP",3598.0085,680.9085,70,18.924593980253242,High Value
"Green Bar Note Cards, Premium",3595.648,152.668,150,4.245910611939767,High Value
"KitchenAid Blender, Black",3593.3312,618.7612,50,17.219709666617984,High Value
Pyle PMP37LED,3590.026,576.8999,43,16.06951871657754,High Value
"Memorex Keyboard, Erganomic",3578.743,640.123,63,17.88681109540417,High Value
"Chromcraft Round Table, Fully Assembled",3576.751,-1823.079,14,-50.97025205277079,Needs Attention
"Avery 3-Hole Punch, Recycled",3563.6611000000003,296.8711,151,8.330508756851206,High Value
"Samsung Signal Booster, with Caller ID",3562.2672000000002,-349.8628,42,-9.821351974944495,Needs Attention
"Cardinal 3-Hole Punch, Economy",3559.776,1021.5360000000001,145,28.69663709177207,High Value
"Stanley Sketch Pad, Blue",3555.881,950.101,90,26.719144988260297,High Value
"Cardinal 3-Hole Punch, Recycled",3545.856,529.506,147,14.933093729694605,High Value
Global Adaptabilities Conference Tables,3540.348,354.0348,14,10.0,High Value
"24 Capacity Maxi Data Binder Racks, Pearl",3537.24,536.9025,19,15.17857142857143,High Value
Global Comet Stacking Armless Chair,3528.79,514.366,14,14.576271186440678,High Value
"Harbour Creations Bag Chairs, Adjustable",3520.9211999999998,981.9912,80,27.890178286296212,High Value
"SAFCO Chairmat, Red",3514.6244,482.5844,80,13.730753135384822,High Value
Avanti 4.4 Cu. Ft. Refrigerator,3511.012,383.6776,24,10.92783505154639,High Value
"Novimex Bag Chairs, Adjustable",3500.5125,870.4425,90,24.866144600254962,High Value
"Smead Shelving, Single Width",3487.4208,430.5408,97,12.345536277124918,High Value
"Harbour Creations Bag Chairs, Black",3487.2775,822.9475,76,23.59856650352603,High Value
"Lesro Training Table, Fully Assembled",3483.7803,-842.5496999999999,19,-24.18492635715289,Needs Attention
"BIC Pencil Sharpener, Water Color",3483.3872,732.4472000000001,127,21.026867182608928,High Value
Hon Rectangular Conference Tables,3481.515,-295.815,20,-8.49673202614379,Needs Attention
"Logitech Memory Card, USB",3479.9334000000003,343.88339999999994,41,9.881896015596157,High Value
"Acco 3-Hole Punch, Durable",3472.7192,431.11920000000003,142,12.4144560838665,High Value
"Panasonic Receipt Printer, Wireless",3468.621,380.091,31,10.957985896989033,High Value
"Konica Phone, White",3465.216,835.5360000000001,46,24.112089982269506,High Value
"Kleencut Shears, Steel",3459.3642,688.8142,96,19.911583752875746,High Value
"Wilson Jones 3-Hole Punch, Recycled",3459.2670000000003,1077.387,140,31.144950649949827,High Value
"Iceberg OfficeWorks 42"" Round Tables",3457.442,-392.54799999999994,30,-11.353711790393012,Needs Attention
"Global Adaptabilites Bookcase, Cherry/Storm Gray Finish",3447.84,206.87040000000002,8,6.000000000000001,High Value
"Stanley Sketch Pad, Easy-Erase",3431.4700000000003,270.35,98,7.878547677817378,High Value
"Nokia Office Telephone, Cordless",3430.724,96.94400000000002,67,2.825759227498336,Needs Attention
"Hon Round Table, Rectangular",3423.2,-303.10999999999996,11,-8.854580509464828,Needs Attention
O'Sullivan Living Dimensions 5-Shelf Bookcases,3420.7704,-755.7515999999999,21,-22.09302325581395,Needs Attention
Geemarc AmpliPOWER60,3415.04,384.192,46,11.25,High Value
Hewlett-Packard Desktjet 6988DT Refurbished Printer,3404.5,1668.205,5,49.0,High Value
Bush Advantage Collection Round Conference Table,3401.6000000000004,210.47400000000002,19,6.1875,High Value
"Ikea Corner Shelving, Traditional",3400.558,437.12800000000004,37,12.854596216268039,High Value
Fellowes Stor/Drawer Steel Plus Storage Drawers,3397.308,78.25259999999999,37,2.3033707865168536,Needs Attention
"Bevis Round Table, Fully Assembled",3395.112,547.272,12,16.119409315510065,High Value
"Advantus Door Stop, Erganomic",3394.515,175.315,104,5.164655333678008,High Value
"Bevis Coffee Table, Adjustable Height",3373.4961,-426.4239,15,-12.640414791053118,Needs Attention
"Belkin Keyboard, Programmable",3368.241,310.641,53,9.222647666838567,High Value
"Breville Coffee Grinder, White",3363.4,-30.199999999999996,69,-0.8979009335791162,Needs Attention
"Chromcraft Bull-Nose Wood Round Conference Table Top, Wood Base",3354.89,100.211,18,2.987012987012987,High Value
"Boston Pencil Sharpener, Easy-Erase",3353.4107,285.2507,133,8.50628585398144,High Value
"SAFCO Bag Chairs, Red",3349.8896,-136.19039999999998,93,-4.065519054717504,Needs Attention
"BIC Canvas, Easy-Erase",3334.8063,696.3663,73,20.881761558384966,High Value
"Memorex Numeric Keypad, Erganomic",3331.98,745.22,94,22.365680466269307,High Value
"Xerox Cards & Envelopes, 8.5 x 11",3326.0566000000003,872.0166,73,26.217731832945958,High Value
"Dot Matrix Printer Tape Reel Labels, White, 5000/Box",3322.878,1517.9064,36,45.680473372781066,High Value
"Bush Andora Bookcase, Maple/Graphite Gray Finish",3317.7235,135.5887,34,4.086799276672694,High Value
Tenex Antistatic Computer Chair Mats,3317.0119999999997,-530.038,25,-15.979381443298971,Needs Attention
"Deflect-O Clock, Black",3312.2427000000002,-804.5273,102,-24.289503302399908,Needs Attention
"Belkin Numeric Keypad, Erganomic",3307.5325,-185.2475,71,-5.600776409604441,Needs Attention
"Belkin Keyboard, USB",3304.737,684.5269999999999,50,20.7135091234189,High Value
"Enermax Memory Card, Bluetooth",3297.4824,129.05239999999998,36,3.913664558148968,High Value
"Rogers Folders, Industrial",3287.396,-37.06400000000001,121,-1.1274577203354876,Needs Attention
"Stiletto Shears, High Speed",3284.2264,358.2964,82,10.909613295843428,High Value
"Epson Card Printer, Red",3282.958,1202.298,22,36.62239967736413,High Value
"Office Star Bag Chairs, Black",3279.552,384.452,76,11.722698710067716,High Value
"Lesro Computer Table, with Bottom Storage",3272.028,86.02800000000002,10,2.629195104687369,Needs Attention
"Safco Corner Shelving, Pine",3270.0635,519.0035,27,15.871358461387677,High Value
"Barricks Training Table, Fully Assembled",3266.9835,-681.2265,22,-20.85185003230044,Needs Attention
"Kleencut Trimmer, Steel",3263.5419,28.311899999999987,102,0.8675206529445809,Needs Attention
"Sanford Sketch Pad, Easy-Erase",3261.5175,1371.8375,76,42.06132574790723,High Value
"Hoover Toaster, Red",3253.596,227.87600000000003,51,7.0038197735674625,High Value
Bevis 44 x 96 Conference Tables,3253.2200000000003,-164.72000000000003,20,-5.063291139240507,Needs Attention
"Chromcraft Round Table, Rectangular",3252.69,-641.31,11,-19.716296357783865,Needs Attention
"Fiskars Trimmer, Serrated",3249.22,-63.440000000000026,112,-1.9524685924621916,Needs Attention
"Bush 3-Shelf Cabinet, Pine",3236.904,505.214,29,15.607938944126856,High Value
Ibico EB-19 Dual Function Manual Binding System,3234.913,1086.3772,23,33.582887700534755,High Value
"Barricks Round Table, Adjustable Height",3232.075,-1880.675,13,-58.187851457654915,Needs Attention
"Cardinal 3-Hole Punch, Clear",3232.002,649.332,131,20.090705389414982,High Value
"SAFCO Steel Folding Chair, Black",3228.488,474.878,54,14.708990710202425,High Value
"Eldon Trays, Industrial",3228.3849999999998,836.1550000000001,87,25.90010175366321,High Value
"Stanley Sketch Pad, Water Color",3223.197,610.597,80,18.94383123339963,High Value
GBC ProClick 150 Presentation Binding System,3222.996,-461.3308,22,-14.313725490196077,Needs Attention
"Rubbermaid Photo Frame, Durable",3217.6914,915.7414,85,28.459578193235064,High Value
"Novimex Chairmat, Black",3214.2939,618.0539,77,19.228294587498674,High Value
"Motorola Headset, VoIP",3213.9558,162.7258,53,5.0631001210408675,High Value
"Harbour Creations Bag Chairs, Red",3211.8398,717.0398,72,22.324893041053915,High Value
"Eldon Door Stop, Black",3211.2432,419.4932,73,13.06326471940836,High Value
Okidata C331dn Printer,3210.8,111.68,12,3.4782608695652173,High Value
"Fiskars Letter Opener, Easy Grip",3206.5144,748.0544,139,23.32920756569813,High Value
"Kleencut Letter Opener, Easy Grip",3192.401,768.881,141,24.08472494526847,High Value
"Memorex Keyboard, USB",3191.13,337.8,55,10.585591937652179,High Value
"Barricks Coffee Table, Fully Assembled",3190.2740999999996,-885.0759,15,-27.742942213021767,Needs Attention
"Panasonic Card Printer, Red",3189.1603999999998,-127.81960000000001,23,-4.0079388920043035,Needs Attention
"Advantus Photo Frame, Erganomic",3188.88,1007.04,80,31.57973959509295,High Value
"Stiletto Shears, Steel",3181.83,-76.37,88,-2.4001910850045416,Needs Attention
"Apple Office Telephone, with Caller ID",3179.5712000000003,382.5112,70,12.03027628379575,High Value
Office Impressions Heavy Duty Welded Shelving & Multimedia Storage Drawers,3178.13,-167.27,20,-5.2631578947368425,Needs Attention
"Epson Receipt Printer, Red",3168.495,815.955,31,25.752131532478355,High Value
Jabra SPEAK 410,3158.064,654.1704,37,20.714285714285715,High Value
"Global Fabric Manager's Chair, Dark Gray",3150.576,499.851,35,15.865384615384615,High Value
"BIC Markers, Easy-Erase",3144.37,591.04,134,18.796770100210853,High Value
Hon 2111 Invitation Series Corner Table,3140.55,-401.9904,18,-12.8,Needs Attention
"Barricks Coffee Table, Rectangular",3140.2349999999997,-1426.875,18,-45.438478330443424,Needs Attention
Economy Rollaway Files,3138.8,693.84,20,22.105263157894736,High Value
"Tenex Clock, Black",3137.275,241.31499999999997,81,7.6918663489812005,High Value
"Hon Wood Table, Adjustable Height",3129.984,352.044,11,11.24746963562753,High Value
"Panasonic Card Printer, Wireless",3128.7599999999998,623.85,21,19.93920914355847,High Value
"SanDisk Cards & Envelopes, Recycled",3118.896,-257.624,81,-8.260102292606101,Needs Attention
"Elite Trimmer, Steel",3113.3798,993.4298,104,31.908403851017468,High Value
"Office Star Bag Chairs, Adjustable",3101.7653,386.13530000000003,80,12.448888379788118,High Value
BlackBerry Q10,3099.354,548.0565,27,17.682926829268293,High Value
"Barricks Computer Table, Adjustable Height",3098.0885,-876.5715,12,-28.29394641244109,Needs Attention
"Epson Receipt Printer, Durable",3096.2745,202.17449999999997,30,6.529605175510116,High Value
"Enermax Keyboard, Bluetooth",3082.1778,39.57780000000001,50,1.2840855579454244,Needs Attention
"Fiskars Shears, High Speed",3079.132,1230.872,71,39.97464220436149,High Value
Panasonic KX-TG9541B DECT 6.0 Digital 2-Line Expandable Cordless Phone With Digital Answering System,3059.7960000000003,1147.4235,25,37.5,High Value
"Hamilton Beach Blender, Black",3056.2323,171.04229999999998,56,5.596508485300674,High Value
"Eldon Clock, Black",3051.8916,671.3616,66,21.99821251842628,High Value
Hoover WindTunnel Plus Canister Vacuum,3051.3,697.44,9,22.857142857142858,High Value
Digium D40 VoIP phone,3044.164,571.4257,27,18.771186440677965,High Value
Hewlett-Packard Deskjet 3050a All-in-One Color Inkjet Printer,3040.0,1459.2,8,48.00000000000001,High Value
"Acco 7-Outlet Masterpiece Power Center, Wihtout Fax/Phone Line Protection",3039.5,401.214,31,13.200000000000001,High Value
Space Solutions HD Industrial Steel Shelving.,3035.208,24.143700000000003,27,0.7954545454545455,Needs Attention
Carina Double Wide Media Storage Towers in Natural & Black,3028.652,-3.239200000000003,39,-0.1069518716577541,Needs Attention
"Eaton Cards & Envelopes, Premium",3016.3674,442.0174,79,14.65396423525861,High Value
"Advantus Photo Frame, Duo Pack",3007.368,854.448,76,28.411820568683314,High Value
"Avery 3-Hole Punch, Clear",3007.0288,90.0888,127,2.995940710644341,Needs Attention
"Elite Trimmer, Serrated",2985.186,778.946,95,26.093717443402188,High Value
Compact Automatic Electric Letter Opener,2982.75,-57.268800000000006,26,-1.9200000000000002,Needs Attention
"SAFCO Chairmat, Black",2981.4105,-192.6495,71,-6.461689861225081,Needs Attention
"SAFCO PlanMaster Boards, 60w x 37-1/2d, White Melamine",2979.004,54.71640000000002,26,1.836734693877552,Needs Attention
"Rogers Box, Blue",2978.3523999999998,-20.447600000000016,145,-0.6865406524761818,Needs Attention
O'Sullivan Living Dimensions 2-Shelf Bookcases,2970.059,-78.637,28,-2.6476578411405294,Needs Attention
"Bevis Training Table, Fully Assembled",2968.6105000000002,-998.5095,18,-33.63558472894979,Needs Attention
"Cisco Headset, VoIP",2963.3942,56.554199999999994,38,1.9084264928371661,Needs Attention
"Hoover Blender, Black",2962.2299,96.08989999999997,45,3.2438366785778503,Needs Attention
"Global Manager's Adjustable Task Chair, Storm",2959.208,493.70459999999997,23,16.683673469387752,High Value
"Acme Trimmer, Easy Grip",2955.722,152.72200000000004,78,5.166994730898238,High Value
GBC DocuBind P100 Manual Binding Machine,2954.444,489.641,27,16.57303370786517,High Value
"Logitech Keyboard, USB",2950.2382,59.71819999999998,59,2.0241823185666834,Needs Attention
"Hoover Coffee Grinder, White",2949.8282,-22.39180000000001,51,-0.7590882750392044,Needs Attention
"BIC Pencil Sharpener, Blue",2949.35,529.82,129,17.963958160272604,High Value
O'Sullivan Plantations 2-Door Library in Landvery Oak,2946.3668,-767.7436,22,-26.05729877216917,Needs Attention
3.6 Cubic Foot Counter Height Office Refrigerator,2946.2,-872.0752,18,-29.600000000000005,Needs Attention
"KitchenAid Toaster, Black",2939.4125,509.7825,39,17.343006468129264,High Value
"SanDisk Memory Card, USB",2931.8740000000003,596.114,35,20.332183443081114,High Value
Aastra 6757i CT Wireless VoIP phone,2929.984,482.5856,16,16.470588235294116,High Value
"Panasonic Phone, Red",2928.6828,318.9228,46,10.889632704504564,High Value
"Chromcraft Coffee Table, Adjustable Height",2917.2,60.780000000000015,16,2.0835047305635546,Needs Attention
"Boston Markers, Blue",2916.8736,651.5436,137,22.337052932290245,High Value
"SAFCO Bag Chairs, Adjustable",2914.1385,192.5885,81,6.60876276127576,High Value
Novimex Swivel Fabric Task Chair,2913.9139999999998,-445.39099999999996,25,-15.284974093264248,Needs Attention
"Deflect-O Clock, Durable",2912.9880000000003,135.49799999999996,82,4.6515124676105755,High Value
"Samsung Office Telephone, VoIP",2910.649,351.18899999999996,63,12.065659583137643,High Value
ShoreTel ShorePhone IP 230 VoIP phone,2906.628,422.475,21,14.534883720930234,High Value
"Binney & Smith Markers, Water Color",2904.9822,493.79220000000004,126,16.998114480701467,High Value
O'Sullivan Living Dimensions 3-Shelf Bookcases,2904.161,-170.83299999999997,17,-5.882352941176469,Needs Attention
"Belkin Mouse, Erganomic",2900.0424000000003,248.38240000000002,92,8.564785121762357,High Value
"Eldon Photo Frame, Duo Pack",2888.1405,-273.0895,72,-9.455547609266238,Needs Attention
Kensington 7 Outlet MasterPiece Power Center,2883.276,229.5942,21,7.962962962962964,High Value
"Hon Chairmat, Black",2881.206,-1.1939999999999982,67,-0.04144097992299051,Needs Attention
Logitech Wireless Gaming Headset G930,2879.82,763.1523,21,26.499999999999996,High Value
"Eldon Frame, Black",2874.0875,-120.5125,34,-4.193069974383174,Needs Attention
"Okidata Phone, White",2872.6936,123.94360000000002,41,4.3145429780607305,High Value
Bose SoundLink Bluetooth Speaker,2865.6,967.14,18,33.75,High Value
"Electrix Architect's Clamp-On Swing Arm Lamp, Black",2863.8,627.1722000000001,33,21.900000000000002,High Value
"Advantus Clock, Duo Pack",2861.4775,105.4375,71,3.684722315656859,High Value
"Deflect-O Clock, Erganomic",2853.7607,575.0907,74,20.152029565758614,High Value
"Hoover Toaster, White",2847.8522000000003,641.2122,42,22.515641787870873,High Value
"Lesro Round Back Collection Coffee Table, End Table",2847.7799999999997,-328.59,20,-11.538461538461538,Needs Attention
"SanDisk Cards & Envelopes, Premium",2847.7416,1016.9316,71,35.710107967661116,High Value
Okidata MB491 Multifunction Printer,2844.2999999999997,-434.13,9,-15.263157894736842,Needs Attention
"Acco 3-Hole Punch, Recycled",2843.8856,212.59560000000002,112,7.475532771079118,High Value
"Ames Interoffice Envelope, Security-Tint",2840.112,656.572,76,23.11782070566231,High Value
Premier Automatic Letter Opener,2836.366,-427.8586,14,-15.084745762711865,Needs Attention
"Belkin Numeric Keypad, USB",2829.856,-454.84400000000005,81,-16.073043999411986,Needs Attention
"Elite Shears, Easy Grip",2825.8893,-185.7507,77,-6.573176804908812,Needs Attention
"Memorex Keyboard, Bluetooth",2824.8262,391.86620000000005,52,13.872223360148672,High Value
"Cameo Interoffice Envelope, Recycled",2810.0135,789.8235,76,28.10746282891523,High Value
"Rubbermaid Door Stop, Duo Pack",2807.4786,314.96860000000004,74,11.218913654408622,High Value
"Chromcraft Wood Table, Fully Assembled",2807.142,164.442,9,5.857986521522602,High Value
"Rubbermaid Clock, Erganomic",2806.9638,1121.6538,70,39.95968170305581,High Value
Logitech Wireless Headset h800,2799.72,719.928,32,25.71428571428572,High Value
"Novimex Chairmat, Red",2799.159,258.509,66,9.235238155460266,High Value
"Logitech Numeric Keypad, Erganomic",2791.3696,678.5196,87,24.30776633807289,High Value
Xerox 1915,2789.01,1262.394,28,45.263157894736835,High Value
"Deflect-O Photo Frame, Black",2788.587,407.247,64,14.60406291788637,High Value
"Belkin Keyboard, Bluetooth",2787.612,-704.398,53,-25.26886812081452,Needs Attention
"Binney & Smith Pencil Sharpener, Easy-Erase",2779.2212,350.4712,118,12.61041042720889,High Value
"Fellowes Folders, Blue",2776.4,947.01,134,34.10927820198818,High Value
"Hon Bag Chairs, Red",2774.016,525.726,80,18.951801287375414,High Value
"Stiletto Letter Opener, Easy Grip",2773.248,389.408,120,14.041585894950614,High Value
"Eldon Trays, Blue",2771.067,538.747,69,19.44186120364466,High Value
"Cameo Interoffice Envelope, Set of 50",2764.3785,826.1385,81,29.885144165316003,High Value
"StarTech Phone, White",2761.616,836.416,43,30.287194164576103,High Value
Electrix Halogen Magnifier Lamp,2759.06,314.76599999999996,17,11.40845070422535,High Value
"Cisco Office Telephone, with Caller ID",2758.437,-46.44300000000001,48,-1.6836708614334863,Needs Attention
"Green Bar Cards & Envelopes, Premium",2757.5848,321.22479999999996,71,11.64877323083591,High Value
"Logitech Keyboard, Bluetooth",2757.447,539.667,54,19.57125558532947,High Value
"Jiffy Interoffice Envelope, Recycled",2756.624,887.084,75,32.18008694693219,High Value
Maxell iVDR EX 500GB Cartridge,2755.4,1184.8220000000001,10,43.00000000000001,High Value
"Belkin Flash Drive, Programmable",2755.1096,172.0096,71,6.243294277657776,High Value
"Hon Bag Chairs, Adjustable",2746.9224,-97.1576,89,-3.536961946941057,Needs Attention
VTech DS6151,2746.582,478.762,25,17.431192660550458,High Value
"Hoover Toaster, Silver",2746.3319,660.9019,48,24.064895433796618,High Value
Nortel Meridian M5316 Digital phone,2744.87,253.77100000000002,13,9.245283018867925,High Value
"Motorola Office Telephone, Cordless",2744.6532,-360.3068,57,-13.127589307093515,Needs Attention
O'Sullivan 4-Shelf Bookcase in Odessa Pine,2740.197,-975.0988,37,-35.5849889624724,Needs Attention
"Advantus Door Stop, Black",2739.6252,460.4652,79,16.807598353234596,High Value
"Carina Mini System Audio Rack, Model AR050B",2730.108,-68.8076,26,-2.5203252032520322,Needs Attention
"Stanley Pencil Sharpener, Fluorescent",2721.67,644.93,127,23.69611304823876,High Value
"Enermax Numeric Keypad, USB",2715.645,-266.00499999999994,70,-9.795278837992445,Needs Attention
"Lesro Training Table, Rectangular",2711.6466,-2581.2834000000003,25,-95.19247087728911,Needs Attention
"Bevis Round Table, with Bottom Storage",2710.1337000000003,-404.2563,7,-14.916470726149045,Needs Attention
"1.7 Cubic Foot Compact ""Cube"" Office Refrigerators",2706.08,578.6848,14,21.384615384615387,High Value
"Kraft Interoffice Envelope, Security-Tint",2706.024,605.0640000000001,69,22.359890377912393,High Value
Hon Mobius Operator's Chair,2705.7799999999997,499.3394,23,18.454545454545457,High Value
"Ibico 3-Hole Punch, Durable",2705.6324999999997,712.4825000000001,96,26.333306537380825,High Value
"Enermax Mouse, Bluetooth",2700.9073,741.4273000000001,81,27.45104580227541,High Value
"GE 48"" Fluorescent Tube, Cool White Energy Saver, 34 Watts, 30/Box",2699.056,1260.221,29,46.69117647058824,High Value
"Eldon Door Stop, Durable",2691.7176,557.1576,70,20.69896188218259,High Value
"Advantus Clock, Black",2685.1275,484.32750000000004,70,18.037411631291253,High Value
"Bevis Computer Table, with Bottom Storage",2682.234,-159.06600000000003,9,-5.930355069691908,Needs Attention
"Fiskars Shears, Easy Grip",2678.5946,335.5346,71,12.526516703946166,High Value
"Avery 3-Hole Punch, Durable",2677.565,749.6750000000001,121,27.99838659378951,High Value
"Binney & Smith Sketch Pad, Easy-Erase",2672.4024,231.6924,79,8.669817090420215,High Value
"Bevis Round Conference Table Top, X-Base",2671.421,-519.941,20,-19.46308724832215,Needs Attention
"Fellowes Folders, Single Width",2669.9586,832.1286,117,31.166348422031714,High Value
"Kleencut Trimmer, Easy Grip",2665.2255,373.50550000000004,72,14.014029957315058,High Value
"Binney & Smith Markers, Fluorescent",2663.6935,465.4135,118,17.472486980953327,High Value
Imation Bio 8GB USB Flash Drive Imation Corp,2659.84,398.976,16,15.0,High Value
"BIC Pencil Sharpener, Easy-Erase",2658.6240000000003,102.294,104,3.847629450422474,High Value
"Xerox Cards & Envelopes, Recycled",2655.8488,826.3688,75,31.11505444135223,High Value
Global Highback Leather Tilter in Burgundy,2647.809,49.1346,34,1.8556701030927831,Needs Attention
"Acme Shears, High Speed",2646.592,666.852,67,25.196630232389428,High Value
Cisco 8x8 Inc. 6753i IP Business Phone System,2645.804,83.69380000000001,26,3.1632653061224496,Needs Attention
Premier Electric Letter Opener,2641.608,-7.105427357601002e-15,24,-2.689811416985791e-16,Needs Attention
"Fiskars Trimmer, Steel",2637.664,-45.47599999999999,74,-1.7241013260218128,Needs Attention
"Eaton Note Cards, Premium",2632.9772,232.59719999999996,131,8.833999777894013,High Value
Vtech CS6719,2630.1259999999997,418.51640000000003,32,15.91240875912409,High Value
"Boston Markers, Easy-Erase",2628.036,-52.68399999999999,119,-2.004690955527245,Needs Attention
"Tenex Clock, Durable",2624.5128,535.2528,87,20.39436805185328,High Value
NETGEAR AC1750 Dual Band Gigabit Smart WiFi Router,2623.8360000000002,723.1548,18,27.560975609756095,High Value
"Acme Trimmer, Steel",2620.9148,317.2548,79,12.10473533897401,High Value
"Jiffy Interoffice Envelope, Set of 50",2620.7639999999997,-32.466,74,-1.2387990677527625,Needs Attention
Razer Kraken 7.1 Surround Sound Over Ear USB Gaming Headset,2619.738,995.9004,29,38.01526717557252,High Value
"Kleencut Box Cutter, High Speed",2615.844,-283.096,115,-10.822357908193302,Needs Attention
"Enermax Mouse, Erganomic",2615.819,497.409,79,19.015421174018538,High Value
"Ibico 3-Hole Punch, Clear",2615.0313,749.3613,101,28.65592086794525,High Value
Fellowes Bankers Box Staxonsteel Drawer File/Stacking System,2612.196,153.3528,43,5.870646766169155,High Value
Motorola Droid Maxx,2609.826,341.9772,21,13.103448275862068,High Value
"Enermax Flash Drive, Programmable",2608.1592,399.7392,70,15.326487738938635,High Value
"Bevis Wood Table, Adjustable Height",2607.56,542.8399999999999,8,20.81792940526776,High Value
"Barricks Wood Table, Rectangular",2603.37,648.27,6,24.90118577075099,High Value
"StarTech Receipt Printer, Wireless",2597.5242,100.3842,26,3.864610770517557,High Value
"Enermax Mouse, Programmable",2592.2336999999998,300.6537,69,11.598248259792319,High Value
Hon Deluxe Fabric Upholstered Stacking Chairs,2586.1879999999996,-48.796,15,-1.886792452830189,Needs Attention
"Office Star Bag Chairs, Red",2577.96,210.21000000000004,60,8.154121863799284,High Value
"BIC Pencil Sharpener, Fluorescent",2572.3446,580.9746,93,22.585410990424844,High Value
"Kleencut Shears, Serrated",2570.3811,-167.51889999999997,86,-6.517278702368297,Needs Attention
"Enermax Mouse, USB",2565.405,229.365,74,8.94069357469873,High Value
"Stiletto Box Cutter, Steel",2559.609,424.009,85,16.56538166571535,High Value
"Deflect-O Clock, Duo Pack",2555.6059,507.6459,58,19.864013461543504,High Value
"Stanley Markers, Fluorescent",2554.7158,664.7558,127,26.020733891417592,High Value
"Eaton Cards & Envelopes, Recycled",2552.8455,344.6655,72,13.501228335204777,High Value
"Stur-D-Stor Shelving, Vertical 5-Shelf: 72""H x 36""W x 18 1/2""D",2552.54,51.050799999999995,23,1.9999999999999998,Needs Attention
"Chromcraft Computer Table, Fully Assembled",2550.76,376.61,11,14.76461917232511,High Value
"Elite Trimmer, Easy Grip",2543.5761,621.8961,82,24.44967539992218,High Value
"Acco 3-Hole Punch, Clear",2543.3869999999997,29.086999999999993,109,1.143632486916069,Needs Attention
Bevis Boat-Shaped Conference Table,2542.467,-445.587,15,-17.525773195876287,Needs Attention
Fellowes Powershred HS-440 4-Sheet High Security Shredder,2541.8360000000002,1092.6795,17,42.98780487804878,High Value
"Rubbermaid Photo Frame, Duo Pack",2538.69,837.38,57,32.984728344146,High Value
"Okidata Receipt Printer, White",2535.9924,101.89240000000001,27,4.017851157598107,High Value
"SAFCO Chairmat, Set of Two",2534.9388,275.6388,58,10.87358795407605,High Value
"Hoover Coffee Grinder, Red",2533.7650000000003,88.60499999999999,49,3.496969924203704,Needs Attention
"Rubbermaid Stacking Tray, Erganomic",2532.9078,364.7078,141,14.398779142296455,High Value
"Deflect-O Door Stop, Black",2530.348,-554.632,89,-21.91919846598175,Needs Attention
"Eldon Door Stop, Erganomic",2523.552,239.482,65,9.489877759602336,High Value
"Breville Toaster, Red",2520.1792,264.6092,48,10.499618439831579,High Value
Xerox WorkCentre 6505DN Laser Multifunction Printer,2519.958,-251.9958,7,-10.0,Needs Attention
"Tenex Clock, Duo Pack",2518.1832,588.1732,67,23.357045666891906,High Value
"Tenex Stacking Tray, Erganomic",2516.122,186.182,142,7.399561706467334,High Value
"Enermax Flash Drive, USB",2514.928,656.798,69,26.115976282422398,High Value
Safco Industrial Wire Shelving System,2511.0480000000002,-218.352,30,-8.695652173913043,Needs Attention
Plantronics Calisto P620-M USB Wireless Speakerphone System,2508.672,505.6542,14,20.15625,High Value
"Deflect-O Door Stop, Erganomic",2499.5685,557.9485,76,22.32179274142717,High Value
"Epson Phone, White",2499.147,912.757,38,36.522741559420076,High Value
Kensington 7 Outlet MasterPiece HOMEOFFICE Power Control Center,2491.28,563.816,21,22.631578947368418,High Value
Kensington 4 Outlet MasterPiece Compact Power Control Center,2488.392,380.5776,36,15.294117647058824,High Value
"Rush Hierlooms Collection 1"" Thick Stackable Bookcases",2487.759,410.352,15,16.49484536082474,High Value
Sensible Storage WireTech Storage Systems,2484.3,-78.078,38,-3.1428571428571432,Needs Attention
"Lesro Coffee Table, Adjustable Height",2482.589,132.73900000000003,17,5.346797234661075,High Value
"Acme Box Cutter, Easy Grip",2482.146,245.28600000000003,77,9.882013386803195,High Value
Wi-Ex zBoost YX540 Cellular Phone Signal Booster,2481.15,540.015,19,21.76470588235294,High Value
"BIC Markers, Water Color",2480.331,805.291,96,32.46707798273698,High Value
"Xerox Cards & Envelopes, Premium",2467.354,666.004,70,26.992640699307845,High Value
"SanDisk Note Cards, Premium",2465.8095,658.9895,108,26.72507750497352,High Value
"GlobeWeis Mailers, Security-Tint",2460.276,681.756,89,27.710549548099483,High Value
"Jiffy Mailers, Security-Tint",2454.659,328.569,84,13.385525239962048,High Value
Enermax Acrylux Wireless Keyboard,2450.16,630.468,29,25.731707317073173,High Value
"Acme Letter Opener, Steel",2442.1340999999998,445.4241,110,18.239133551265677,High Value
"Boston Highlighters, Water Color",2441.523,305.20300000000003,133,12.500517095272091,High Value
"Cuisinart Blender, Red",2439.7758,204.11580000000004,49,8.366170366965688,High Value
"GlobeWeis Interoffice Envelope, Set of 50",2438.82,298.22999999999996,59,12.228454744507587,High Value
"Logitech Numeric Keypad, Programmable",2437.226,340.886,64,13.986638908332672,High Value
"Acme Trimmer, High Speed",2437.04,614.24,63,25.204346256113975,High Value
"BIC Markers, Fluorescent",2435.8893,-253.42070000000004,115,-10.403621379674357,Needs Attention
"Breville Coffee Grinder, Black",2435.256,635.0559999999999,45,26.077586914886975,High Value
"Wilson Jones 3-Hole Punch, Economy",2435.13,460.95,103,18.929174212465043,High Value
"Novimex Bag Chairs, Set of Two",2432.998,257.148,68,10.569182547622317,High Value
"Tenex Photo Frame, Erganomic",2427.1259999999997,-71.724,57,-2.955099982448378,Needs Attention
"SanDisk Note Cards, Multicolor",2423.1592,621.7492,80,25.65861954096949,High Value
"Harbour Creations Bag Chairs, Set of Two",2422.3762,462.0562,51,19.07450213554773,High Value
"BIC Highlighters, Water Color",2420.9713,34.081300000000006,131,1.4077531608904246,Needs Attention
"Novimex Bag Chairs, Red",2420.1004,-40.419599999999996,70,-1.6701621139354381,Needs Attention
"Samsung Headset, Full Size",2417.9454,218.34539999999998,51,9.030203907830176,High Value
"Hon Coffee Table, Adjustable Height",2417.484,674.184,11,27.887837106677853,High Value
"Eldon Shelving, Wire Frame",2413.1252,-55.24479999999999,64,-2.289346611605564,Needs Attention
"Cameo Mailers, with clear poly window",2409.982,-48.878,79,-2.0281479280758115,Needs Attention
"Advantus Stacking Tray, Erganomic",2407.9029,107.66290000000002,131,4.471230962012631,High Value
"Eldon Clock, Duo Pack",2398.6148,841.8248,50,35.09628974189603,High Value
"SanDisk Computer Printout Paper, 8.5 x 11",2397.0414,-68.6886,84,-2.865557516027883,Needs Attention
Panasonic KX MB2061 Multifunction Printer,2396.4,179.73,10,7.5,High Value
"Stockwell Paper Clips, Assorted Sizes",2395.4378,251.2878,253,10.490266121708522,High Value
"Lesro Wood Table, with Bottom Storage",2393.2416,-878.7684,7,-36.71875000000001,Needs Attention
Global Super Steno Chair,2389.902,-3.552713678800501e-15,30,-1.4865520338492963e-16,Needs Attention
Harbour Creations Steel Folding Chair,2389.125,336.375,34,14.079422382671481,High Value
"Cameo Mailers, Recycled",2388.848,710.718,69,29.751495281407607,High Value
"Wilson Jones 3-Hole Punch, Clear",2386.5029999999997,422.123,99,17.687930834363087,High Value
"Fellowes Box, Industrial",2380.6272,-285.5428,150,-11.994435752057274,Needs Attention
"Hoover Toaster, Black",2372.4791999999998,871.3091999999999,31,36.72568341168175,High Value
"Okidata Calculator, White",2370.225,-150.70499999999998,51,-6.358257127487896,Needs Attention
"Enermax Flash Drive, Erganomic",2368.3215,803.4815,77,33.92620047573777,High Value
"SanDisk Flash Drive, Bluetooth",2366.0736,740.7436,79,31.306870589317253,High Value
"Acme Letter Opener, Easy Grip",2363.1653,683.2453,84,28.912294032076385,High Value
Logitech Gaming G510s - Keyboard,2362.7219999999998,676.5204,31,28.63309352517986,High Value
Swingline SM12-08 MicroCut Jam Free Shredder,2359.941,-447.9888,13,-18.98305084745763,Needs Attention
"Fellowes Box, Wire Frame",2359.0,736.18,160,31.20729122509538,High Value
"Tenex Folders, Single Width",2358.79,123.58000000000001,129,5.239126840456336,High Value
"Green Bar Note Cards, Multicolor",2358.1349999999998,470.755,86,19.963021625140208,High Value
"Belkin Mouse, Bluetooth",2355.3449,303.7049,72,12.894285673406047,High Value
"StarTech Phone, Wireless",2348.1252,128.5452,40,5.474375897843948,High Value
"Acme Trimmer, Serrated",2341.1264,-19.063599999999994,71,-0.8142917870645512,Needs Attention
"3D Systems Cube Printer, 2nd Generation, White",2339.982,-467.9964,3,-20.0,Needs Attention
Logitech G700s Rechargeable Gaming Mouse,2339.766,889.911,25,38.034188034188034,High Value
"Eaton Computer Printout Paper, 8.5 x 11",2339.0895,382.3995,104,16.34822010872179,High Value
"Fiskars Box Cutter, Serrated",2337.024,317.954,109,13.60508064957827,High Value
"Acme Shears, Serrated",2335.5066,-78.69340000000001,70,-3.369435993030377,Needs Attention
StarTech.com 10/100 VDSL2 Ethernet Extender Kit,2330.65,-785.7620000000001,13,-33.714285714285715,Needs Attention
"Fiskars Shears, Steel",2330.5184,330.35839999999996,61,14.17531824679007,High Value
"SanDisk Keyboard, USB",2329.2542,206.2742,40,8.855804574700349,High Value
"Stanley Markers, Easy-Erase",2328.641,20.971000000000004,118,0.9005681854781394,Needs Attention
"Stiletto Trimmer, Serrated",2327.1555,96.05550000000001,73,4.127592676982695,Needs Attention
"Barricks Training Table, with Bottom Storage",2316.163,-670.717,14,-28.958108734143494,Needs Attention
"Logitech Numeric Keypad, USB",2307.888,638.868,64,27.68193257211789,High Value
"StarTech Printer, White",2306.4948,223.89480000000003,10,9.70714523180369,High Value
"Fellowes Folders, Industrial",2303.616,173.736,106,7.5418819803300545,High Value
"BIC Sketch Pad, Fluorescent",2302.144,641.794,52,27.878099719218262,High Value
"Fellowes Mobile File Cart, Black",2300.66,485.00399999999996,40,21.08108108108108,High Value
"Gould Plastics 18-Pocket Panel Bin, 34w x 5-1/4d x 20-1/2h",2299.75,-172.9412,28,-7.5200000000000005,Needs Attention
"Lesro Sheffield Collection Coffee Table, End Table, Center Table, Corner Table",2298.114,-12.13290000000001,39,-0.5279503105590067,Needs Attention
Bevis Round Conference Table Top & Single Column Base,2297.5380000000005,100.97460000000001,19,4.394904458598726,High Value
"Stiletto Box Cutter, Easy Grip",2292.9900000000002,318.69,75,13.898447005874424,High Value
"Breville Toaster, Silver",2282.488,-113.79199999999999,41,-4.985436944246804,Needs Attention
"Stockwell Clamps, 12 Pack",2280.6758,392.9758,168,17.23067346967947,High Value
Xiaomi Mi3,2279.96,592.7896,4,25.999999999999996,High Value
"Enermax Note Cards, 8.5 x 11",2278.0085,598.6084999999999,100,26.2777114308397,High Value
"Eldon Folders, Industrial",2275.2708000000002,-73.4992,159,-3.230349547842833,Needs Attention
"Kraft Interoffice Envelope, Set of 50",2271.71,229.19,65,10.088875780799485,High Value
"SAFCO Bag Chairs, Set of Two",2268.1572,606.5172,61,26.740527508410793,High Value
"Tenex 46"" x 60"" Computer Anti-Static Chairmat, Rectangular Shaped",2267.9719999999998,148.372,25,6.542056074766355,High Value
"Boston Markers, Water Color",2266.485,-256.355,95,-11.31068592997527,Needs Attention
GBC DocuBind P50 Personal Binding Machine,2264.892,569.422,50,25.141242937853107,High Value
"Sanford Pencil Sharpener, Fluorescent",2264.7744,477.3744,113,21.07823189806455,High Value
"Eldon Clock, Durable",2259.81,226.15,58,10.007478504830052,High Value
"Panasonic Phone, Durable",2257.3872,532.8672,32,23.605485137862036,High Value
Cisco IP Phone 7961G-GE VoIP phone,2252.432,-119.119,15,-5.288461538461539,Needs Attention
"Elite Letter Opener, Easy Grip",2248.841,66.131,99,2.9406703275153734,Needs Attention
"SAFCO Bag Chairs, Black",2247.7048,-58.575199999999974,70,-2.606000574452658,Needs Attention
"Rubbermaid Photo Frame, Erganomic",2243.4798,191.26979999999998,53,8.525586011516573,High Value
"Belkin Mouse, USB",2242.1432,338.3132,69,15.088831079121084,High Value
Plantronics S12 Corded Telephone Headset System,2242.032,754.5300000000001,23,33.65384615384615,High Value
BPI Conference Tables,2241.8675,-795.9725000000001,26,-35.504885993485345,Needs Attention
"Cuisinart Blender, Black",2239.2396,-100.36040000000001,41,-4.481896443774932,Needs Attention
"StarTech Calculator, Red",2236.8671,392.3671,65,17.54092140744526,High Value
"Advantus Clock, Durable",2233.776,96.596,56,4.324336907550265,Needs Attention
"Acme Shears, Easy Grip",2229.105,-247.695,69,-11.111858795346114,Needs Attention
"Binney & Smith Highlighters, Water Color",2228.6721,709.6220999999999,132,31.840578970769183,High Value
"Sanford Markers, Easy-Erase",2227.344,114.024,111,5.119281080964592,High Value
Plantronics HL10 Handset Lifter,2227.008,250.5384,24,11.25,High Value
Konftel 250 Conference phone - Charcoal black,2221.596,324.6948,9,14.615384615384613,High Value
Avanti 1.7 Cu. Ft. Refrigerator,2221.56,476.6256,24,21.454545454545457,High Value
"Binney & Smith Markers, Easy-Erase",2215.542,606.102,111,27.356827358723056,High Value
"Hoover Blender, Silver",2215.476,737.226,24,33.27618985716839,High Value
"Tenex Photo Frame, Duo Pack",2214.573,554.533,57,25.040177045416883,High Value
"Logitech Mouse, Bluetooth",2211.128,466.328,90,21.090049965447495,High Value
"Ames Interoffice Envelope, with clear poly window",2210.786,169.63600000000002,56,7.67310811629891,High Value
"GlobeWeis Mailers, Recycled",2209.2525,573.4125,77,25.955045880903153,High Value
Office Star - Ergonomic Mid Back Chair with 2-Way Adjustable Arms,2207.956,231.6544,13,10.491803278688524,High Value
"Rogers Folders, Wire Frame",2206.6048,61.2748,92,2.776881478731488,Needs Attention
"Global Value Steno Chair, Gray",2204.862,245.99699999999999,43,11.157024793388429,High Value
"GlobeWeis Manila Envelope, Set of 50",2203.7994,463.8394,96,21.04726047207382,High Value
Office Star - Mesh Screen back chair with Vinyl seat,2200.464,-130.98000000000002,20,-5.952380952380953,Needs Attention
"Enermax Cards & Envelopes, Premium",2199.57,354.69,57,16.125424514791526,High Value
"Fiskars Shears, Serrated",2198.2294,326.3694,66,14.846921799881303,High Value
"Hamilton Beach Coffee Grinder, Red",2192.724,508.044,62,23.169537068960796,High Value
"3M Polarizing Task Lamp with Clamp Arm, Light Gray",2191.68,569.8368,16,26.000000000000007,High Value
"Eldon Photo Frame, Erganomic",2188.2652,-75.7548,59,-3.4618655910627285,Needs Attention
"Belkin Flash Drive, USB",2186.18,591.98,66,27.078282666569088,High Value
"Global Push Button Manager's Chair, Indigo",2185.951,283.74739999999997,44,12.98050139275766,High Value
"Xerox Note Cards, Premium",2184.6666,477.3666,93,21.850775765968134,High Value
"Stiletto Trimmer, Steel",2182.1055,422.9055,71,19.380616565056087,High Value
"Binney & Smith Markers, Blue",2180.145,260.445,113,11.946223760346216,High Value
"Hamilton Beach Blender, Silver",2179.2704,-59.289600000000014,36,-2.7206169551057093,Needs Attention
"Boston Markers, Fluorescent",2169.876,154.126,97,7.102986530105867,High Value
"Sanford Markers, Fluorescent",2166.5206000000003,504.6706,108,23.294059608757003,High Value
"SanDisk Cards & Envelopes, 8.5 x 11",2163.7200000000003,137.42999999999998,48,6.351561200155286,High Value
Jabra Supreme Plus Driver Edition Headset,2159.82,259.1784,22,12.0,High Value
Razer Kraken PRO Over Ear PC and Music Headset,2159.73,479.94,30,22.22222222222222,High Value
Logitech G35 7.1-Channel Surround Sound Headset,2157.8340000000003,699.3462,17,32.40963855421686,High Value
Samsung Galaxy Note 3,2155.902,153.993,13,7.142857142857142,High Value
"Logitech Flash Drive, USB",2155.7248,567.7848,85,26.338463982044463,High Value
Sauder Inglewood Library Bookcases,2154.348,311.1836,14,14.444444444444446,High Value
"Cuisinart Blender, Silver",2154.132,185.232,37,8.598915943869736,High Value
"Breville Toaster, Black",2152.224,262.254,37,12.185255809804184,High Value
"Tenex Door Stop, Duo Pack",2150.034,500.06399999999996,54,23.25842289005662,High Value
"Chromcraft Training Table, with Bottom Storage",2146.2084,-536.8416,12,-25.013488904432577,Needs Attention
"Chromcraft Training Table, Rectangular",2141.9106,-1108.2094,14,-51.73929294714728,Needs Attention
KI Conference Tables,2140.878,-479.2164,44,-22.3841059602649,Needs Attention
"KitchenAid Toaster, Red",2135.844,608.044,31,28.46855856513865,High Value
"Stockwell Clamps, Assorted Sizes",2133.838,565.278,160,26.491139439826267,High Value
"Cameo Interoffice Envelope, with clear poly window",2124.5995,-105.8005,59,-4.979785601945214,Needs Attention
"Tenex Folders, Wire Frame",2122.008,705.168,121,33.231165952249,High Value
"Breville Blender, Silver",2120.64,287.13,34,13.539780443639657,High Value
"Enermax Note Cards, Multicolor",2118.5536,102.0136,84,4.815247534921938,High Value
Mitel 5320 IP Phone VoIP phone,2116.688,211.66879999999998,14,9.999999999999998,High Value
"Elite Letter Opener, High Speed",2107.075,375.365,112,17.814505890867675,High Value
"Cameo Interoffice Envelope, Security-Tint",2105.6497,293.0197,57,13.915880689936222,High Value
"Rubbermaid Photo Frame, Black",2104.5,166.85999999999999,48,7.928724162508908,High Value
"Deflect-O Photo Frame, Durable",2100.4018,175.1518,56,8.338966382527381,High Value
Imation Bio 2GB USB Flash Drive Imation Corp,2098.88,881.5296,16,42.0,High Value
Laminate Occasional Tables,2096.168,-206.5342,18,-9.852941176470589,Needs Attention
"Kleencut Shears, Easy Grip",2093.0288,171.6388,56,8.200498722234496,High Value
"Sharp Personal Copier, Color",2085.5296,-134.7704,29,-6.4621667321336504,Needs Attention
"Stockwell Clamps, Bulk Pack",2084.8059,183.6859,128,8.810695518465293,High Value
"BIC Highlighters, Blue",2082.3,673.29,136,32.33395764299092,High Value
"Lesro Training Table, with Bottom Storage",2073.344,-7.215999999999987,12,-0.3480367946660075,Needs Attention
"Panasonic Calculator, Red",2072.691,604.491,48,29.164549853306642,High Value
"KitchenAid Coffee Grinder, Red",2071.1133,540.9933,32,26.120893531029903,High Value
"Bevis Wood Table, Fully Assembled",2065.4088,-171.33120000000002,7,-8.295268229708327,Needs Attention
"Rubbermaid ClusterMat Chairmats, Mat Size- 66"" x 60"", Lip 20"" x 11"" -90 Degree Angle",2064.228,-173.12879999999996,24,-8.387096774193546,Needs Attention
Cisco SPA 502G IP Phone,2063.14,299.875,21,14.534883720930234,High Value
"Tenex Chairmat w/ Average Lip, 45"" x 53""",2058.496,-529.76,19,-25.735294117647058,Needs Attention
"Panasonic Calculator, Durable",2049.264,-163.026,51,-7.955343967395123,Needs Attention
"Epson Phone, Red",2048.0460000000003,214.58599999999998,30,10.47759669460549,High Value
"Breville Blender, Black",2041.7259999999999,-18.413999999999987,29,-0.9018839942284121,Needs Attention
HTC One Mini,2041.038,317.4948,19,15.555555555555555,High Value
Hon 2111 Invitation Series Straight Table,2040.054,-115.30739999999999,18,-5.652173913043478,Needs Attention
"Tenex Photo Frame, Black",2037.3120000000001,490.422,46,24.072012534162663,High Value
"Acco Binder Covers, Recycled",2036.268,410.348,176,20.151964279750995,High Value
"Bevis Traditional Conference Table Top, Plinth Base",2033.496,-456.7032,9,-22.45901639344262,Needs Attention
Global Enterprise Series Seating High-Back Swivel/Tilt Chairs,2032.35,-460.666,10,-22.666666666666668,Needs Attention
"Okidata Calculator, Durable",2028.2669999999998,159.67700000000002,44,7.872582850285492,High Value
"GlobeWeis Interoffice Envelope, Security-Tint",2028.051,138.06099999999998,57,6.807570421059431,High Value
Jawbone MINI JAMBOX Wireless Bluetooth Speaker,2027.304,-339.7104,18,-16.756756756756754,Needs Attention
"Rogers Box, Single Width",2027.2,-19.04,119,-0.9392265193370166,Needs Attention
Jawbone JAMBOX Wireless Bluetooth Speaker,2022.272,872.1048000000001,14,43.125,High Value
Jabra SPEAK 410 Multidevice Speakerphone,2018.702,10.299500000000009,13,0.5102040816326535,Needs Attention
"Acco Binder, Economy",2017.374,353.394,162,17.517525258083033,High Value
Ooma Telo VoIP Home Phone System,2015.8400000000001,314.975,18,15.625,High Value
"GlobeWeis Interoffice Envelope, Recycled",2014.9164,503.3164,58,24.979517760637613,High Value
"Ames Manila Envelope, Security-Tint",2012.1549,602.3049,90,29.933326703625053,High Value
Okidata C610n Printer,2011.9,-292.04999999999995,5,-14.516129032258062,Needs Attention
"Xerox Cards & Envelopes, Multicolor",2009.8,215.84,49,10.739377052443029,High Value
"Hon Bag Chairs, Black",2006.7008,-258.3592,63,-12.87482418903705,Needs Attention
"Jiffy Mailers, with clear poly window",2006.0531,530.5731,66,26.44860696857924,High Value
"Belkin Mouse, Programmable",2005.2564,40.02639999999999,63,1.996073918527326,Needs Attention
"Rogers Box, Wire Frame",2004.48,71.74,109,3.5789830779054914,Needs Attention
"SanDisk Flash Drive, Programmable",2003.1624,257.4824,62,12.853795578431384,High Value
Logitech G602 Wireless Gaming Mouse,1999.75,515.1356000000001,29,25.760000000000005,High Value
"GlobeWeis Mailers, with clear poly window",1997.3108,155.7908,68,7.800027917537921,High Value
"Okidata Phone, Red",1995.0,719.88,25,36.08421052631579,High Value
"Rubbermaid Door Stop, Durable",1993.7288999999998,124.90890000000002,62,6.265089501386073,High Value
"BIC Markers, Blue",1992.9982,308.0382,94,15.456019980349206,High Value
Adtran 1202752G1,1990.6419999999998,312.4552,18,15.69620253164557,High Value
"SanDisk Flash Drive, USB",1988.1625,30.662499999999994,63,1.5422532111937528,Needs Attention
"Ativa D5772 2-Line 5.8GHz Digital Expandable Corded/Cordless Phone System with Answering & Caller ID/Call Waiting, Black/Silver",1979.88,593.964,12,30.0,High Value
"Global Value Mid-Back Manager's Chair, Gray",1978.925,197.89249999999998,39,10.0,High Value
"Binney & Smith Pencil Sharpener, Fluorescent",1977.9361000000001,78.5861,87,3.9731364425776947,Needs Attention
"Deflect-O Door Stop, Durable",1974.5529999999999,578.633,55,29.30450588057145,High Value
"Green Bar Computer Printout Paper, 8.5 x 11",1972.528,149.96800000000002,73,7.6028325073205565,High Value
"Fiskars Box Cutter, Steel",1971.6996000000001,474.7296,69,24.07717686811926,High Value
"Cameo Mailers, Security-Tint",1970.1344000000001,262.68440000000004,68,13.333323858514426,High Value
"KitchenAid Coffee Grinder, White",1962.2459999999999,545.646,33,27.807216832140313,High Value
"Tenex Clock, Erganomic",1961.316,769.176,45,39.21734182559057,High Value
"StarTech Receipt Printer, Durable",1959.3899999999999,52.27999999999999,23,2.6681773409071186,Needs Attention
"Acme Box Cutter, High Speed",1959.174,636.294,66,32.47766660847888,High Value
"Enermax Flash Drive, Bluetooth",1954.0696,130.7296,65,6.690119942503584,High Value
Space Solutions Commercial Steel Shelving,1952.43,-74.3475,33,-3.80794701986755,Needs Attention
Office Star Flex Back Scooter Chair with Aluminum Finish Frame,1947.1770000000001,413.649,20,21.243523316062173,High Value
"Kraft Manila Envelope, Security-Tint",1946.8971,-124.1229,91,-6.37542169023725,Needs Attention
"Elite Box Cutter, Easy Grip",1946.8349,14.964899999999997,70,0.7686784328758436,Needs Attention
Harmony Air Purifier,1946.7,374.22,13,19.223300970873787,High Value
AT&T 1080 Corded phone,1945.258,145.2094,18,7.464788732394366,High Value
"Belkin Flash Drive, Erganomic",1942.5825,-30.787499999999998,60,-1.5848747736582613,Needs Attention
"Nokia Office Telephone, VoIP",1939.2079999999999,158.96800000000002,46,8.197573442353786,High Value
AT&T CL83451 4-Handset Telephone,1936.306,473.777,10,24.46808510638298,High Value
"Jiffy Business Envelopes, Recycled",1936.2372,174.5072,150,9.01269741124693,High Value
"Eldon Door Stop, Duo Pack",1935.144,298.964,54,15.449186210431884,High Value
"Rubbermaid Stacking Tray, Black",1933.596,340.116,89,17.58981710760676,High Value
"Kleencut Trimmer, High Speed",1928.0141,292.7841,62,15.18578624502798,High Value
Imation Secure+ Hardware Encrypted USB 2.0 Flash Drive; 16GB,1926.9360000000001,408.744,32,21.21212121212121,High Value
"Ames Mailers, Recycled",1926.078,48.587999999999994,80,2.5226392700607136,Needs Attention
"GlobeWeis Mailers, Set of 50",1923.645,247.81499999999997,67,12.882574487496393,High Value
"Motorola Office Telephone, with Caller ID",1922.9288,-210.7012,44,-10.957306375566272,Needs Attention
"Deflect-O Stacking Tray, Erganomic",1922.8808,-91.33919999999999,115,-4.7501228365273604,Needs Attention
"Cardinal Index Tab, Clear",1922.8302,556.3702,337,28.934962639966855,High Value
Logitech Mobile Speakerphone P710e - speaker phone,1916.716,241.6142,17,12.605633802816904,High Value
"Stiletto Shears, Easy Grip",1915.492,461.572,43,24.096785577804557,High Value
"Kleencut Box Cutter, Steel",1915.3125,27.022499999999994,73,1.41086637298091,Needs Attention
"Fiskars Box Cutter, High Speed",1914.7648,-108.0352,68,-5.642217780481446,Needs Attention
"Deflect-O Photo Frame, Duo Pack",1914.7259999999999,364.806,48,19.052647741765664,High Value
Plantronics Audio 995 Wireless Stereo Headset,1913.13,587.1329999999999,18,30.689655172413786,High Value
"O'Sullivan Elevations Bookcase, Cherry Finish",1912.308,-68.1096,18,-3.5616438356164384,Needs Attention
"Binney & Smith Pens, Water Color",1911.5711999999999,631.9012,151,33.0566394806534,High Value
"Sauder Camden County Collection Libraries, Planked Cherry Finish",1909.8178,-78.18639999999999,19,-4.093919325707405,Needs Attention
"Tenex Box, Industrial",1909.2312,434.6512,137,22.76577085059159,High Value
"Okidata Phone, Wireless",1906.3574999999998,670.9575,26,35.195785680282945,High Value
"Breville Coffee Grinder, Silver",1905.431,393.991,42,20.67726409405536,High Value
Polycom SoundPoint Pro SE-225 Corded phone,1903.84,276.0568,19,14.500000000000002,High Value
Bestar Classic Bookcase,1897.8102,-612.9387,31,-32.29715489989463,Needs Attention
"BIC Pens, Water Color",1895.0502,504.7602,131,26.635716563075746,High Value
"Kraft Interoffice Envelope, Recycled",1894.0272,412.7772,50,21.79362577263938,High Value
"Advantus Photo Frame, Durable",1891.7116,64.7716,51,3.4239680086541733,Needs Attention
Novimex Fabric Task Chair,1890.3799999999999,-131.107,39,-6.935483870967743,Needs Attention
NETGEAR N750 Dual Band Wi-Fi Gigabit Router,1890.0,622.8,22,32.95238095238095,High Value
Multicolor Computer Printout Paper,1887.3,851.3820000000001,19,45.111111111111114,High Value
"Rubbermaid Clock, Duo Pack",1886.598,-7.631999999999998,49,-0.4045376916545019,Needs Attention
"Memorex Mouse, Bluetooth",1882.2255,-61.8445,82,-3.2857115154374434,Needs Attention
"Elite Shears, High Speed",1881.9669999999999,-3.0529999999999866,55,-0.1622238859661188,Needs Attention
Nortel Networks T7316 E Nt8 B27,1876.524,397.7415,29,21.195652173913043,High Value
"Stiletto Trimmer, High Speed",1875.7275,24.427500000000006,58,1.3022947096526551,Needs Attention
"Sauder Forest Hills Library, Woodland Oak Finish",1875.034,-70.49,15,-3.7593984962406015,Needs Attention
"Elite Shears, Steel",1874.6545999999998,51.73460000000001,55,2.7596870378148597,Needs Attention
"Memorex Numeric Keypad, USB",1865.7774,-243.0826,72,-13.028488821871248,Needs Attention
"Acco Binder, Durable",1863.69,525.21,137,28.181188931635624,High Value
"Acme Scissors, Serrated",1861.974,111.434,96,5.98472373942923,High Value
"Recycled Data-Pak for Archival Bound Computer Printouts, 12-1/2 x 12-1/2 x 16",1857.252,414.918,20,22.340425531914896,High Value
"Enermax Cards & Envelopes, 8.5 x 11",1850.2764,392.6364,51,21.22041874392388,High Value
"Logitech Flash Drive, Programmable",1848.0439999999999,466.504,71,25.243121917010637,High Value
Office Star - Contemporary Task Swivel Chair,1842.268,155.372,20,8.433734939759036,High Value
"Cuisinart Blender, White",1841.4422,182.23219999999998,40,9.896167254122881,High Value
"Wilson Jones Binder, Durable",1834.36,-4.7499999999999964,154,-0.25894589938725204,Needs Attention
"Logitech Numeric Keypad, Bluetooth",1834.272,362.542,47,19.764898553758655,High Value
"Ames Mailers, Set of 50",1831.935,324.735,59,17.726338543671037,High Value
"Padded Folding Chairs, Black, 4/Carton",1830.1480000000001,80.97999999999999,30,4.424778761061946,Needs Attention
"Konica Phone, Durable",1829.772,45.46199999999999,31,2.4845718482958525,Needs Attention
"Rubbermaid Clock, Black",1825.6568,709.6967999999999,50,38.87350568847332,High Value
"Eaton Cards & Envelopes, Multicolor",1824.3091000000002,483.19910000000004,45,26.486690221520025,High Value
"Tenex Folders, Industrial",1821.74,-57.660000000000004,94,-3.1651058877776195,Needs Attention
"Bevis Coffee Table, Fully Assembled",1816.6775,-213.2125,11,-11.736397902214344,Needs Attention
"Jiffy Manila Envelope, with clear poly window",1816.4385,328.1785,87,18.067140726206805,High Value
"StarTech Phone, Durable",1813.752,-495.858,34,-27.338798248051553,Needs Attention
"Eaton Note Cards, 8.5 x 11",1811.4745,282.4045,81,15.58975850888323,High Value
"Hamilton Beach Toaster, Silver",1809.3614,349.6014,39,19.321811551854704,High Value
"Ibico Index Tab, Clear",1807.1811,125.6411,251,6.952324811276524,High Value
"Eldon Clock, Erganomic",1804.916,702.746,41,38.935108337451716,High Value
LG G3,1803.108,411.579,10,22.826086956521742,High Value
"Stiletto Trimmer, Easy Grip",1802.901,581.941,46,32.27803412389255,High Value
Logitech Wireless Performance Mouse MX for PC and Mac,1799.82,497.9502,21,27.666666666666668,High Value
"Green Bar Cards & Envelopes, Recycled",1793.54,270.8,50,15.098631756191667,High Value
"Stiletto Letter Opener, Steel",1791.8824,287.8924,93,16.06647846979244,High Value
"Bevis Coffee Table, Rectangular",1789.25,-68.45000000000002,10,-3.825625261981278,Needs Attention
"Kraft Mailers, Set of 50",1788.7515,163.3615,62,9.132710720298487,High Value
"Deflect-O Door Stop, Duo Pack",1788.4197,475.34970000000004,50,26.579314687710053,High Value
Xerox 189,1782.4499999999998,746.532,19,41.88235294117648,High Value
"Cuisinart Toaster, Silver",1781.1599,352.16990000000004,38,19.7719418677683,High Value
Belkin 5 Outlet SurgeMaster Power Centers,1776.048,207.024,40,11.656441717791411,High Value
Office Star Flex Back Scooter Chair with White Frame,1775.68,-228.61880000000002,21,-12.875,Needs Attention
Bevis Steel Folding Chairs,1775.075,117.059,24,6.594594594594594,High Value
"Panasonic Calculator, White",1773.1275,363.00750000000005,43,20.472724042687286,High Value
"Jiffy Interoffice Envelope, with clear poly window",1772.7905999999998,320.62059999999997,49,18.085644181551956,High Value
"Wilson Jones Binder Covers, Recycled",1772.0395,303.2095,179,17.110764178789466,High Value
GE 2-Jack Phone Line Splitter,1771.5140000000001,94.75540000000001,11,5.348837209302325,Needs Attention
Global Deluxe Steno Chair,1770.5400000000002,-216.31380000000001,29,-12.217391304347826,Needs Attention
Tennsco Regal Shelving Units,1764.534,-6.084599999999998,18,-0.3448275862068964,Needs Attention
"Ibico 3-Hole Punch, Economy",1762.649,515.9689999999999,82,29.272362222995046,High Value
Honeywell Quietcare HEPA Air Cleaner,1761.76,549.7635,23,31.205357142857142,High Value
"Global Geo Office Task Chair, Gray",1757.266,-166.00900000000001,25,-9.447004608294932,Needs Attention
"Enermax Cards & Envelopes, Multicolor",1753.6364999999998,166.3665,45,9.48694327473225,High Value
"SanDisk Mouse, Bluetooth",1751.4055,57.615500000000004,62,3.2896722089773047,Needs Attention
"Hon Conference Table, with Bottom Storage",1750.8120000000001,-820.148,5,-46.84386444689664,Needs Attention
"Advantus Door Stop, Duo Pack",1748.8908000000001,4.000800000000012,51,0.2287621388367994,Needs Attention
Global Low Back Tilter Chair,1746.9540000000002,-246.3912,21,-14.104046242774565,Needs Attention
"Kraft Mailers, with clear poly window",1746.456,449.37600000000003,49,25.730736989652193,High Value
"SanDisk Mouse, Erganomic",1745.4388,300.3088,54,17.205346873233253,High Value
"Stanley Pencil Sharpener, Easy-Erase",1741.0344,496.01439999999997,84,28.48963811398557,High Value
Xerox 1941,1740.51,704.592,19,40.48192771084337,High Value
AT&T TR1909W,1738.662,340.173,15,19.565217391304348,High Value
"Kraft Mailers, Security-Tint",1730.16,168.59999999999997,56,9.744763490081839,High Value
"GlobeWeis Manila Envelope, Security-Tint",1729.806,-155.964,73,-9.016271188792269,Needs Attention
Jabra BIZ 2300 Duo QD Duo Corded Headset,1727.064,129.5298,17,7.5,High Value
"Smead Folders, Wire Frame",1725.8832,-2.3568000000000016,121,-0.13655617019738078,Needs Attention
"Konica Calculator, Wireless",1724.2699,534.9499,46,31.024719505919574,High Value
"KitchenAid Toaster, Silver",1724.269,531.049,24,30.798500697976937,High Value
First Data FD10 PIN Pad,1722.2,15.800000000000004,24,0.9174311926605507,Needs Attention
"Eldon Stacking Tray, Duo Pack",1721.9135999999999,34.59360000000001,72,2.009020661663861,Needs Attention
"Ibico Binder Covers, Clear",1721.78,86.99,156,5.052329565914344,Needs Attention
"Fellowes Box, Blue",1721.5408,192.70080000000002,122,11.193507583439208,High Value
"Eldon Photo Frame, Durable",1720.1842,266.1242,42,15.470680407365675,High Value
"Sanford Highlighters, Water Color",1716.6355,459.0755,108,26.74274765959343,High Value
"SanDisk Parchment Paper, Multicolor",1713.9708,387.7308,130,22.621785622018763,High Value
"Smead Folders, Blue",1713.437,-8.343,123,-0.4869160640280326,Needs Attention
"Deflect-O Stacking Tray, Black",1713.0685,275.12850000000003,89,16.06056617117179,High Value
Xerox 1908,1712.9879999999998,799.3944,32,46.66666666666667,High Value
"Kraft Interoffice Envelope, with clear poly window",1711.7713999999999,476.0414,48,27.80986993940897,High Value
"Boston Highlighters, Easy-Erase",1711.435,228.805,105,13.369190182507662,High Value
"Rogers Folders, Single Width",1710.8992,51.329200000000014,67,3.000129990124492,Needs Attention
"Stockwell Rubber Bands, Metal",1708.7149,495.7049,129,29.010392547053932,High Value
"Sauder Facets Collection Locker/File Cabinet, Sky Alder Finish",1706.508,222.588,5,13.043478260869565,High Value
BoxOffice By Design Rectangular and Half-Moon Meeting Room Tables,1706.25,-1148.4375,15,-67.3076923076923,Needs Attention
Kensington Orbit Wireless Mobile Trackball for PC and Mac,1703.716,357.5404,33,20.985915492957748,High Value
"Rogers Box, Industrial",1699.1119999999999,-223.898,92,-13.177353817758924,Needs Attention
"Sanford Markers, Blue",1698.5675,22.567500000000003,90,1.3286195573623067,Needs Attention
Xerox 1945,1696.986,756.2655,45,44.565217391304344,High Value
"Ames Mailers, with clear poly window",1695.083,364.433,53,21.49941920248153,High Value
"Acco Binder Covers, Clear",1691.1774,375.2874,169,22.190894935090782,High Value
Kensington Expert Mouse Optical USB Trackball for PC or Mac,1690.8220000000001,360.962,20,21.34831460674157,High Value
"Global Leather & Oak Executive Chair, Burgundy",1689.968,-114.6764,13,-6.785714285714286,Needs Attention
Hon Comfortask Task/Swivel Chairs,1686.904,-36.473600000000005,18,-2.1621621621621623,Needs Attention
Deflect-o DuraMat Antistatic Studded Beveled Mat for Medium Pile Carpeting,1685.44,244.3888,18,14.499999999999998,High Value
ClearOne Communications CHAT 70 OC Speaker Phone,1685.294,273.4628,12,16.22641509433962,High Value
"Stiletto Shears, Serrated",1685.1491,422.1891,48,25.053516036058767,High Value
"Binney & Smith Highlighters, Fluorescent",1682.065,24.124999999999993,106,1.4342489737316924,Needs Attention
Polycom CX300 Desktop Phone USB VoIP phone,1679.8880000000001,59.996,15,3.571428571428571,Needs Attention
"Xerox Computer Printout Paper, 8.5 x 11",1677.3144,65.5044,72,3.9053143525149494,Needs Attention
"Ames Mailers, Security-Tint",1677.2625,360.1125,67,21.470252867395534,High Value
"Eureka The Boss Plus 12-Amp Hard Box Upright Vacuum, Red",1674.4,146.51000000000002,20,8.75,High Value
"Advantus Stacking Tray, Durable",1672.7369999999999,342.777,74,20.491984095527272,High Value
"Tenex Door Stop, Black",1671.3312,-220.1088,56,-13.169669781788313,Needs Attention
"Elite Shears, Serrated",1666.808,-13.191999999999974,55,-0.7914528847953678,Needs Attention
Panasonic KX TS3282W Corded phone,1665.804,178.47899999999998,25,10.714285714285712,High Value
"Hon Conference Table, Fully Assembled",1661.31,-83.07,3,-5.000270870578038,Needs Attention
"Sanford Highlighters, Blue",1661.205,205.245,126,12.35518795091515,High Value
"BIC Highlighters, Easy-Erase",1651.712,359.91200000000003,91,21.790239460632364,High Value
"Acco Binder Covers, Economy",1650.4368,364.8168,145,22.10425749110781,High Value
"Logitech Flash Drive, Bluetooth",1650.2859,486.0659,66,29.453435916770545,High Value
"Avery Binder, Clear",1648.5356,158.0756,164,9.588849643283408,High Value
"Cameo Manila Envelope, Set of 50",1647.0,80.19,78,4.868852459016393,Needs Attention
O'Sullivan Manor Hill 2-Door Library in Brianna Oak,1646.918,-285.9484,12,-17.36263736263736,Needs Attention
"SanDisk Mouse, Programmable",1644.6838,-27.746199999999998,58,-1.6870233658287386,Needs Attention
"Cameo Business Envelopes, Recycled",1644.2595000000001,157.1395,113,9.556855228751909,High Value
"Kraft Mailers, Recycled",1643.895,261.65500000000003,60,15.916770839986741,High Value
"Stockwell Thumb Tacks, Bulk Pack",1642.2295,324.9595,159,19.787703241233945,High Value
Enermax Aurora Lite Keyboard,1641.1499999999999,722.106,21,44.00000000000001,High Value
"BIC Highlighters, Fluorescent",1640.0337000000002,296.0937,92,18.0541229122304,High Value
"Ibico Binder Covers, Recycled",1639.9639,216.6139,131,13.208455381243454,High Value
"Eldon Stacking Tray, Durable",1639.0485,210.4185,70,12.837844639740679,High Value
"Howard Miller 14-1/2"" Diameter Chrome Round Wall Clock",1636.864,375.9672,29,22.96875,High Value
"Eldon Photo Frame, Black",1636.3776,240.0276,37,14.668228164452996,High Value
"Advantus Door Stop, Durable",1636.134,7.914000000000005,68,0.48370121273685435,Needs Attention
"Carina 42""Hx23 3/4""W Media Storage Unit",1635.796,-110.1328,22,-6.732673267326733,Needs Attention
"Green Bar Message Books, 8.5 x 11",1635.6739,229.1539,76,14.009754633854584,High Value
"Acco Binder, Clear",1634.9077,422.0677,130,25.815995606357472,High Value
"Elite Trimmer, High Speed",1634.4363,142.0763,48,8.692678937686345,High Value
Motorola Moto X,1631.952,142.79579999999999,6,8.75,High Value
"Eaton Cards & Envelopes, 8.5 x 11",1624.272,169.632,41,10.443571027512634,High Value
"Deflect-o RollaMat Studded, Beveled Mat for Medium Pile Carpeting",1623.248,-343.0956,26,-21.136363636363637,Needs Attention
"Barricks Round Table, Rectangular",1622.01,-623.94,5,-38.46708713263174,Needs Attention
Panasonic KX MC6040 Color Laser Multifunction Printer,1619.82,-22.497500000000002,5,-1.388888888888889,Needs Attention
Plantronics Audio 478 Stereo USB Headset,1619.676,514.897,34,31.790123456790127,High Value
"Boston Highlighters, Fluorescent",1618.2507,239.3607,98,14.791323742359575,High Value
"Boston Pens, Fluorescent",1618.176,191.61599999999999,122,11.841480778357855,High Value
"Hunt PowerHouse Electric Pencil Sharpener, Blue",1617.9479999999999,448.164,44,27.699530516431924,High Value
"Cardinal Binder, Recycled",1616.1464,141.0564,143,8.727946923620285,High Value
"Acme Scissors, Easy Grip",1616.1134,240.29340000000002,78,14.868597711026963,High Value
Logitech G600 MMO Gaming Mouse,1615.798,540.7324,21,33.46534653465346,High Value
AT&T 841000 Phone,1614.6,165.6,28,10.256410256410255,High Value
"Stanley Highlighters, Water Color",1613.372,479.87199999999996,98,29.743419372593543,High Value
"Ibico Binder, Durable",1610.4398,83.25979999999998,110,5.170003870992258,Needs Attention
"Cameo Manila Envelope, Security-Tint",1608.964,612.844,62,38.08935439201872,High Value
"SanDisk Cards & Envelopes, Multicolor",1607.848,187.468,40,11.659559858892134,High Value
"Fellowes Folders, Wire Frame",1607.3268,87.5268,79,5.44548874566143,Needs Attention
"Acme Scissors, High Speed",1602.72,162.96,76,10.167714884696018,High Value
"Kleencut Shears, High Speed",1601.093,-110.34699999999998,50,-6.89197941656106,Needs Attention
"Avery 3-Hole Punch, Economy",1600.6670000000001,519.247,71,32.439414319155695,High Value
"Okidata Phone, Durable",1600.248,-59.712,23,-3.731421629647405,Needs Attention
"Tenex Door Stop, Erganomic",1600.2181,156.6181,44,9.787297119061456,High Value
"Kraft Business Envelopes, Recycled",1590.9436,203.0236,124,12.761206619769549,High Value
"Iceberg Nesting Folding Chair, 19w x 6d x 43h",1589.406,253.8392,31,15.970695970695973,High Value
AT&T 1080 Phone,1589.084,271.2402,13,17.06896551724138,High Value
"Ibico Binder Covers, Economy",1585.675,240.745,130,15.182493259968153,High Value
Mophie Juice Pack Helium for iPhone,1583.802,201.57479999999998,24,12.727272727272727,High Value
"Memorex Flash Drive, Bluetooth",1581.72,124.47999999999999,77,7.869913764762409,High Value
Deflect-o Glass Clear Studded Chair Mats,1579.3719999999998,318.3616,26,20.157480314960633,High Value
"Elite Box Cutter, High Speed",1579.0051,212.5151,57,13.458797568164915,High Value
"Hamilton Beach Toaster, White",1576.9355,420.9855,39,26.696431147627784,High Value
Microsoft Sculpt Comfort Mouse,1574.03,634.406,42,40.304568527918775,High Value
GBC ProClick Punch Binding System,1573.908,562.3842,31,35.731707317073166,High Value
"Stockwell Thumb Tacks, 12 Pack",1573.6281000000001,238.4081,170,15.150218784222266,High Value
"Hon Metal Bookcases, Black",1570.0776,-26.972399999999993,30,-1.7179023508137425,Needs Attention
"Rogers Folders, Blue",1566.7245,-132.75549999999998,74,-8.473442522919632,Needs Attention
Xerox 1919,1565.818,729.622,40,46.596858638743456,High Value
"Fiskars Trimmer, High Speed",1565.1,184.8,44,11.807552233084149,High Value
"Logitech Mouse, USB",1563.4615,194.13150000000002,63,12.416775213204804,High Value
Cameo Buff Policy Envelopes,1555.75,632.2568,28,40.64,High Value
"Ames Interoffice Envelope, Recycled",1554.036,62.11599999999998,47,3.997076000813365,Needs Attention
"Rubbermaid Door Stop, Erganomic",1553.4204,492.9204,43,31.731294374658653,High Value
"Xerox Message Books, 8.5 x 11",1553.0353,44.76530000000002,82,2.882439310941613,Needs Attention
"Green Bar Memo Slips, 8.5 x 11",1550.4665,653.1965,83,42.12903019833063,High Value
"Stockwell Clamps, Metal",1550.45,-129.17000000000002,111,-8.331129672030702,Needs Attention
"Avery Binder Covers, Durable",1548.3307,171.8407,150,11.098449446232642,High Value
"Kleencut Box Cutter, Serrated",1547.018,247.958,58,16.028126369570362,High Value
"Sanford Highlighters, Easy-Erase",1546.2504,-48.9996,110,-3.1689304655959996,Needs Attention
Luxo Adjustable Task Clamp Lamp,1545.816,362.4672,18,23.448275862068964,High Value
"Advantus Stacking Tray, Black",1545.3621,415.2621,76,26.871507978615494,High Value
"Stockwell Rubber Bands, Bulk Pack",1544.7854,278.1654,124,18.006734139253258,High Value
"Eaton Message Books, Recycled",1543.1702,317.1902,93,20.554453423219293,High Value
"Xerox Computer Printout Paper, Recycled",1540.875,248.555,75,16.130769854790298,High Value
"Eldon Folders, Wire Frame",1539.195,193.175,115,12.550391600804318,High Value
Avaya 5420 Digital phone,1538.886,323.976,12,21.05263157894737,High Value
"Eldon Folders, Blue",1535.6712,146.6412,105,9.54899720721467,High Value
"Acme Box Cutter, Serrated",1533.18,-81.86,77,-5.339229575131426,Needs Attention
"SanDisk Message Books, Premium",1526.068,81.26799999999999,79,5.325319710524039,Needs Attention
Eureka Sanitaire  Commercial Upright,1524.5320000000002,53.02719999999999,12,3.478260869565217,Needs Attention
"Memorex Flash Drive, Programmable",1522.649,299.189,65,19.649242865558644,High Value
"Hon Round Table, Fully Assembled",1517.648,-414.03200000000004,8,-27.281161376023956,Needs Attention
"Panasonic Phone, White",1515.15,-71.19,21,-4.698544698544698,Needs Attention
"Fiskars Box Cutter, Easy Grip",1514.074,159.084,58,10.507016169619186,High Value
"Avery Binder, Economy",1512.6970000000001,392.387,143,25.939563574198925,High Value
"Fellowes Box, Single Width",1504.6614,-242.7986,109,-16.136427770394057,Needs Attention
"SanDisk Message Books, 8.5 x 11",1502.1044,429.5344,68,28.59550907380339,High Value
Harbour Creations 67200 Series Stacking Chairs,1501.8980000000001,254.8244,24,16.96682464454976,High Value
LG G2,1499.97,-374.9925,5,-25.0,Needs Attention
"Hamilton Beach Toaster, Black",1499.42,204.5,31,13.638606928012164,High Value
Microsoft Natural Keyboard Elite,1497.0,20.95799999999999,29,1.3999999999999992,Needs Attention
"Tenex Box, Blue",1493.8,62.02,113,4.15182755388941,Needs Attention
Sony Micro Vault Click 16 GB USB 2.0 Flash Drive,1489.334,255.3144,29,17.142857142857142,High Value
"Acco Binder Covers, Durable",1488.422,342.022,121,22.978832616018842,High Value
"Panasonic Calculator, Wireless",1488.288,-60.942,34,-4.094771979616849,Needs Attention
"Stanley Markers, Blue",1486.068,49.127999999999986,85,3.3059052479428925,Needs Attention
"Stockwell Push Pins, 12 Pack",1481.3566,121.1166,155,8.176059700952491,High Value
"Avery Binder Covers, Recycled",1477.3274999999999,501.1075,163,33.919865432681654,High Value
"Kleencut Trimmer, Serrated",1475.3768,161.1368,46,10.921738772088595,High Value
Hon 4-Shelf Metal Bookcases,1474.308,-191.86200000000002,22,-13.013698630136988,Needs Attention
"Hamilton Beach Toaster, Red",1473.4062,222.1662,29,15.078408113119114,High Value
"Bush Westfield Collection Bookcases, Fully Assembled",1473.2982000000002,73.71539999999999,18,5.003427004797805,Needs Attention
Kensington 7 Outlet MasterPiece Power Center with Fax/Phone Line Protection,1473.108,311.22,8,21.126760563380284,High Value
"Lesro Coffee Table, Rectangular",1472.463,-793.6769999999999,10,-53.901320440649435,Needs Attention
"SanDisk Flash Drive, Erganomic",1470.4695,3.669499999999992,55,0.24954614835601777,Needs Attention
"Tenex ""The Solids"" Textured Chair Mats",1469.1599999999999,-40.576800000000006,26,-2.7619047619047628,Needs Attention
"Plantronics CS 50-USB - headset - Convertible, Monaural",1468.692,178.1469,13,12.12962962962963,High Value
"Mini 13-1/2 Capacity Data Binder Rack, Pearl",1465.7440000000001,287.914,12,19.64285714285714,High Value
"Cameo Manila Envelope, Recycled",1463.118,434.358,72,29.687147584815442,High Value
"Acco Index Tab, Clear",1461.8054,309.1154,228,21.146138877308843,High Value
"Cardinal Binder, Clear",1458.7104,133.37040000000002,135,9.143034834056166,High Value
"Memorex Mouse, USB",1457.786,-84.894,73,-5.823488495567937,Needs Attention
"Boston Pens, Blue",1457.6448,-61.8052,114,-4.240072752977954,Needs Attention
"Green Bar Parchment Paper, 8.5 x 11",1457.2612,579.5412,76,39.769205410807615,High Value
"Smead Folders, Single Width",1456.0872,281.6672,110,19.34411620402954,High Value
"Cuisinart Toaster, White",1451.68,177.23000000000002,41,12.208613468533011,High Value
"Global Leather Task Chair, Black",1448.839,63.8929,19,4.409937888198757,Needs Attention
"Fiskars Scissors, Steel",1448.0511999999999,378.0312,79,26.1062039795278,High Value
"SAFCO Commercial Wire Shelving, 72h",1445.2640000000001,-24.496,24,-1.6949152542372878,Needs Attention
"StarTech Phone, Red",1442.956,507.856,24,35.19552917760486,High Value
"Chromcraft Coffee Table, Rectangular",1442.3970000000002,-238.323,11,-16.522704914111717,Needs Attention
"Cardinal Binder, Economy",1442.1002,356.1702,134,24.698020290129634,High Value
"GlobeWeis Manila Envelope, Recycled",1441.6722,140.33220000000003,79,9.733988073016878,High Value
Nokia Lumia 1020,1439.968,143.9968,4,10.0,High Value
"Leather Task Chair, Black",1437.484,54.588,19,3.79746835443038,Needs Attention
"Bush Andora Conference Table, Maple/Graphite Gray Finish",1436.232,-143.6232,12,-10.0,Needs Attention
Xerox 1893,1434.65,619.3589,39,43.171428571428564,High Value
"Eaton Note Cards, Multicolor",1434.624,209.424,66,14.597831905781586,High Value
"Stiletto Scissors, Easy Grip",1434.4937,67.2637,71,4.689020244564337,Needs Attention
"Green Bar Computer Printout Paper, Multicolor",1434.3395,101.7295,58,7.0924282570479305,High Value
"OIC Clamps, Bulk Pack",1432.666,338.056,87,23.596288318421742,High Value
Eldon Antistatic Chair Mats for Low to Medium Pile Carpets,1431.9440000000002,46.3276,14,3.2352941176470584,Needs Attention
"SanDisk Computer Printout Paper, Multicolor",1431.664,255.664,52,17.857821388258696,High Value
"Tenex Door Stop, Durable",1429.7448,-521.9152,56,-36.504081008023256,Needs Attention
"Eldon Light Bulb, Duo Pack",1429.7160000000001,430.716,75,30.125983062370427,High Value
"GlobeWeis Manila Envelope, with clear poly window",1428.6567,201.0167,59,14.07032914205351,High Value
"Sauder Facets Collection Library, Sky Alder Finish",1427.683,-8.549,10,-0.5988023952095808,Needs Attention
"Bush Westfield Collection Bookcases, Medium Cherry Finish",1426.8878,-20.293000000000013,32,-1.422186103210078,Needs Attention
Fellowes Bankers Box Stor/Drawer Steel Plus,1426.308,-12.792000000000002,50,-0.8968609865470853,Needs Attention
"Stiletto Scissors, Steel",1424.7025,3.4025000000000105,84,0.23882178911035887,Needs Attention
"Enermax Computer Printout Paper, 8.5 x 11",1421.5786,199.8386,57,14.057513246189835,High Value
Global Deluxe Office Fabric Chairs,1420.504,229.3922,17,16.14864864864865,High Value
"Stockwell Rubber Bands, Assorted Sizes",1417.8806,292.3106,128,20.616023662359158,High Value
"Eaton Message Books, Multicolor",1416.156,492.856,77,34.80238052869882,High Value
"Acme Letter Opener, Serrated",1416.0939,301.64390000000003,68,21.30112275746686,High Value
"Tenex Photo Frame, Durable",1412.8317,132.2217,47,9.358630613964849,High Value
"Chromcraft Computer Table, Rectangular",1411.2,405.72,6,28.750000000000004,High Value
"Deflect-O Photo Frame, Erganomic",1411.192,293.332,37,20.78611556754857,High Value
"BIC Pens, Easy-Erase",1410.7195,164.5795,112,11.666351815509746,High Value
Logitech Wireless Marathon Mouse M705,1409.718,554.889,30,39.361702127659576,High Value
Logitech 910-002974 M325 Wireless Mouse for Web Scrolling,1409.53,536.2212,52,38.04255319148936,High Value
"Hoover Coffee Grinder, Black",1408.743,576.833,23,40.94664534269203,High Value
"Acco Binder, Recycled",1406.757,-5.283,114,-0.37554460365222997,Needs Attention
"SanDisk Memo Slips, 8.5 x 11",1406.4512,258.7712,88,18.398875126275268,High Value
"GlobeWeis Peel and Seal, with clear poly window",1404.6393,142.0093,69,10.110018992064369,High Value
"Belkin 19"" Vented Equipment Shelf, Black",1400.256,-179.6652,31,-12.830882352941176,Needs Attention
Logitech G500s Laser Gaming Mouse with Adjustable Weight Tuning,1399.8,429.7386,21,30.700000000000006,High Value
"Global Armless Task Chair, Royal Blue",1396.442,-20.733200000000004,28,-1.4847161572052405,Needs Attention
"Rubbermaid Light Bulb, Erganomic",1396.3926000000001,307.2126,98,22.00044600637385,High Value
Hewlett-Packard Deskjet 6540 Color Inkjet Printer,1396.21,139.621,6,10.0,High Value
Avaya IP Phone 1140E VoIP phone,1394.95,362.687,5,26.0,High Value
"SanDisk Message Books, Multicolor",1392.1073000000001,26.3373,67,1.891901579713,Needs Attention
Cisco CP-7937G Unified IP Conference Station Phone,1391.4,-55.656,4,-3.9999999999999996,Needs Attention
Cisco IP Phone 7961G VoIP phone - Dark gray,1386.69,228.39600000000002,12,16.470588235294116,High Value
Samsung Rugby III,1385.79,229.6452,24,16.57142857142857,High Value
"Memorex Mouse, Erganomic",1384.2144,-56.295599999999986,74,-4.06697112817205,Needs Attention
"Holmes Replacement Filter for HEPA Air Cleaner, Very Large Room, HEPA Filter",1383.0810000000001,381.2074,26,27.562189054726367,High Value
"Enermax Message Books, Multicolor",1382.795,194.54500000000002,79,14.06896900842135,High Value
Cisco SPA525G2 5-Line IP Phone,1379.92,648.5624,8,47.0,High Value
"Belkin 325VA UPS Surge Protector, 6'",1379.172,199.61700000000002,13,14.473684210526317,High Value
"Boston Highlighters, Blue",1378.4535,238.6935,93,17.31603568781972,High Value
"Advantus Paper Clips, Assorted Sizes",1377.594,147.12400000000002,139,10.679779383475829,High Value
"Cameo Manila Envelope, with clear poly window",1377.354,349.974,60,25.4091540736804,High Value
"StarTech Calculator, Durable",1376.748,29.628000000000004,39,2.1520278220850875,Needs Attention
"Advantus Clamps, Assorted Sizes",1376.6976,-114.20239999999998,112,-8.29538745473225,Needs Attention
"GlobeWeis Interoffice Envelope, with clear poly window",1376.1056,25.155599999999993,36,1.8280283141061262,Needs Attention
"Belkin Flash Drive, Bluetooth",1374.0942,364.6742,41,26.539243088283175,High Value
"Enermax Message Books, Recycled",1372.8366,419.7966,74,30.578773905066342,High Value
Sauder Camden County Collection Library,1368.2620000000002,-103.482,16,-7.563025210084033,Needs Attention
"Chromcraft Coffee Table, with Bottom Storage",1367.5008,-312.5592,7,-22.856235257778273,Needs Attention
"StarTech Calculator, Wireless",1366.632,-110.358,41,-8.075180443601496,Needs Attention
"Xerox Computer Printout Paper, Multicolor",1365.3,278.92,61,20.429209697502383,High Value
"SanDisk Computer Printout Paper, Recycled",1364.715,330.135,61,24.190765104802104,High Value
"Cuisinart Coffee Grinder, Black",1364.368,352.448,43,25.832326762281145,High Value
"Ibico Binder Covers, Durable",1363.5,128.25,111,9.405940594059405,High Value
Safco Industrial Wire Shelving,1363.058,-126.7068,16,-9.295774647887324,Needs Attention
"GlobeWeis Peel and Seal, Set of 50",1361.6161,199.9061,76,14.68153174745804,High Value
Ames Color-File Green Diamond Border X-ray Mailers,1360.4759999999999,559.3068,18,41.11111111111111,High Value
Airmail Envelopes,1359.6660000000002,514.4909,19,37.839506172839506,High Value
Plantronics Voyager Pro Legend,1359.534,173.0316,8,12.727272727272727,High Value
"Cameo Mailers, Set of 50",1358.2415999999998,264.3516,52,19.462781879159056,High Value
"Avery Binder, Durable",1357.296,-89.074,109,-6.562606830050336,Needs Attention
"Ibico Binder, Recycled",1354.2144,101.7744,119,7.515383088527193,High Value
"Stanley Highlighters, Fluorescent",1352.2376000000002,458.1576,93,33.88144213709188,High Value
"Stanley Highlighters, Easy-Erase",1345.0046,108.7046,113,8.082098752673412,High Value
DYMO CardScan Personal V9 Business Card Scanner,1343.916,463.97100000000006,11,34.523809523809526,High Value
Novimex Turbo Task Chair,1341.522,-32.6508,22,-2.4338624338624335,Needs Attention
Apple iPhone 5C,1339.866,229.977,15,17.16417910447761,High Value
AT&T 17929 Lendline Telephone,1339.104,167.388,35,12.5,High Value
"Kleencut Scissors, Steel",1334.6580000000001,128.628,79,9.637525118794475,High Value
"Deflect-O Stacking Tray, Durable",1331.94,-121.04,72,-9.087496433773293,Needs Attention
"Cuisinart Coffee Grinder, Silver",1330.8927999999999,144.7128,41,10.873362602908363,High Value
Luxo Professional Combination Clamp-On Lamps,1329.9,345.774,13,26.0,High Value
"Wilson Jones Binder Covers, Durable",1327.6701,484.4001,124,36.48497469363812,High Value
"Howard Miller 13-3/4"" Diameter Brushed Chrome Round Wall Clock",1324.8,201.825,31,15.234375,High Value
"Binney & Smith Pens, Blue",1324.0664,311.5064,135,23.52649383746918,High Value
"Green Bar Parchment Paper, Recycled",1323.1631,322.8731,103,24.401610050945347,High Value
"Tenex Traditional Chairmats for Medium Pile Carpet, Standard Lip, 36"" x 48""",1322.17,172.246,24,13.027522935779817,High Value
"Tenex Folders, Blue",1322.1468,297.1368,79,22.473813044058343,High Value
"Cardinal Binder Covers, Durable",1321.29,405.99,109,30.72678972822015,High Value
Xerox 1891,1320.57,542.901,30,41.11111111111111,High Value
"Kraft Manila Envelope, Set of 50",1320.2616,-93.2184,70,-7.060600717312387,Needs Attention
"Hon Metal Bookcases, Putty",1320.228,362.70779999999996,19,27.473118279569885,High Value
Honeywell Enviracaire Portable HEPA Air Cleaner for up to 10 x 16 Room,1320.166,417.0244,12,31.588785046728972,High Value
Avery Arch Ring Binders,1318.87,87.15000000000002,40,6.607929515418504,Needs Attention
"Accos Clamps, Bulk Pack",1317.84,490.71000000000004,76,37.23593152431251,High Value
"Avery Index Tab, Clear",1312.9488,221.5388,252,16.873376935947544,High Value
"Hoover Coffee Grinder, Silver",1311.988,446.968,24,34.067994524340165,High Value
Office Star - Ergonomically Designed Knee Chair,1311.8760000000002,-42.1096,19,-3.209876543209876,Needs Attention
"Stockwell Push Pins, Assorted Sizes",1311.333,175.16299999999998,151,13.357629221563094,High Value
Nokia Lumia 925,1310.296,284.7374,11,21.73076923076923,High Value
"Cardinal Binder Covers, Economy",1307.6,-90.4,131,-6.913429183236465,Needs Attention
"Fiskars Letter Opener, High Speed",1305.0075,116.98750000000001,59,8.964507866813028,High Value
"StarTech Calculator, White",1304.1963,-240.56369999999998,47,-18.445359797447665,Needs Attention
Eldon Cleatmat Plus Chair Mats for High Pile Carpets,1304.128,-111.32800000000002,20,-8.53658536585366,Needs Attention
"SanDisk Memo Slips, Premium",1303.8376,360.3476,91,27.637460370831455,High Value
"Xerox Note Cards, 8.5 x 11",1303.794,-407.546,58,-31.258465677860148,Needs Attention
"Jiffy Interoffice Envelope, Security-Tint",1299.958,77.218,38,5.940038062768182,Needs Attention
"Cardinal Binder, Durable",1299.473,107.063,96,8.238955330353152,High Value
"Smead Folders, Industrial",1296.2359999999999,244.01600000000002,92,18.824967058467752,High Value
"Hon 30"" x 60"" Table with Locking Drawer",1296.028,-177.3512,6,-13.684210526315791,Needs Attention
"Epson Calculator, Wireless",1294.839,431.05899999999997,37,33.2905480913071,High Value
"Stiletto Scissors, High Speed",1291.3096,91.8696,66,7.114451871185655,Needs Attention
GBC Recycled Regency Composition Covers,1291.248,451.9368,26,35.0,High Value
"Kleencut Scissors, Serrated",1289.4209999999998,73.82100000000001,77,5.7251277899150095,Needs Attention
Fellowes Recycled Storage Drawers,1287.9479999999999,48.8532,12,3.7931034482758625,Needs Attention
Star Micronics TSP800 TSP847IIU Receipt Printer,1286.85,360.318,4,28.000000000000004,High Value
Panasonic KX TS208W Corded phone,1283.538,154.8084,32,12.061068702290077,High Value
Tennsco Industrial Shelving,1281.442,-108.5802,29,-8.473282442748092,Needs Attention
"Ames Peel and Seal, Recycled",1279.4518,306.5518,91,23.959620831359178,High Value
White Computer Printout Paper by Universal,1279.08,547.6788,37,42.81818181818182,High Value
"Enermax Computer Printout Paper, Recycled",1276.154,66.57400000000001,53,5.216768509129777,Needs Attention
"Ibico Binder, Clear",1272.7884,129.5084,98,10.17517130105837,High Value
"Acme Shears, Steel",1272.456,84.906,37,6.672607933005151,Needs Attention
"Kraft Peel and Seal, Security-Tint",1270.8528000000001,56.872800000000005,65,4.475168170538712,Needs Attention
"Logitech Mouse, Erganomic",1270.521,-156.699,68,-12.333444311428147,Needs Attention
Luxo Professional Magnifying Clamp-On Fluorescent Lamps,1268.922,106.09020000000001,13,8.360655737704919,High Value
"Hon Deluxe Fabric Upholstered Stacking Chairs, Squared Back",1268.696,73.194,7,5.769230769230769,Needs Attention
"Green Bar Message Books, Recycled",1267.16,343.59999999999997,63,27.115754916506198,Needs Attention
"Breville Coffee Grinder, Red",1267.099,377.30899999999997,23,29.777389138496673,Needs Attention
Tyvek Side-Opening Peel & Seel Expanding Envelopes,1266.72,570.024,14,45.0,Needs Attention
"Fiskars Scissors, High Speed",1266.08,262.04,79,20.696954378870217,Needs Attention
Bush Somerset Collection Bookcase,1263.9569999999999,-56.3214,12,-4.455958549222798,Needs Attention
"Kleencut Letter Opener, High Speed",1262.142,318.462,55,25.23186772962155,Needs Attention
"Eaton Message Books, 8.5 x 11",1261.5439999999999,465.314,61,36.88448440958065,Needs Attention
"Stanley Pens, Water Color",1260.819,173.739,118,13.77985261960678,Needs Attention
"Stiletto Letter Opener, High Speed",1260.749,-82.86099999999999,66,-6.572362936635284,Needs Attention
Panasonic KX T7736-B Digital phone,1259.58,134.95499999999998,10,10.714285714285714,Needs Attention
"Accos Paper Clips, Assorted Sizes",1259.1615,-19.988499999999995,120,-1.5874452959370182,Needs Attention
"Ames Interoffice Envelope, Set of 50",1255.84,67.56999999999996,52,5.380462479296724,Needs Attention
"Stockwell Paper Clips, Bulk Pack",1254.687,338.277,112,26.961066783986766,Needs Attention
"Green Bar Note Cards, 8.5 x 11",1253.142,368.222,52,29.383900627383007,Needs Attention
"Sanford Pens, Fluorescent",1251.3676,168.0876,129,13.432311976113173,Needs Attention
Logitech G430 Surround Sound Gaming Headset with Dolby 7.1 Technology,1247.844,377.5528,17,30.256410256410255,Needs Attention
"Cameo Business Envelopes, Security-Tint",1246.955,290.935,89,23.331635864967062,Needs Attention
"Stiletto Ruler, Easy Grip",1246.3,226.39000000000001,94,18.164968306186314,Needs Attention
Tripp Lite Isotel 6 Outlet Surge Protector with Fax/Modem Protection,1243.788,74.9931,27,6.029411764705882,Needs Attention
"Rubbermaid Door Stop, Black",1243.628,173.728,36,13.969450671744285,Needs Attention
"Wilson Jones Binder, Recycled",1242.333,310.753,119,25.0136638083348,Needs Attention
Hon Valutask Swivel Chairs,1242.054,139.3524,13,11.21951219512195,Needs Attention
"SAFCO Mobile Desk Side File, Wire Frame",1240.04,259.12559999999996,31,20.89655172413793,Needs Attention
"Stockwell Staples, Metal",1236.69,225.78,150,18.25679838924872,Needs Attention
"Ibico Binder, Economy",1234.272,212.482,108,17.21516813149776,Needs Attention
"Avery 4027 File Folder Labels for Dot Matrix Printers, 5000 Labels per Box, White",1233.412,524.5054,43,42.524752475247524,Needs Attention
Maxell 4.7GB DVD-R,1231.692,411.2262,49,33.387096774193544,Needs Attention
Xerox 1888,1231.656,539.2656,24,43.78378378378378,Needs Attention
Hon 4060 Series Tables,1231.56,96.2856,13,7.818181818181818,Needs Attention
Blue Parrot B250XT Professional Grade Wireless Bluetooth Headset with,1229.836,127.483,21,10.365853658536587,Needs Attention
Case Logic 2.4GHz Wireless Keyboard,1229.754,-11.997600000000006,27,-0.9756097560975615,Needs Attention
"Xerox Note Cards, Recycled",1227.6264,164.8164,65,13.42561548041,Needs Attention
"Cuisinart Coffee Grinder, Red",1226.511,291.591,42,23.774022409909083,Needs Attention
"Chromcraft Coffee Table, Fully Assembled",1226.424,-1960.696,19,-159.87097447538534,Needs Attention
Xerox 1917,1222.75,574.6925,25,47.0,Needs Attention
Plantronics Voyager Pro HD - Bluetooth Headset,1221.812,376.942,25,30.85106382978724,Needs Attention
"Panasonic Phone, Wireless",1220.282,-366.44800000000004,20,-30.029780001671753,Needs Attention
"Epson Calculator, Red",1220.1156,-5.6844000000000054,43,-0.46589028121597703,Needs Attention
Satellite Sectional Post Binders,1219.821,329.0478,38,26.975088967971534,Needs Attention
"Stockwell Push Pins, Bulk Pack",1217.9337,205.0537,105,16.83619559915289,Needs Attention
"Wilson Jones Ledger-Size, Piano-Hinge Binder, 2"", Blue",1217.106,215.55480000000003,47,17.710437710437713,Needs Attention
Epson TM-T88V Direct Thermal Printer - Monochrome - Desktop,1212.705,-1057.23,10,-87.1794871794872,Needs Attention
"Stiletto Box Cutter, High Speed",1209.791,247.391,38,20.449069302053,Needs Attention
"Sanford Pens, Easy-Erase",1208.0625,126.5025,126,10.471519478503803,Needs Attention
APC 7 Outlet Network SurgeArrest Surge Protector,1207.2,80.47999999999998,20,6.666666666666663,Needs Attention
"Stanley Highlighters, Blue",1206.282,47.321999999999996,104,3.922963287191552,Needs Attention
"SanDisk Note Cards, 8.5 x 11",1203.6686,-30.07140000000001,51,-2.4983122430875087,Needs Attention
"Boston Pens, Water Color",1201.18,91.28,82,7.599194125776319,Needs Attention
Eldon ClusterMat Chair Mat with Cordless Antistatic Protection,1200.936,-256.5636,18,-21.363636363636367,Needs Attention
"Konica Calculator, Red",1199.988,136.068,35,11.339113391133912,Needs Attention
"Kleencut Scissors, High Speed",1198.8305,289.08050000000003,67,24.11354232312241,Needs Attention
"Stockwell Push Pins, Metal",1197.5246,-18.76540000000001,118,-1.5670158258126814,Needs Attention
"Trav-L-File Heavy-Duty Shuttle II, Black",1193.818,278.848,30,23.357664233576646,Needs Attention
"Harbour Creations Removable Labels, Adjustable",1189.104,236.804,155,19.91449023802796,Needs Attention
Fellowes Bankers Box Recycled Super Stor/Drawer,1187.56,-30.228800000000003,24,-2.545454545454546,Needs Attention
"SanDisk Parchment Paper, Recycled",1187.1112,267.2512,83,22.51273511697977,Needs Attention
"Tenex Box, Wire Frame",1184.7732,283.5132,100,23.929744528319848,Needs Attention
"Howard Miller 11-1/2"" Diameter Ridgewood Wall Clock",1184.232,448.76160000000004,24,37.89473684210527,Needs Attention
"Boston Pens, Easy-Erase",1184.0745,138.4045,103,11.68883376848332,Needs Attention
SanDisk Cruzer 64 GB USB Flash Drive,1184.032,319.61600000000004,34,26.99386503067485,Needs Attention
GBC Therma-A-Bind 250T Electric Binding System,1180.704,413.2464,12,35.0,Needs Attention
"Cameo Business Envelopes, Set of 50",1178.858,355.688,72,30.172251450132247,Needs Attention
"Fiskars Scissors, Easy Grip",1176.2240000000002,137.264,57,11.669886008107298,Needs Attention
"Cardinal Index Tab, Economy",1173.694,376.384,169,32.068324452540445,Needs Attention
"Smead Removable Labels, Adjustable",1172.898,274.298,156,23.386347320909408,Needs Attention
"Jiffy Peel and Seal, with clear poly window",1168.9435,52.94349999999999,71,4.529175276649384,Needs Attention
Boston Heavy-Duty Trimline Electric Pencil Sharpeners,1166.44,310.89,25,26.65289256198347,Needs Attention
"Avery Binder, Recycled",1164.1838,351.2838,102,30.174255989475203,Needs Attention
"Sanford Highlighters, Fluorescent",1159.9686000000002,367.5186,86,31.68349557048354,Needs Attention
GE 30522EE2,1159.9,336.371,10,28.999999999999996,Needs Attention
"Stanley Pens, Blue",1159.435,452.175,134,38.99959894258842,Needs Attention
"Elite Scissors, Steel",1159.2198,217.2498,64,18.741035996797155,Needs Attention
"Rubbermaid Light Bulb, Durable",1158.5629,264.6429,91,22.842342008362255,Needs Attention
"OIC Rubber Bands, Bulk Pack",1155.0131000000001,-46.90689999999999,109,-4.061157401591375,Needs Attention
Logitech K350 2.4Ghz Wireless Keyboard,1154.664,47.2815,25,4.094827586206897,Needs Attention
LG Exalt,1154.326,-212.1464,12,-18.37837837837838,Needs Attention
"Stanley Pens, Easy-Erase",1152.4,388.73,129,33.732211037834084,Needs Attention
"Green Bar Parchment Paper, Multicolor",1148.5944,310.1544,73,27.002952478263868,Needs Attention
"KitchenAid Coffee Grinder, Black",1146.3600000000001,251.46,20,21.935517638438185,Needs Attention
"Hon Coffee Table, Fully Assembled",1142.532,-409.51800000000003,6,-35.84302233985569,Needs Attention
"Stockwell Thumb Tacks, Metal",1140.3717,24.701699999999988,130,2.166109523763172,Needs Attention
Logitech Illuminated - Keyboard,1139.81,515.914,20,45.26315789473684,Needs Attention
"Jiffy Manila Envelope, Security-Tint",1136.4,372.21,45,32.753431890179506,Needs Attention
Panasonic KX-TG6844B Expandable Digital Cordless Telephone,1135.028,75.22859999999999,22,6.6279069767441845,Needs Attention
"Stockwell Paper Clips, Metal",1131.4850000000001,66.155,107,5.846741229446258,Needs Attention
"Cardinal Binder Covers, Recycled",1130.7752,324.8952,116,28.732076897335563,Needs Attention
"Acme Scissors, Steel",1129.806,245.346,60,21.715763591271422,Needs Attention
"Eaton Computer Printout Paper, Recycled",1128.6954,238.5054,64,21.13106866564708,Needs Attention
"Enermax Cards & Envelopes, Recycled",1128.24,-82.8,34,-7.338864071474154,Needs Attention
"Avery Binder Covers, Clear",1127.763,118.173,132,10.478531393564074,Needs Attention
"Barricks Coffee Table, with Bottom Storage",1125.6,379.82,7,33.743781094527364,Needs Attention
"Elite Box Cutter, Serrated",1125.3411,283.79110000000003,43,25.21822938840499,Needs Attention
"File Shuttle II and Handi-File, Black",1125.148,260.953,34,23.19277108433735,Needs Attention
"Memorex Flash Drive, Erganomic",1121.959,67.059,61,5.976956377193819,Needs Attention
HTC One,1119.888,125.98740000000001,14,11.250000000000002,Needs Attention
ClearSounds CSC500 Amplified Spirit Phone Corded phone,1119.84,162.3768,19,14.500000000000002,Needs Attention
O'Sullivan 3-Shelf Heavy-Duty Bookcases,1119.195,147.0942,22,13.142857142857146,Needs Attention
"Kraft Peel and Seal, with clear poly window",1116.9945,242.0345,62,21.668369897971747,Needs Attention
Advantus Rolling Drawer Organizers,1115.92,233.18880000000001,31,20.896551724137932,Needs Attention
"Deflect-o EconoMat Studded, No Bevel Mat for Low Pile Carpeting",1115.6399999999999,-125.1996,33,-11.222222222222223,Needs Attention
"Lesro Coffee Table, Fully Assembled",1115.268,-474.162,11,-42.515520933085135,Needs Attention
Dana Halogen Swing-Arm Architect Lamp,1114.384,288.4288,28,25.882352941176475,Needs Attention
"Hunt BOSTON Model 1606 High-Volume Electric Pencil Sharpener, Beige",1113.024,111.3024,8,10.000000000000002,Needs Attention
netTALK DUO VoIP Telephone Service,1112.788,430.418,26,38.67924528301887,Needs Attention
Hypercom P1300 Pinpad,1108.8,275.31,21,24.829545454545457,Needs Attention
"BIC Pens, Fluorescent",1108.0538,248.6138,82,22.43697914307049,Needs Attention
"KitchenAid Coffee Grinder, Silver",1106.2839999999999,-25.016000000000005,22,-2.2612638346030502,Needs Attention
"Eaton Computer Printout Paper, Multicolor",1104.42,224.76,44,20.350953441625467,Needs Attention
"Avery Shipping Labels, 5000 Label Set",1104.3336,169.1536,121,15.317255582914441,Needs Attention
Xerox 1988,1102.888,404.289,41,36.65730337078652,Needs Attention
"Cameo Peel and Seal, with clear poly window",1102.664,411.084,51,37.280984960060366,Needs Attention
"Tenex Light Bulb, Erganomic",1102.14,-65.03999999999999,80,-5.901246665577874,Needs Attention
Ibico Plastic Spiral Binding Combs,1100.48,328.928,47,29.889502762430936,Needs Attention
Ibico Laser Imprintable Binding System Covers,1100.4,138.33599999999998,34,12.57142857142857,Needs Attention
"Jiffy Mailers, Set of 50",1100.232,55.24200000000001,42,5.020941037890191,Needs Attention
"Logitech Flash Drive, Erganomic",1099.4768,406.2468,50,36.94910160905624,Needs Attention
Xerox 1906,1098.6399999999999,497.5776,32,45.29032258064517,Needs Attention
"Eaton Premium Continuous-Feed Paper, 25% Cotton, Letter Size, White, 1000 Shts/Box",1098.504,492.6624,21,44.84848484848485,Needs Attention
"Wilson Jones Binder, Economy",1098.02,263.3,95,23.979526784575874,Needs Attention
"Acme Box Cutter, Steel",1097.3999999999999,25.259999999999994,41,2.301804264625478,Needs Attention
"Tenex Box, Single Width",1097.3165,374.2165,81,34.10287733757763,Needs Attention
Xerox 1934,1097.2079999999999,526.212,20,47.95918367346939,Needs Attention
"Advantus Clock, Erganomic",1090.218,56.208,26,5.155666114483525,Needs Attention
Catalog Binders with Expanding Posts,1089.936,-242.208,36,-22.222222222222225,Needs Attention
"GlobeWeis Peel and Seal, Security-Tint",1088.789,126.98899999999999,58,11.663325033592367,Needs Attention
"Barricks 18"" x 48"" Non-Folding Utility Table with Bottom Storage Shelf",1088.64,-104.832,16,-9.629629629629628,Needs Attention
Global Deluxe High-Back Office Chair in Storm,1087.92,-149.589,10,-13.749999999999998,Needs Attention
Maxell LTO Ultrium - 800 GB,1086.012,156.4641,41,14.407216494845363,Needs Attention
RCA Visys Integrated PBX 8-Line Router,1085.238,130.63049999999998,19,12.037037037037035,Needs Attention
"Eldon Box, Industrial",1079.6922,263.4522,141,24.4006764150005,Needs Attention
"Hamilton Beach Coffee Grinder, Black",1078.3458,196.8458,34,18.254422653660818,Needs Attention
"Kraft Manila Envelope, with clear poly window",1077.1761000000001,314.8961,48,29.2334837358534,Needs Attention
"Cardinal Binder Covers, Clear",1075.903,168.34300000000002,119,15.646670750058325,Needs Attention
"Stockwell Thumb Tacks, Assorted Sizes",1074.5177,96.3277,137,8.964738319340853,Needs Attention
"Cameo Peel and Seal, Set of 50",1074.22,45.989999999999995,68,4.281245927277466,Needs Attention
GBC Prestige Therm-A-Bind Covers,1073.903,364.7153,39,33.96166134185303,Needs Attention
Belkin 8 Outlet Surge Protector,1073.676,188.508,30,17.55725190839695,Needs Attention
Carina Media Storage Towers in Natural & Black,1073.248,-121.96000000000001,20,-11.363636363636363,Needs Attention
Boston 1645 Deluxe Heavier-Duty Electric Pencil Sharpener,1073.112,206.2662,27,19.221311475409834,Needs Attention
Recycled Steel Personal File for Standard File Folders,1072.626,254.334,20,23.711340206185568,Needs Attention
"KitchenAid Blender, White",1072.3600000000001,270.44,14,25.21914282517065,Needs Attention
O'Sullivan Cherrywood Estates Traditional Barrister Bookcase,1072.344,-78.36359999999999,9,-7.307692307692307,Needs Attention
"SanDisk Memo Slips, Multicolor",1071.8305,-7.8195,73,-0.7295463228560859,Needs Attention
"Jiffy Mailers, Recycled",1070.5871,-165.1729,52,-15.428254272819093,Needs Attention
"Xerox Memo Slips, 8.5 x 11",1070.5075,-49.9825,85,-4.669047157539766,Needs Attention
AT&T 1070 Corded Phone,1070.3039999999999,133.78799999999998,12,12.5,Needs Attention
"Hon Training Table, with Bottom Storage",1064.64,292.68,4,27.49098286744815,Needs Attention
"Sauder Camden County Barrister Bookcase, Planked Cherry Finish",1064.624,24.196000000000005,10,2.272727272727273,Needs Attention
"Deflect-O Light Bulb, Erganomic",1064.1723,293.09229999999997,79,27.54180878416023,Needs Attention
"Breville Toaster, White",1062.87,420.39,17,39.55234412486946,Needs Attention
"Green Bar Message Books, Multicolor",1062.852,205.122,52,19.299206286482033,Needs Attention
"Jiffy Peel and Seal, Recycled",1062.8277,180.1477,70,16.949849914525185,Needs Attention
"Eaton Computer Printout Paper, Premium",1062.0,187.95,58,17.69774011299435,Needs Attention
"Avery Color Coded Labels, Laser Printer Compatible",1061.7381,81.7181,96,7.696634414833564,Needs Attention
"Kraft Business Envelopes, Set of 50",1060.605,345.715,68,32.59601831030402,Needs Attention
"Tenex Stacking Tray, Black",1057.8807,65.76069999999999,55,6.216268053666163,Needs Attention
Recycled Steel Personal File for Hanging File Folders,1053.032,151.65949999999998,21,14.402173913043478,Needs Attention
"Ames Business Envelopes, Recycled",1052.3424,241.9724,91,22.993694827843107,Needs Attention
"Advantus 10-Drawer Portable Organizer, Chrome Metal Frame, Smoke Drawers",1051.776,277.2864,18,26.36363636363636,Needs Attention
"Epson Printer, Wireless",1050.48,94.44,4,8.99017591957962,Needs Attention
"Cuisinart Toaster, Red",1049.598,73.158,27,6.970097122898482,Needs Attention
"Howard Miller 13"" Diameter Pewter Finish Round Wall Clock",1047.7359999999999,340.5142,27,32.50000000000001,Needs Attention
"Boston Pencil Sharpener, Fluorescent",1047.5075,21.8875,41,2.0894838461777123,Needs Attention
"Xerox Computer Printout Paper, Premium",1043.942,353.602,52,33.871805138599655,Needs Attention
"Elite Scissors, Serrated",1043.2275,237.29749999999999,68,22.746476679343672,Needs Attention
"Rubbermaid Stacking Tray, Durable",1042.8072,191.95719999999997,58,18.4077363485791,Needs Attention
"Eureka The Boss Lite 10-Amp Upright Vacuum, Blue",1042.08,291.7824,13,28.000000000000004,Needs Attention
"Howard Miller 13"" Diameter Goldtone Round Wall Clock",1042.068,294.3138,27,28.243243243243242,Needs Attention
GBC Twin Loop Wire Binding Elements,1041.664,259.584,47,24.920127795527158,Needs Attention
"Binney & Smith Highlighters, Easy-Erase",1040.824,263.644,80,25.33031521179373,Needs Attention
"Ibico Index Tab, Economy",1040.653,191.97299999999998,134,18.447359494471257,Needs Attention
Balt Split Level Computer Training Table,1040.625,-357.97499999999997,12,-34.4,Needs Attention
Logitech G13 Programmable Gameboard with LCD Display,1039.8700000000001,43.194599999999994,14,4.153846153846153,Needs Attention
"Avery Binder Covers, Economy",1039.842,224.162,113,21.557313514937846,Needs Attention
"Eldon Stacking Tray, Black",1038.45,180.3,43,17.362415137945977,Needs Attention
"Smead Box, Industrial",1036.1625,60.712500000000006,116,5.859360862799031,Needs Attention
Star Micronics TSP100 TSP143LAN Receipt Printer,1035.8,269.308,4,26.0,Needs Attention
"Green Bar Message Books, Premium",1032.486,36.126,52,3.4989336417152384,Needs Attention
Okidata B400 Printer,1029.6,115.83,3,11.25,Needs Attention
"Ibico Hole Reinforcements, Recycled",1029.49,272.03,160,26.42376322256651,Needs Attention
"Ames Manila Envelope, Set of 50",1027.104,84.804,48,8.256612767548368,Needs Attention
"Ames Peel and Seal, Set of 50",1024.4612,-129.6188,82,-12.652387420821793,Needs Attention
Hoover Commercial Lightweight Upright Vacuum with E-Z Empty Dirt Cup,1023.3520000000001,-9.303200000000004,6,-0.9090909090909094,Needs Attention
"Stiletto Box Cutter, Serrated",1022.2443000000001,358.2543,37,35.04585938997165,Needs Attention
"Enermax Parchment Paper, Premium",1018.818,42.988,79,4.219399343160408,Needs Attention
"Snap-A-Way Black Print Carbonless Ruled Speed Letter, Triplicate",1016.7919999999999,453.7624,28,44.626865671641795,Needs Attention
"Eaton Memo Slips, Multicolor",1016.3125,-21.527500000000007,95,-2.1181969128589886,Needs Attention
"Sauder Forest Hills Library with Doors, Woodland Oak Finish",1014.174,-418.548,10,-41.26984126984127,Needs Attention
"Novimex Removable Labels, Adjustable",1010.9594,117.9594,129,11.668065008347517,Needs Attention
"Tenex Contemporary Contur Chairmats for Low and Medium Pile Carpet, Computer, 39"" x 49""",1010.7819999999999,150.542,10,14.893617021276597,Needs Attention
"Acco Index Tab, Economy",1010.7552,338.8752,120,33.526931150094505,Needs Attention
"Canon Color ImageCLASS MF8580Cdw Wireless Laser All-In-One Printer, Copier, Scanner",1007.979,43.1991,3,4.285714285714286,Needs Attention
WD My Passport Ultra 1TB Portable External Hard Drive,1007.4,33.81,17,3.356164383561644,Needs Attention
Bevis Rectangular Conference Tables,1007.262,-586.8396,13,-58.2608695652174,Needs Attention
Imation 16GB Mini TravelDrive USB 2.0 Flash Drive,1007.152,342.56419999999997,34,34.01315789473684,Needs Attention
"Ames Peel and Seal, with clear poly window",1004.796,238.946,56,23.780548489444623,Needs Attention
"Eldon ""L"" Workstation Diamond Chairmat",1002.936,-267.44960000000003,19,-26.666666666666668,Needs Attention
Tenex B1-RE Series Chair Mats for Low Pile Carpets,1002.364,124.6058,23,12.431192660550458,Needs Attention
"Acme Ruler, High Speed",1002.043,-95.057,80,-9.486319449364949,Needs Attention
Nortel Business Series Terminal T7208 Digital phone,1000.728,100.0728,9,10.0,Needs Attention
"Eldon Stacking Tray, Erganomic",996.1688,114.2288,44,11.46681164878884,Needs Attention
"Avery Legal Exhibit Labels, 5000 Label Set",995.5642,306.2042,119,30.756851240733646,Needs Attention
"Kraft Clasp Envelope, with clear poly window",995.5088,42.528800000000004,111,4.272066705989943,Needs Attention
"Accos Rubber Bands, Metal",989.688,237.58800000000002,72,24.006353517472174,Needs Attention
"Advantus Light Bulb, Black",984.5004,192.9604,79,19.599829517590848,Needs Attention
"Sanford Pens, Blue",982.4979999999999,87.538,116,8.909738238652903,Needs Attention
"BIC Pens, Blue",981.4644,37.0744,84,3.7774574401272223,Needs Attention
Home/Office Personal File Carts,980.232,198.132,30,20.21276595744681,Needs Attention
"Stockwell Rubber Bands, 12 Pack",976.4918,219.3618,77,22.46427466159982,Needs Attention
"Deflect-O Light Bulb, Black",975.453,172.883,83,17.723355200096776,Needs Attention
"Stockwell Staples, Assorted Sizes",974.2162,299.7562,145,30.768960729661444,Needs Attention
"Advantus Light Bulb, Durable",972.249,80.229,73,8.251898433426005,Needs Attention
"Ames Business Envelopes, Security-Tint",971.9496,56.1996,82,5.78215166712348,Needs Attention
"Kleencut Ruler, Easy Grip",971.3682,58.4982,69,6.022247794399693,Needs Attention
"Acco Index Tab, Durable",970.884,160.054,127,16.485388573712203,Needs Attention
Xerox 1909,970.784,400.976,40,41.30434782608695,Needs Attention
Global Italian Leather Office Chair,969.252,204.3288,8,21.08108108108108,Needs Attention
Hon Every-Day Chair Series Swivel Task Chairs,967.84,12.098,10,1.25,Needs Attention
"Cuisinart Coffee Grinder, White",962.2375,161.80749999999998,33,16.815754946154144,Needs Attention
Xerox 1885,960.8,461.184,20,48.00000000000001,Needs Attention
"Enermax Computer Printout Paper, Premium",960.388,276.558,41,28.796486420071886,Needs Attention
"Memorex Mouse, Programmable",959.9234,-70.3966,44,-7.3335643239866855,Needs Attention
"Binney & Smith Pens, Easy-Erase",959.706,-110.064,100,-11.46851223187101,Needs Attention
"GlobeWeis Peel and Seal, Recycled",959.2269,377.8069,60,39.38660394115303,Needs Attention
"Elite Ruler, Steel",959.2,150.85,97,15.726647206005003,Needs Attention
"Jiffy Manila Envelope, Set of 50",957.0813,216.0413,59,22.572930847149557,Needs Attention
Xerox 1914,956.3040000000001,423.74159999999995,19,44.31034482758619,Needs Attention
"Ames Peel and Seal, Security-Tint",955.0255,50.22549999999999,63,5.259074234143486,Needs Attention
"Gould Plastics 9-Pocket Panel Bin, 18-3/8w x 5-1/4d x 20-1/2h, Black",953.82,-63.587999999999994,20,-6.666666666666665,Needs Attention
"Tenex Light Bulb, Black",953.441,6.641000000000002,78,0.6965297275867098,Needs Attention
"Wilson Jones Binder, Clear",953.3888000000001,-131.8312,97,-13.827643035034603,Needs Attention
Belkin Premiere Surge Master II 8-outlet surge protector,952.168,55.3812,26,5.816326530612245,Needs Attention
"Kraft Peel and Seal, Set of 50",949.1650999999999,26.815100000000008,66,2.82512494401659,Needs Attention
"Howard Miller 13-1/2"" Diameter Rosebrook Wall Clock",949.026,247.57199999999997,17,26.08695652173913,Needs Attention
Eureka The Boss Cordless Rechargeable Stick Vac,948.228,241.13539999999998,19,25.430107526881716,Needs Attention
"Novimex Shipping Labels, 5000 Label Set",948.1442999999999,318.7643,102,33.61980871477053,Needs Attention
"Okidata Calculator, Wireless",944.706,133.066,21,14.085440338052264,Needs Attention
"Green Bar Computer Printout Paper, Recycled",942.2203000000001,80.2003,38,8.511841657412814,Needs Attention
"Tenex Light Bulb, Durable",939.2992,-61.9208,80,-6.5922338696764555,Needs Attention
"Tyvek Interoffice Envelopes, 9 1/2"" x 12 1/2"", 100/Box",939.092,421.9816,16,44.935064935064936,Needs Attention
Tripp Lite TLP810NET Broadband Surge for Modem/Fax,937.8480000000001,130.4832,22,13.91304347826087,Needs Attention
Steel Personal Filing/Posting Tote,937.4639999999999,185.7173,29,19.810606060606062,Needs Attention
"StarTech Receipt Printer, Red",937.251,-361.859,19,-38.60854776361935,Needs Attention
"Jiffy Peel and Seal, Security-Tint",936.738,119.05799999999999,56,12.709850566540482,Needs Attention
"Sauder Mission Library with Doors, Fruitwood Finish",935.1972,-125.74080000000001,10,-13.445378151260506,Needs Attention
"Eldon Light Bulb, Black",933.66,38.01,61,4.071075123706703,Needs Attention
"Kraft Peel and Seal, Recycled",933.2502000000001,52.0002,56,5.571946301216972,Needs Attention
"Cameo Peel and Seal, Recycled",932.5799999999999,-4.469999999999995,55,-0.4793154474683132,Needs Attention
"Eldon Light Bulb, Durable",932.4744000000001,266.51439999999997,54,28.58141735580086,Needs Attention
"Memorex Flash Drive, USB",931.2344999999999,241.1445,43,25.89514241579323,Needs Attention
"Enermax Memo Slips, Premium",930.204,52.044000000000004,74,5.59490176348414,Needs Attention
"Advantus Rubber Bands, Bulk Pack",930.1460000000001,191.696,70,20.60923768956701,Needs Attention
"Fellowes Premier Superior Surge Suppressor, 10-Outlet, With Phone and Remote",929.48,169.2632,21,18.210526315789473,Needs Attention
"Accos Clamps, 12 Pack",928.5242999999999,-137.7857,69,-14.839213147141114,Needs Attention
"Ibico Hole Reinforcements, Economy",928.3885,216.80849999999998,169,23.35320827433773,Needs Attention
"Jiffy Business Envelopes, Security-Tint",928.2868000000001,96.4368,65,10.388685910431992,Needs Attention
SanDisk Ultra 64 GB MicroSDHC Class 10 Memory Card,927.768,37.9905,25,4.094827586206897,Needs Attention
"Stiletto Scissors, Serrated",927.49,146.71,55,15.817960301458777,Needs Attention
"Green Bar Computer Printout Paper, Premium",925.9328,5.8728000000000105,51,0.634257691270901,Needs Attention
"Stockwell Staples, Bulk Pack",923.7203000000001,162.2603,107,17.565955841827876,Needs Attention
Novimex High-Tech Fabric Mesh Task Chair,922.74,-133.4424,16,-14.461538461538462,Needs Attention
"Wilson Jones Binder Covers, Economy",920.4521,129.1621,103,14.032462960321348,Needs Attention
"Hon Shipping Labels, Laser Printer Compatible",918.3928,194.4028,106,21.167718213818752,Needs Attention
Riverside Furniture Stanwyck Manor Table Series,917.9200000000001,-415.9325,5,-45.31249999999999,Needs Attention
Ativa MDM8000 8-Sheet Micro-Cut Shredder,917.8979999999999,393.2563,11,42.84313725490196,Needs Attention
"Elite Letter Opener, Steel",914.0,194.16,46,21.24288840262582,Needs Attention
Cisco SPA508G,910.662,207.86849999999998,15,22.82608695652174,Needs Attention
"White Dual Perf Computer Printout Paper, 2700 Sheets, 1 Part, Heavyweight, 20 lbs., 14 7/8 x 11",909.9780000000001,408.2604,24,44.86486486486486,Needs Attention
Plantronics Cordless Phone Headset with In-line Volume - M214C,908.7,219.8355,27,24.19230769230769,Needs Attention
"Kleencut Scissors, Easy Grip",907.8627,-4.057300000000007,50,-0.4469067844730273,Needs Attention
"Green Bar Memo Slips, Multicolor",904.5972,105.90719999999999,69,11.70766391936654,Needs Attention
LG Electronics Tone+ HBS-730 Bluetooth Headset,904.552,133.30239999999998,18,14.736842105263154,Needs Attention
"Smead Box, Blue",904.2133,83.2033,103,9.201733705974021,Needs Attention
"Green Bar Memo Slips, Recycled",903.696,157.076,68,17.381508825976876,Needs Attention
"Eldon Box, Single Width",903.0504,210.2904,102,23.286673700604087,Needs Attention
"Global Stack Chair without Arms, Black",901.5060000000001,44.166,44,4.899135446685878,Needs Attention
Vinyl Sectional Post Binders,901.0300000000001,147.02999999999997,40,16.31799163179916,Needs Attention
Sony 64GB Class 10 Micro SDHC R40 Memory Card,899.75,132.0833,27,14.680000000000001,Needs Attention
Eldon Portable Mobile Manager,899.304,197.3944,34,21.949685534591197,Needs Attention
"Enermax Parchment Paper, 8.5 x 11",897.5337000000001,139.2937,58,15.519606673264747,Needs Attention
"Rubbermaid Clock, Durable",893.4639999999999,183.114,24,20.49483806846163,Needs Attention
"OIC Clamps, 12 Pack",889.024,74.704,61,8.402922755741127,Needs Attention
Imation Secure Drive + Hardware Encrypted USB flash drive - 16 GB,888.966,196.0284,24,22.05128205128205,Needs Attention
"Advantus Clamps, Bulk Pack",887.7901,280.0501,57,31.544629749757284,Needs Attention
"Enermax Message Books, Premium",884.1,169.07999999999998,50,19.124533423820832,Needs Attention
SanDisk Ultra 32 GB MicroSDHC Class 10 Memory Card,884.0,38.012,44,4.300000000000001,Needs Attention
"Advantus Light Bulb, Duo Pack",882.365,-17.965,58,-2.036005507924725,Needs Attention
Cisco Small Business SPA 502G VoIP phone,882.102,58.4649,11,6.627906976744185,Needs Attention
"Safco Chair Connectors, 6/Carton",881.192,170.8512,26,19.388646288209607,Needs Attention
Xerox 1883,881.092,354.0196,37,40.17964071856287,Needs Attention
"Rubbermaid Light Bulb, Duo Pack",881.055,155.355,64,17.632837904557604,Needs Attention
Xerox 1960,879.832,334.584,32,38.028169014084504,Needs Attention
"Rubbermaid Light Bulb, Black",878.3836,195.3436,63,22.238985336247172,Needs Attention
"Hamilton Beach Coffee Grinder, White",875.84,42.46000000000001,33,4.847917427840702,Needs Attention
"Enermax Message Books, 8.5 x 11",873.792,60.212,55,6.890884787226251,Needs Attention
"Boston School Pro Electric Pencil Sharpener, 1670",873.636,149.9432,32,17.163120567375888,Needs Attention
"Eldon Base for stackable storage shelf, platinum",872.256,-52.568999999999996,25,-6.0267857142857135,Needs Attention
"Cameo Peel and Seal, Security-Tint",870.87,10.11,45,1.1609080574597814,Needs Attention
Fellowes Superior 10 Outlet Split Surge Protector,867.768,57.089999999999996,30,6.578947368421052,Needs Attention
Executive Impressions Supervisor Wall Clock,867.26,266.072,21,30.679611650485437,Needs Attention
"Cameo Clasp Envelope, Security-Tint",866.9289,121.7889,94,14.048314688782437,Needs Attention
Xerox 1913,865.4879999999999,375.0448,17,43.333333333333336,Needs Attention
"Jiffy Business Envelopes, Set of 50",865.15,103.23,56,11.932034907241519,Needs Attention
"Tenex Light Bulb, Duo Pack",860.88,68.58,55,7.9662670755506,Needs Attention
Fellowes Bases and Tops For Staxonsteel/High-Stak Systems,858.8820000000001,201.07160000000002,26,23.410852713178297,Needs Attention
"Safco Value Mate Series Steel Bookcases, Baked Enamel Finish on Steel, Gray",858.858,-9.937199999999999,17,-1.1570247933884297,Needs Attention
"Advantus Light Bulb, Erganomic",858.5563000000001,-66.5437,71,-7.750650714461008,Needs Attention
"Ames Manila Envelope, with clear poly window",857.7215,203.9415,39,23.777123460237384,Needs Attention
Green Bar Computer Printout Paper,857.376,380.8728,17,44.42307692307692,Needs Attention
"Stockwell Staples, 12 Pack",855.4144,-18.0756,120,-2.113081098471104,Needs Attention
"Smead Box, Single Width",853.9920000000001,74.662,105,8.742704849694142,Needs Attention
"Logitech Mouse, Programmable",853.6320000000001,152.332,32,17.84516044384465,Needs Attention
"Hon Removable Labels, Adjustable",851.9475,-62.3925,121,-7.323514653191658,Needs Attention
"Hon Metal Bookcases, Gray",851.76,229.9752,12,27.0,Needs Attention
"Belkin 19"" Center-Weighted Shelf, Gray",849.312,-47.184,16,-5.555555555555555,Needs Attention
"Harbour Creations Legal Exhibit Labels, Laser Printer Compatible",846.581,80.761,107,9.539666021325779,Needs Attention
Panasonic Kx-TS550,846.216,95.1993,23,11.249999999999998,Needs Attention
"Advantus Clamps, 12 Pack",845.9567999999999,80.4168,55,9.506017328544436,Needs Attention
"Kleencut Letter Opener, Steel",844.7472,173.0072,47,20.480351991696452,Needs Attention
Plantronics 81402,844.672,112.18299999999999,15,13.28125,Needs Attention
GBC VeloBinder Manual Binding System,842.166,280.72200000000004,30,33.333333333333336,Needs Attention
"Hamilton Beach Coffee Grinder, Silver",839.6940999999999,143.3941,25,17.076945044629944,Needs Attention
"Green Bar Parchment Paper, Premium",839.4488,-43.35119999999999,73,-5.164245871814932,Needs Attention
"Accos Clamps, Metal",838.5,247.54,54,29.521765056648775,Needs Attention
"Acme Ruler, Steel",837.9885,141.1485,66,16.84372756905375,Needs Attention
"Wilson Jones Index Tab, Economy",837.6185,184.3385,150,22.00745327377559,Needs Attention
"Wilson Jones Elliptical Ring 3 1/2"" Capacity Binders, 800 sheets",834.6,-82.17599999999999,42,-9.846153846153845,Needs Attention
"Wilson Jones Index Tab, Clear",834.492,51.252,166,6.141700579514244,Needs Attention
"Advantus Rubber Bands, Metal",832.7707,87.1507,68,10.46514965043799,Needs Attention
"Wilson Jones Binder Covers, Clear",832.333,92.683,99,11.135326846346356,Needs Attention
Motorola HK250 Universal Bluetooth Headset,832.2379999999999,-91.5002,41,-10.994475138121548,Needs Attention
"Xerox Message Books, Recycled",832.1560000000001,58.21599999999997,51,6.995803671426988,Needs Attention
Xerox 1916,831.98,342.58,20,41.17647058823529,Needs Attention
"Eaton Message Books, Premium",831.775,254.915,55,30.64711009587929,Needs Attention
"Enermax Memo Slips, 8.5 x 11",830.28,239.18,60,28.80714939538469,Needs Attention
"Hon Round Table, Adjustable Height",828.96,113.94,3,13.744933410538504,Needs Attention
Balt Solid Wood Rectangular Table,828.0965,-216.2545,11,-26.11464968152866,Needs Attention
"Bevis Coffee Table, with Bottom Storage",827.268,-394.572,4,-47.69578903088237,Needs Attention
Safco Industrial Shelving,827.12,-104.1285,13,-12.589285714285714,Needs Attention
"Ames Manila Envelope, Recycled",825.282,133.232,50,16.143815083813777,Needs Attention
"Bush Birmingham Collection Bookcase, Dark Cherry",825.174,-117.882,9,-14.285714285714288,Needs Attention
Tripp Lite Isotel 8 Ultra 8 Outlet Metal Surge,823.2520000000001,-17.032800000000012,16,-2.068965517241381,Needs Attention
"Hamilton Beach Blender, White",823.192,-6.847999999999999,18,-0.8318836917754301,Needs Attention
"Advantus Employee of the Month Certificate Frame, 11 x 13-1/2",822.738,311.7744,28,37.89473684210527,Needs Attention
"Okidata Calculator, Red",820.704,14.79400000000001,25,1.8025987444925344,Needs Attention
"Smead Shipping Labels, Alphabetical",816.4068,211.6368,87,25.92295899544198,Needs Attention
Global Chrome Stack Chair,815.864,15.083199999999998,32,1.848739495798319,Needs Attention
"Binney & Smith Pens, Fluorescent",813.428,12.688,70,1.5598184473610448,Needs Attention
Kensington 6 Outlet MasterPiece HOMEOFFICE Power Control Center,812.1600000000001,235.52639999999997,9,28.999999999999993,Needs Attention
"Kraft Manila Envelope, Recycled",809.5329,110.3729,48,13.634146308321748,Needs Attention
"Konica Calculator, White",808.6464,96.77640000000001,19,11.967703065270557,Needs Attention
"Xerox Parchment Paper, Multicolor",806.85,199.69,68,24.749333829088428,Needs Attention
"Harbour Creations Color Coded Labels, Laser Printer Compatible",805.304,209.624,71,26.030418326495337,Needs Attention
Grandstream GXP1160 VoIP phone,803.692,157.70559999999998,24,19.622641509433958,Needs Attention
"Global Stack Chair with Arms, Black",803.464,125.0166,31,15.559701492537311,Needs Attention
"Eldon Box, Blue",803.3238,143.8638,97,17.90856937140416,Needs Attention
"Eldon Folders, Single Width",802.3050000000001,151.66500000000002,70,18.903658832987453,Needs Attention
"Safco Value Mate Steel Bookcase, Baked Enamel Finish on Steel, Black",802.074,106.47,14,13.274336283185843,Needs Attention
"SanDisk Mouse, USB",801.9864,-80.9236,28,-10.090395547854676,Needs Attention
"SanDisk Computer Printout Paper, Premium",801.1524000000001,51.7424,33,6.458496535740266,Needs Attention
"Enermax Parchment Paper, Multicolor",796.656,88.476,59,11.105922757124782,Needs Attention
"Hon File Folder Labels, Alphabetical",793.971,254.731,114,32.08316172756939,Needs Attention
"Jiffy Peel and Seal, Set of 50",793.5966000000001,157.6766,54,19.86860830804971,Needs Attention
"Cardinal Hole Reinforcements, Recycled",791.35,183.91,168,23.24003285524736,Needs Attention
Logitech MX Performance Wireless Mouse,789.822,211.8159,23,26.81818181818182,Needs Attention
"Stanley Pens, Fluorescent",789.6642,40.2642,78,5.098901533082036,Needs Attention
"Advantus Thumb Tacks, Bulk Pack",787.9482,58.9182,78,7.477420470025821,Needs Attention
Howard Miller 12-3/4 Diameter Accuwave DS  Wall Clock,786.9,147.9372,14,18.8,Needs Attention
"Smead Color Coded Labels, Alphabetical",786.8289,165.96890000000002,83,21.093391460328924,Needs Attention
"Blue String-Tie & Button Interoffice Envelopes, 10 x 13",783.608,299.85,22,38.26530612244898,Needs Attention
"Avery Legal Exhibit Labels, Laser Printer Compatible",783.1404,11.080400000000001,87,1.4148676278225465,Needs Attention
"Eldon Light Bulb, Erganomic",782.4076,-21.742400000000004,47,-2.7789096118186993,Needs Attention
"SanDisk Message Books, Recycled",781.4289,254.9889,37,32.631106937560155,Needs Attention
"Eaton Parchment Paper, 8.5 x 11",781.297,182.467,65,23.354371001040576,Needs Attention
"Hon Color Coded Labels, Laser Printer Compatible",781.2819,207.5319,81,26.562998579642,Needs Attention
"Kraft Business Envelopes, Security-Tint",780.8452,144.3752,53,18.489605878348232,Needs Attention
GBC Premium Transparent Covers with Diagonal Lined Pattern,780.456,49.512800000000006,67,6.344086021505377,Needs Attention
JBL Micro Wireless Portable Bluetooth Speaker,779.87,14.997499999999999,17,1.923076923076923,Needs Attention
Logitech Desktop MK120 Mouse and keyboard Combo,778.736,42.536,50,5.46218487394958,Needs Attention
"OIC Push Pins, Bulk Pack",775.6679,95.3179,78,12.288493567930296,Needs Attention
Eldon Radial Chair Mat for Low to Medium Pile Carpets,775.612,135.932,20,17.525773195876287,Needs Attention
Logitech Trackman Marble Mouse,773.742,286.70439999999996,28,37.05426356589147,Needs Attention
"Konica Calculator, Durable",771.5925,90.29249999999999,18,11.7020966377978,Needs Attention
"Hon Legal Exhibit Labels, Alphabetical",771.2384,111.4984,85,14.457060229366173,Needs Attention
Belkin F9G930V10-GRY 9 Outlet Surge,770.112,162.57920000000001,16,21.111111111111114,Needs Attention
"Binney & Smith Highlighters, Blue",768.9465,-59.1035,63,-7.686295470491119,Needs Attention
Xerox 191,767.232,354.2454,39,46.17187500000001,Needs Attention
"Stiletto Ruler, High Speed",766.816,96.666,60,12.606153236239201,Needs Attention
"Advantus Rubber Bands, 12 Pack",766.6638,53.06380000000001,58,6.921391097375408,Needs Attention
"Xerox Message Books, Premium",766.4552,242.8152,44,31.680286075428803,Needs Attention
"Global Deluxe Stacking Chair, Gray",764.7,76.9798,19,10.066666666666665,Needs Attention
"GlobeWeis Business Envelopes, Set of 50",764.0004,-43.299600000000005,59,-5.667483943725685,Needs Attention
"Tenex Carpeted, Granite-Look or Clear Contemporary Contour Shape Chair Mats",763.668,-222.73649999999998,15,-29.166666666666664,Needs Attention
"Advantus Push Pins, Assorted Sizes",763.092,160.042,79,20.97283158518239,Needs Attention
"Ibico Hole Reinforcements, Durable",760.8455,141.3755,102,18.581367702115607,Needs Attention
"OIC Push Pins, Assorted Sizes",760.758,104.028,77,13.674256465262276,Needs Attention
Logitech G105 Gaming Keyboard,759.936,78.36840000000001,14,10.3125,Needs Attention
"SanDisk Parchment Paper, Premium",759.3024,34.2224,64,4.507084397467991,Needs Attention
Fellowes 8 Outlet Superior Workstation Surge Protector,759.1220000000001,166.84,20,21.978021978021978,Needs Attention
AT&T CL2909,755.9399999999999,50.395999999999994,8,6.666666666666667,Needs Attention
Xerox 1951,755.912,244.74200000000002,30,32.37704918032787,Needs Attention
Sauder Barrister Bookcases,754.7336,-294.7672,16,-39.05579399141631,Needs Attention
Premium Transparent Presentation Covers by GBC,753.182,284.0692,43,37.71587743732591,Needs Attention
Clarity 53712,752.286,68.6296,14,9.12280701754386,Needs Attention
"Enermax Computer Printout Paper, Multicolor",751.1832,16.963200000000004,32,2.258197467674996,Needs Attention
Ibico Recycled Linen-Style Covers,749.952,262.4832,24,35.0,Needs Attention
"Accos Clamps, Assorted Sizes",749.496,157.416,52,21.002913958179896,Needs Attention
"Enermax Memo Slips, Multicolor",749.0316,204.7716,59,27.33817905679814,Needs Attention
Bush Mission Pointe Library,748.8607999999999,24.156800000000004,6,3.225806451612904,Needs Attention
"Wilson Jones Index Tab, Recycled",747.9422999999999,246.5523,126,32.964080250575485,Needs Attention
Innergie mMini Combo Duo USB Travel Charging Kit,746.834,302.3328,19,40.48192771084338,Needs Attention
Plantronics Encore H101 Dual Earpieces Headset,746.17,163.618,18,21.927710843373493,Needs Attention
"GlobeWeis Business Envelopes, Security-Tint",745.5798,47.659800000000004,50,6.392313740259595,Needs Attention
Xerox 1943,743.432,328.6752,16,44.21052631578948,Needs Attention
"Harbour Creations File Folder Labels, Laser Printer Compatible",739.8093,169.3193,98,22.88688449847819,Needs Attention
"Logitech B530 USB Headset - headset - Full size, Binaural",739.8,64.73249999999999,25,8.75,Needs Attention
Belkin 8 Outlet SurgeMaster II Gold Surge Protector,737.754,89.97,15,12.195121951219512,Needs Attention
"Xerox Memo Slips, Recycled",736.9152,138.1152,71,18.74234647351554,Needs Attention
"OIC Push Pins, 12 Pack",736.598,243.398,66,33.043532564573894,Needs Attention
"Smead Shipping Labels, 5000 Label Set",735.4,128.32,78,17.449007342942615,Needs Attention
"Bush Cubix Collection Bookcases, Fully Assembled",729.2339999999999,48.6156,4,6.666666666666668,Needs Attention
RCA ViSYS 25825 Wireless digital phone,727.944,90.993,7,12.5,Needs Attention
O'Sullivan 2-Shelf Heavy-Duty Bookcases,723.842,-133.1092,21,-18.389261744966444,Needs Attention
"Fiskars Scissors, Serrated",723.8308,192.98080000000002,47,26.661037358454493,Needs Attention
Lexmark MarkNet N8150 Wireless Print Server,723.51,-506.457,6,-70.0,Needs Attention
"OIC Clamps, Metal",722.6700000000001,208.55,42,28.858261723885036,Needs Attention
Xerox 1964,721.744,314.73519999999996,33,43.60759493670886,Needs Attention
"Acco Hole Reinforcements, Durable",721.5616,214.6516,118,29.74820167813808,Needs Attention
Memorex Mini Travel Drive 16 GB USB 2.0 Flash Drive,718.65,280.2735,45,39.0,Needs Attention
"Xerox Note Cards, Multicolor",714.872,215.882,35,30.198692912857126,Needs Attention
"Accos Push Pins, Bulk Pack",711.7704,114.2004,64,16.04455594107313,Needs Attention
Avaya 4621SW VoIP phone,709.92,79.866,12,11.25,Needs Attention
Eldon Mobile Mega Data Cart  Mega Stackable  Add-On Trays,709.5,205.755,30,28.999999999999996,Needs Attention
WD My Passport Ultra 500GB Portable External Hard Drive,708.0,120.36,12,17.0,Needs Attention
SAFCO Folding Chair Trolley,705.32,151.3232,6,21.454545454545453,Needs Attention
Panasonic KP-380BK Classic Electric Pencil Sharpener,705.208,111.538,22,15.816326530612246,Needs Attention
Lock-Up Easel 'Spel-Binder',704.691,39.371399999999994,44,5.5870445344129545,Needs Attention
Zebra GK420t Direct Thermal/Thermal Transfer Printer,703.71,-938.28,6,-133.33333333333331,Needs Attention
"Deflect-o EconoMat Nonstudded, No Bevel Mat",702.44,123.96,14,17.64705882352941,Needs Attention
"SanDisk Parchment Paper, 8.5 x 11",701.7415,64.39150000000001,37,9.175957243514885,Needs Attention
iHome FM Clock Radio with Lightning Dock,699.9,17.4975,13,2.5,Needs Attention
"Avery Index Tab, Durable",698.659,100.219,132,14.344479925113681,Needs Attention
"Premium Transparent Presentation Covers, No Pattern/Clear, 8 1/2"" x 11""",698.04,90.74519999999998,29,12.999999999999998,Needs Attention
"Cardinal Index Tab, Durable",694.817,220.96699999999998,112,31.802186762845462,Needs Attention
"Office Star - Contemporary Task Swivel chair with 2-way adjustable arms, Plum",694.194,-158.48579999999998,7,-22.830188679245282,Needs Attention
Euro-Pro Shark Turbo Vacuum,693.952,143.74720000000002,24,20.71428571428572,Needs Attention
"Ibico Index Tab, Durable",693.705,128.92499999999998,102,18.58498929660302,Needs Attention
"Hon Shipping Labels, Alphabetical",691.9896,178.0696,81,25.73298789461576,Needs Attention
OtterBox Defender Series Case - Samsung Galaxy S4,689.77,122.959,27,17.82608695652174,Needs Attention
"Accos Push Pins, Assorted Sizes",689.5119,-45.1281,76,-6.544934177350674,Needs Attention
"Sanford Pens, Water Color",689.1052000000001,264.1852,57,38.33742656418788,Needs Attention
"OIC Thumb Tacks, Metal",688.7826,7.5626000000000015,70,1.0979661797496048,Needs Attention
"Advantus Staples, Metal",688.5192,123.86919999999999,75,17.9906675078923,Needs Attention
Samsung Convoy 3,688.138,-31.077199999999998,9,-4.516129032258064,Needs Attention
"Elite Scissors, Easy Grip",686.665,11.905,43,1.7337420721894956,Needs Attention
"Metal Folding Chairs, Beige, 4/Carton",685.588,115.7354,23,16.88118811881188,Needs Attention
Tops White Computer Printout Paper,684.74,321.8278,14,47.0,Needs Attention
"Kleencut Ruler, High Speed",684.4184,90.8284,62,13.270888100027703,Needs Attention
Safco Steel Mobile File Cart,683.5519999999999,120.872,9,17.682926829268293,Needs Attention
"Avery Shipping Labels, Laser Printer Compatible",683.1525,193.8925,72,28.382023047562587,Needs Attention
"OIC Paper Clips, 12 Pack",682.5588,113.2788,61,16.596196547462284,Needs Attention
"Elite Box Cutter, Steel",681.9138,34.2038,28,5.015853909980997,Needs Attention
"Howard Miller 11-1/2"" Diameter Brentwood Wall Clock",681.454,256.1922,17,37.594936708860764,Needs Attention
"Jiffy Manila Envelope, Recycled",680.1247999999999,-255.6352,45,-37.586513533986704,Needs Attention
Flat Face Poster Frame,678.24,120.9528,51,17.833333333333332,Needs Attention
"Advantus Rubber Bands, Assorted Sizes",677.9448,123.0248,65,18.146728170199108,Needs Attention
"Ames Business Envelopes, Set of 50",676.296,-54.20400000000001,66,-8.014833741438661,Needs Attention
"Avery File Folder Labels, Alphabetical",675.4766,166.0366,90,24.580659048736848,Needs Attention
Holmes Harmony HEPA Air Purifier for 17 x 20 Room,675.12,290.3016,3,43.0,Needs Attention
"Deflect-o DuraMat Lighweight, Studded, Beveled Mat for Low Pile Carpeting",673.87,72.07849999999999,17,10.696202531645568,Needs Attention
Hunt Boston Vacuum Mount KS Pencil Sharpener,671.808,153.95600000000002,20,22.916666666666668,Needs Attention
"Bevis Training Table, with Bottom Storage",669.96,-482.46,5,-72.01325452265806,Needs Attention
Tuf-Vin Binders,669.496,234.3236,26,35.0,Needs Attention
"Advantus Clamps, Metal",668.8039,78.7239,46,11.770849422379266,Needs Attention
Binding Machine Supplies,667.9929999999999,182.6042,32,27.336244541484717,Needs Attention
Fellowes 8 Outlet Superior Workstation Surge Protector w/o Phone/Fax/Modem Protection,665.6759999999999,43.706,25,6.565656565656567,Needs Attention
"Hon Legal Exhibit Labels, Laser Printer Compatible",664.9939999999999,62.364,72,9.378129727486263,Needs Attention
Fellowes Command Center 5-outlet power strip,664.832,-78.016,15,-11.73469387755102,Needs Attention
"GlobeWeis Business Envelopes, Recycled",663.892,120.862,61,18.205069499255902,Needs Attention
"Hon Legal Exhibit Labels, 5000 Label Set",663.0,70.94,70,10.699849170437407,Needs Attention
"Smead Legal Exhibit Labels, 5000 Label Set",662.207,-86.553,81,-13.070384336015778,Needs Attention
"GBC Velobind Prepunched Cover Sets, Regency Series",661.942,-9.244999999999997,33,-1.396648044692737,Needs Attention
"Wilson Jones Index Tab, Durable",660.5125,-72.8075,121,-11.022879960636626,Needs Attention
Panasonic KX T7731-B Digital phone,659.934,75.9924,8,11.515151515151516,Needs Attention
"Harbour Creations Color Coded Labels, Alphabetical",659.5744,122.2944,71,18.541410946210164,Needs Attention
"Harbour Creations Color Coded Labels, Adjustable",659.232,0.8220000000000018,70,0.1246905490024759,Needs Attention
"Xerox Parchment Paper, Premium",656.1932,114.0032,63,17.373419901333936,Needs Attention
Surelock Post Binders,653.984,210.86400000000003,29,32.24299065420561,Needs Attention
Hon 61000 Series Interactive Training Tables,653.121,-148.3962,22,-22.72108843537415,Needs Attention
Xerox 1886,651.4399999999999,302.728,14,46.47058823529412,Needs Attention
"Bush Westfield Collection Bookcases, Dark Cherry Finish",649.376,-97.4064,14,-15.000000000000002,Needs Attention
"Novimex Color Coded Labels, Laser Printer Compatible",648.324,150.984,58,23.288355822088956,Needs Attention
Belkin 8 Outlet SurgeMaster II Gold Surge Protector with Phone Protection,647.84,168.4384,8,26.0,Needs Attention
"Acme Letter Opener, High Speed",644.7821,67.1321,30,10.411594862822648,Needs Attention
"Eldon Box, Wire Frame",642.837,116.997,90,18.200103603246234,Needs Attention
"Avery Color Coded Labels, 5000 Label Set",641.364,121.884,60,19.003872995677963,Needs Attention
Avery 485,639.03,300.3441,51,47.00000000000001,Needs Attention
Safco Drafting Table,638.8199999999999,34.0704,12,5.333333333333334,Needs Attention
"Hon Training Table, Rectangular",638.5219999999999,-94.71800000000002,5,-14.833944640905095,Needs Attention
"Smead Legal Exhibit Labels, Laser Printer Compatible",637.917,-68.773,83,-10.780869611563885,Needs Attention
"Acco Hole Reinforcements, Recycled",637.5563999999999,208.7364,106,32.74006817279225,Needs Attention
"Accos Thumb Tacks, Assorted Sizes",637.0812,-21.278799999999997,69,-3.3400451936111124,Needs Attention
"Computer Room Manger, 14""",636.6080000000001,179.28959999999998,22,28.163265306122444,Needs Attention
"SanDisk Memo Slips, Recycled",635.627,109.567,45,17.23762521101212,Needs Attention
"OIC Thumb Tacks, Assorted Sizes",633.984,196.954,66,31.06608368665455,Needs Attention
"Strathmore #10 Envelopes, Ultimate White",632.52,309.9348,12,49.0,Needs Attention
Belkin 7 Outlet SurgeMaster II,631.68,176.8704,16,28.000000000000004,Needs Attention
"Tenex Stacking Tray, Durable",631.591,43.590999999999994,36,6.9017766244294165,Needs Attention
"GlobeWeis Clasp Envelope, Security-Tint",628.653,185.25300000000001,74,29.468244007425405,Needs Attention
"Elite Scissors, High Speed",628.587,56.667000000000016,44,9.014981219783422,Needs Attention
"Novimex Color Coded Labels, Alphabetical",627.7488,50.428799999999995,65,8.033277005069543,Needs Attention
"TRENDnet 56K USB 2.0 Phone, Internet and Fax Modem",626.5379999999999,212.298,25,33.884297520661164,Needs Attention
Avaya 5410 Digital phone,625.508,-10.878400000000003,13,-1.739130434782609,Needs Attention
"Advantus Paper Clips, Metal",625.1582000000001,106.4282,55,17.024202833778713,Needs Attention
"Xerox Memo Slips, Premium",625.086,156.20600000000002,61,24.989521441849604,Needs Attention
Xerox 1880,623.744,285.64639999999997,18,45.79545454545454,Needs Attention
"Advantus Thumb Tacks, 12 Pack",622.0522,-50.9078,66,-8.183846950464929,Needs Attention
"Smead Box, Wire Frame",621.888,40.158,77,6.4574328496449525,Needs Attention
"BOSTON Ranger #55 Pencil Sharpener, Black",618.562,120.3337,27,19.45378151260504,Needs Attention
Plantronics MX500i Earset,618.48,-6.4425,15,-1.0416666666666665,Needs Attention
Xerox 1882,615.78,273.18240000000003,12,44.363636363636374,Needs Attention
Xerox 1940,615.552,279.1968,12,45.357142857142854,Needs Attention
"Xerox Parchment Paper, 8.5 x 11",615.438,157.648,46,25.615577848621633,Needs Attention
"Hon Shipping Labels, Adjustable",615.2499,15.609900000000009,87,2.537164166950699,Needs Attention
"GlobeWeis Clasp Envelope, Set of 50",614.46,146.1,72,23.77697490479445,Needs Attention
"Harbour Creations Removable Labels, 5000 Label Set",614.3415,128.8215,71,20.969037579261695,Needs Attention
Eldon ProFile File 'N Store Portable File Tub Letter/Legal Size Black,614.058,127.446,35,20.754716981132077,Needs Attention
"Companion Letter/Legal File, Black",611.712,149.5296,17,24.444444444444443,Needs Attention
"Performers Binder/Pad Holder, Black",611.054,106.51400000000001,36,17.43119266055046,Needs Attention
"Tyvek  Top-Opening Peel & Seel  Envelopes, Gray",610.98,274.941,17,44.99999999999999,Needs Attention
"OIC Staples, Bulk Pack",610.5078,7.747800000000007,67,1.2690746948687646,Needs Attention
"Stiletto Ruler, Serrated",607.6026,-0.13739999999999686,62,-0.022613464787674845,Needs Attention
"Eaton Parchment Paper, Premium",607.5868,43.1968,56,7.109568542305396,Needs Attention
Motorola L804,607.068,-13.33710000000001,19,-2.1969696969696986,Needs Attention
"Hon Color Coded Labels, Alphabetical",606.9978,13.117799999999994,65,2.161095147297073,Needs Attention
"Chromcraft Training Table, Fully Assembled",606.8656000000001,-70.45439999999999,4,-11.609555723705542,Needs Attention
Xblue XB-1670-86 X16 Small Office Telephone - Titanium,604.752,132.2895,5,21.875000000000004,Needs Attention
Xerox 1911,603.54,279.736,13,46.34920634920635,Needs Attention
"OIC Rubber Bands, Metal",601.077,147.397,43,24.522149408478448,Needs Attention
Office Star - Task Chair with Contemporary Loop Arms,600.4680000000001,47.3096,8,7.878787878787878,Needs Attention
Lexmark 20R1285 X6650 Wireless All-in-One Printer,600.0,218.4,6,36.4,Needs Attention
Anker Astro 15000mAh USB Portable Charger,599.88,-23.995200000000004,13,-4.000000000000001,Needs Attention
"Accos Rubber Bands, Bulk Pack",599.368,233.578,45,38.97071582066443,Needs Attention
"Eaton Memo Slips, Premium",598.377,103.80699999999999,60,17.348093258932078,Needs Attention
"Contico 72""H Heavy-Duty Storage System",598.308,-57.372,16,-9.58904109589041,Needs Attention
Hewlett-Packard Deskjet 5550 Printer,597.132,49.761,3,8.333333333333334,Needs Attention
Xerox 1942,597.068,278.95799999999997,13,46.721311475409834,Needs Attention
Grandstream GXP2100 Mainstream Business Phone,596.622,45.894000000000005,10,7.692307692307694,Needs Attention
"Avery Index Tab, Economy",596.5155,136.31550000000001,92,22.8519627738089,Needs Attention
"Fiskars Ruler, Easy Grip",594.5455,80.7755,43,13.586092233479189,Needs Attention
"Wilson Jones Hole Reinforcements, Recycled",594.3469,120.26689999999999,148,20.235135406611864,Needs Attention
"Harbour Creations Legal Exhibit Labels, 5000 Label Set",594.1782000000001,38.4082,63,6.464087709714021,Needs Attention
"Xerox Color Copier Paper, 11"" x 17"", Ream",593.84,260.83279999999996,27,43.92307692307691,Needs Attention
"OIC Thumb Tacks, Bulk Pack",593.285,135.105,55,22.772360669829844,Needs Attention
"OIC Push Pins, Metal",592.683,145.723,56,24.587005195019938,Needs Attention
"Accos Staples, 12 Pack",592.352,128.282,71,21.656379990276054,Needs Attention
"Avery Removable Labels, Alphabetical",592.24,30.32,70,5.119546129947318,Needs Attention
Microsoft Wireless Mobile Mouse 4000,591.852,183.954,15,31.081081081081084,Needs Attention
"Elite Ruler, Easy Grip",591.5112,-31.558800000000005,54,-5.335283592263342,Needs Attention
"Harbour Creations Legal Exhibit Labels, Alphabetical",590.914,245.404,65,41.52956267747929,Needs Attention
"Novimex Legal Exhibit Labels, Laser Printer Compatible",590.7872,49.227199999999996,76,8.332475720530166,Needs Attention
Panasonic KX TS3282B Corded phone,590.328,44.2746,9,7.5,Needs Attention
"Deflect-O Light Bulb, Duo Pack",589.407,-51.073,44,-8.665149887938215,Needs Attention
"Accos Paper Clips, Metal",587.741,-31.138999999999996,60,-5.298081978286354,Needs Attention
"Novimex Color Coded Labels, 5000 Label Set",587.6801,46.130100000000006,62,7.849525617763814,Needs Attention
"Avery Legal Exhibit Labels, Adjustable",587.048,90.488,79,15.41407176244532,Needs Attention
"Wilson Jones Hole Reinforcements, Durable",586.317,50.907000000000004,117,8.682504515475417,Needs Attention
Xerox 1910,586.088,236.3568,14,40.32786885245902,Needs Attention
"Acco Hole Reinforcements, Economy",584.4816,48.8316,106,8.354685588049309,Needs Attention
"Acme Ruler, Serrated",583.6478999999999,13.387899999999998,61,2.2938316063503357,Needs Attention
Wilson Jones Century Plastic Molded Ring Binders,583.6370000000001,55.24819999999999,48,9.466192170818502,Needs Attention
"Accos Thumb Tacks, 12 Pack",583.395,3.785000000000003,62,0.6487885566382987,Needs Attention
"OIC Staples, Assorted Sizes",582.8063,3.926299999999997,84,0.6736886680874927,Needs Attention
Sony Micro Vault Click 8 GB USB 2.0 Flash Drive,582.6759999999999,57.3278,13,9.838709677419356,Needs Attention
"Acme Ruler, Easy Grip",582.6496,-26.140399999999996,43,-4.486470084249607,Needs Attention
Fellowes Econo/Stor Drawers,581.58,-56.2194,7,-9.666666666666666,Needs Attention
"Dana Fluorescent Magnifying Lamp, White, 36""",581.172,81.568,14,14.035087719298245,Needs Attention
"Kleencut Box Cutter, Easy Grip",579.8364,-20.20360000000001,29,-3.4843621407693632,Needs Attention
"Novimex Shipping Labels, Adjustable",576.904,55.924,83,9.693813875445482,Needs Attention
"Advantus Push Pins, Metal",575.9375,36.6275,53,6.35963103635377,Needs Attention
"Accos Push Pins, Metal",575.84,129.82,50,22.544456793553763,Needs Attention
Canon PC170 Desktop Personal Copier,575.82,67.179,6,11.666666666666666,Needs Attention
Xerox 1991,575.568,254.8944,26,44.285714285714285,Needs Attention
"Howard Miller 16"" Diameter Gallery Wall Clock",575.46,107.41919999999999,12,18.666666666666664,Needs Attention
"Accos Staples, Metal",575.4555,-28.504499999999997,62,-4.9533804090846285,Needs Attention
"Acco Hole Reinforcements, Clear",574.056,-11.754000000000001,119,-2.0475354320832815,Needs Attention
Avery 477,573.9639999999999,244.24,20,42.55319148936171,Needs Attention
Xerox 1944,573.648,257.3664,16,44.86486486486486,Needs Attention
Panasonic KP-150 Electric Pencil Sharpener,573.648,126.80640000000001,16,22.10526315789474,Needs Attention
"Avery Shipping Labels, Alphabetical",572.8025,113.7325,64,19.855447558277067,Needs Attention
PureGear Roll-On Screen Protector,571.714,218.2908,34,38.18181818181818,Needs Attention
First Data TMFD35 PIN Pad,571.2,119.952,4,21.0,Needs Attention
"Advantus Thumb Tacks, Assorted Sizes",571.136,7.625999999999998,67,1.335233639623487,Needs Attention
"Tyvek  Top-Opening Peel & Seel Envelopes, Plain White",570.78,225.0504,24,39.42857142857143,Needs Attention
"Green Bar Memo Slips, Premium",569.633,34.772999999999996,52,6.104456729157193,Needs Attention
"Green Canvas Binder for 8-1/2"" x 14"" Sheets",569.24,162.64000000000001,19,28.571428571428577,Needs Attention
"Cameo Clasp Envelope, with clear poly window",565.5,156.93,51,27.750663129973475,Needs Attention
Sanford 52201 APSCO Electric Pencil Sharpener,565.386,140.9368,14,24.92753623188406,Needs Attention
Belkin F8E887 USB Wired Ergonomic Keyboard,563.812,66.2779,21,11.75531914893617,Needs Attention
Eldon Advantage Chair Mats for Low to Medium Pile Carpets,563.03,56.303000000000004,13,10.000000000000002,Needs Attention
"GlobeWeis Business Envelopes, with clear poly window",559.3752,69.3852,34,12.404053665589752,Needs Attention
"OIC Paper Clips, Metal",559.1080000000001,-12.932000000000004,56,-2.3129699449837964,Needs Attention
"Cuisinart Toaster, Black",558.871,71.521,13,12.797407630741262,Needs Attention
"GlobeWeis Clasp Envelope, with clear poly window",558.8352,146.2452,55,26.16964715179001,Needs Attention
Belkin F9M820V08 8 Outlet Surge,558.74,101.003,15,18.076923076923077,Needs Attention
"Fiskars Letter Opener, Steel",558.28,-32.449999999999996,31,-5.812495521960306,Needs Attention
Microsoft Natural Ergonomic Keyboard 4000,557.814,107.6641,19,19.301075268817204,Needs Attention
"Kleencut Ruler, Steel",557.6256,44.6356,57,8.004582286035648,Needs Attention
"Novimex Removable Labels, Laser Printer Compatible",557.0135,234.3935,69,42.080398410451444,Needs Attention
Memorex Micro Travel Drive 16 GB,556.452,126.1611,39,22.67241379310345,Needs Attention
"OIC Paper Clips, Bulk Pack",554.593,131.073,54,23.634088421599266,Needs Attention
Wilson Jones Heavy-Duty Casebound Ring Binders with Metal Hinges,554.24,157.95839999999998,22,28.499999999999996,Needs Attention
"Accos Paper Clips, Bulk Pack",553.9392,72.3792,49,13.066271533049111,Needs Attention
"Xerox Message Books, Multicolor",553.5024,-115.6776,38,-20.899204773095835,Needs Attention
"Enermax Memo Slips, Recycled",553.0983,153.4783,38,27.74882873442207,Needs Attention
Jet-Pak Recycled Peel 'N' Seal Padded Mailers,552.706,177.6555,19,32.14285714285714,Needs Attention
Logitech Wireless Anywhere Mouse MX for PC and Mac,551.908,89.985,11,16.304347826086957,Needs Attention
12-1/2 Diameter Round Wall Clock,551.448,91.1088,36,16.521739130434785,Needs Attention
"Avery Removable Labels, Laser Printer Compatible",551.3916,103.49159999999999,61,18.769165145062054,Needs Attention
"Hon Shipping Labels, 5000 Label Set",551.348,136.268,54,24.715424740817056,Needs Attention
Kensington SlimBlade Notebook Wireless Mouse with Nano Receiver ,549.89,120.9758,13,22.000000000000004,Needs Attention
"OIC Thumb Tacks, 12 Pack",549.0,-44.459999999999994,58,-8.098360655737704,Needs Attention
"Conquest 14 Commercial Heavy-Duty Upright Vacuum, Collection System, Accessory Kit",546.816,61.5168,12,11.25,Needs Attention
"Eldon Delta Triangular Chair Mat, 52"" x 58"", Clear",546.192,17.447799999999997,17,3.194444444444444,Needs Attention
Panasonic Business Telephones KX-T7736,546.06,163.818,3,30.000000000000004,Needs Attention
"Harbour Creations Legal Exhibit Labels, Adjustable",545.7795,149.8995,72,27.46521259959379,Needs Attention
"Avery Trapezoid Ring Binder, 3"" Capacity, Black, 1040 sheets",545.034,85.2384,22,15.639097744360903,Needs Attention
"Jiffy Clasp Envelope, with clear poly window",543.906,113.926,67,20.945898739855785,Needs Attention
Memorex Mini Travel Drive 64 GB USB 2.0 Flash Drive,543.6,228.312,15,42.0,Needs Attention
Xerox 1884,543.456,204.5952,32,37.64705882352941,Needs Attention
"Novimex Legal Exhibit Labels, 5000 Label Set",543.362,71.582,65,13.173906162006176,Needs Attention
I Need's 3d Hello Kitty Hybrid Silicone Case Cover for HTC One X 4g with 3d Hello Kitty Stylus Pen Green/pink,542.984,95.2016,52,17.53303964757709,Needs Attention
"Avery Color Coded Labels, Alphabetical",541.443,145.423,52,26.858413535681503,Needs Attention
O'Sullivan 5-Shelf Heavy-Duty Bookcases,540.804,-12.290999999999999,9,-2.2727272727272725,Needs Attention
"Accos Rubber Bands, 12 Pack",540.3294,20.309399999999997,52,3.7587071886149444,Needs Attention
"OIC Rubber Bands, 12 Pack",539.11,-30.31,43,-5.622229229656285,Needs Attention
Xerox 1935,538.152,239.0028,21,44.41176470588235,Needs Attention
"Cameo Clasp Envelope, Recycled",538.0725,-1.667500000000004,83,-0.3099024759674587,Needs Attention
Memorex Froggy Flash Drive 8 GB,536.05,189.57,32,35.36423841059603,Needs Attention
Tensor Computer Mounted Lamp,536.04,144.73080000000002,36,27.000000000000007,Needs Attention
"Hon File Folder Labels, 5000 Label Set",534.1546,160.4646,74,30.040853340961586,Needs Attention
"Advantus Staples, Bulk Pack",534.131,80.40100000000001,67,15.052674343934354,Needs Attention
"Avery Hole Reinforcements, Recycled",533.8266,194.3466,139,36.40631620829685,Needs Attention
Boston KS Multi-Size Manual Pencil Sharpener,533.3679999999999,119.548,25,22.413793103448278,Needs Attention
Logitech ClearChat Comfort/USB Headset H390,533.078,160.2163,19,30.054945054945055,Needs Attention
"Cardinal Hole Reinforcements, Durable",532.836,78.806,92,14.789916597226913,Needs Attention
Wilson Jones Legal Size Ring Binders,532.158,48.378000000000014,44,9.090909090909093,Needs Attention
Howard Miller Distant Time Traveler Alarm Clock,531.948,192.2142,21,36.134020618556704,Needs Attention
Newell 334,531.712,135.3088,27,25.44776119402985,Needs Attention
"Harbour Creations Color Coded Labels, 5000 Label Set",531.157,64.137,48,12.074960887270619,Needs Attention
"Harbour Creations Shipping Labels, 5000 Label Set",529.1025,33.7125,60,6.371638765645598,Needs Attention
Southworth 25% Cotton Premium Laser Paper and Envelopes,527.472,236.5632,28,44.84848484848485,Needs Attention
"Novimex Shipping Labels, Laser Printer Compatible",526.6374,45.497400000000006,68,8.639226914001933,Needs Attention
"Premier Elliptical Ring Binder, Black",526.612,-201.5128,46,-38.26589595375723,Needs Attention
"Boston Electric Pencil Sharpener, Model 1818, Charcoal Black",523.59,118.22999999999999,20,22.58064516129032,Needs Attention
Space Solutions Industrial Galvanized Steel Shelving.,520.0799999999999,-20.487999999999996,7,-3.939393939393939,Needs Attention
"Wilson Jones Hole Reinforcements, Clear",519.9901,54.1701,147,10.41752525673085,Needs Attention
Bevis Round Conference Room Tables and Bases,519.941,-39.4438,4,-7.586206896551724,Needs Attention
"Avery Removable Labels, 5000 Label Set",519.8823,119.6523,54,23.01526710949767,Needs Attention
"Eaton Memo Slips, 8.5 x 11",519.712,93.592,35,18.008435441167418,Needs Attention
Rogers Profile Extra Capacity Storage Tub,518.9399999999999,4.6872,32,0.903225806451613,Needs Attention
"Decoflex Hanging Personal Folder File, Blue",518.112,124.131,35,23.958333333333336,Needs Attention
Alphabetical Labels for Top Tab Filing,518.0,244.2,37,47.14285714285714,Needs Attention
"Tenex Personal Project File with Scoop Front Design, Black",517.6320000000001,118.62400000000001,40,22.916666666666664,Needs Attention
"OIC Staples, Metal",517.2280000000001,184.25799999999998,53,35.62413481095377,Needs Attention
Xerox 1889,516.624,236.32799999999997,10,45.744680851063826,Needs Attention
Cisco SPA112 2 Port Phone Adapter,516.53,87.37049999999999,11,16.914893617021278,Needs Attention
Belkin F9H710-06 7 Outlet SurgeMaster Surge Protector,516.216,122.8368,29,23.795620437956202,Needs Attention
Nokia Lumia 521 (T-Mobile),515.828,83.972,20,16.279069767441857,Needs Attention
Bionaire Personal Warm Mist Humidifier/Vaporizer,515.79,201.1581,11,39.0,Needs Attention
"C-Line Cubicle Keepers Polyproplyene Holder w/Velcro Back, 8-1/2x11, 25/Bx",514.556,23.538199999999996,13,4.574468085106382,Needs Attention
"Novimex File Folder Labels, Laser Printer Compatible",514.525,-7.204999999999999,77,-1.4003206841261355,Needs Attention
DAX Natural Wood-Tone Poster Frame,513.712,123.9264,23,24.123711340206185,Needs Attention
Xerox 1887,512.1899999999999,216.25799999999998,30,42.22222222222222,Needs Attention
Newell 319,511.872,123.00800000000001,28,24.031007751937985,Needs Attention
"DataProducts Ampli Magnifier Task Lamp, Black,",508.728,99.5808,21,19.574468085106382,Needs Attention
"Hon Round Labels, Laser Printer Compatible",507.3144,61.3344,112,12.09001755124633,Needs Attention
Socket Bluetooth Cordless Hand Scanner (CHS),506.28,177.198,3,35.0,Needs Attention
Deluxe Heavy-Duty Vinyl Round Ring Binder,504.24,88.24199999999999,33,17.5,Needs Attention
Logitech Media Keyboard K200,503.856,50.3856,16,10.0,Needs Attention
"Maxell 74 Minute CD-R Spindle, 50/Pack",503.28,181.1808,24,36.00000000000001,Needs Attention
"Fiskars Ruler, Serrated",502.22270000000003,94.0427,59,18.72529855779119,Needs Attention
Xerox 197,501.87600000000003,195.174,18,38.88888888888889,Needs Attention
"Accos Rubber Bands, Assorted Sizes",501.615,45.255,54,9.021859394156873,Needs Attention
"Avery Legal Exhibit Labels, Alphabetical",500.48879999999997,11.688800000000004,52,2.3354768378433253,Needs Attention
"Howard Miller 11-1/2"" Diameter Grantwood Wall Clock",500.308,101.7868,14,20.344827586206897,Needs Attention
Anker Ultra-Slim Mini Bluetooth 3.0 Wireless Keyboard,499.75,99.5502,26,19.92,Needs Attention
Xerox 1937,499.616,199.84640000000002,12,40.0,Needs Attention
"Advantus Paper Clips, Bulk Pack",497.8435,42.353500000000004,48,8.507392383349387,Needs Attention
Jensen SMPS-640 - speaker phone,496.584,88.28160000000001,12,17.777777777777782,Needs Attention
"BOSTON Model 1800 Electric Pencil Sharpeners, Putty/Woodgrain",496.248,113.274,30,22.826086956521742,Needs Attention
GBC VeloBinder Electric Binding Machine,496.018,-411.332,15,-82.92682926829269,Needs Attention
GE DSL Phone Line Filter,495.87600000000003,69.9825,15,14.11290322580645,Needs Attention
"Advantus Push Pins, 12 Pack",495.8646,181.0746,43,36.51694434327435,Needs Attention
Belkin QODE FastFit Bluetooth Keyboard,495.6,16.107,9,3.2499999999999996,Needs Attention
"OIC Rubber Bands, Assorted Sizes",493.67999999999995,59.68,44,12.088802463134016,Needs Attention
"Ibico Hole Reinforcements, Clear",492.3715,109.51150000000001,98,22.2416407123483,Needs Attention
"Novimex Shipping Labels, Alphabetical",492.192,180.192,60,36.610103374292954,Needs Attention
Anker Ultrathin Bluetooth Wireless Keyboard Aluminum Cover with Stand ,491.83599999999996,32.989,17,6.707317073170732,Needs Attention
Samsung HM1900 Bluetooth Headset,491.68,195.355,27,39.732142857142854,Needs Attention
"Avery Hole Reinforcements, Durable",491.4756,121.2656,96,24.673778311680174,Needs Attention
"Avery Color Coded Labels, Adjustable",490.68149999999997,74.8215,55,15.248486034219756,Needs Attention
"Hon Color Coded Labels, 5000 Label Set",490.6,82.84,44,16.88544639217285,Needs Attention
"Accos Thumb Tacks, Bulk Pack",489.9264,21.8964,51,4.469324371987303,Needs Attention
"Elite Ruler, High Speed",489.854,-11.865999999999996,49,-2.422354415805525,Needs Attention
Xerox 1925,489.48400000000004,182.782,18,37.34177215189873,Needs Attention
Rush Hierlooms Collection Rich Wood Bookcases,489.37919999999997,-70.8312,4,-14.473684210526317,Needs Attention
"Novimex Color Coded Labels, Adjustable",489.168,87.55799999999999,57,17.899371994897457,Needs Attention
"#10 White Business Envelopes,4 1/8 x 9 1/2",488.904,223.14079999999998,32,45.64102564102564,Needs Attention
Clearsounds A400,488.326,-48.8326,11,-10.0,Needs Attention
24-Hour Round Wall Clock,487.512,180.0198,27,36.92622950819672,Needs Attention
GBC Recycled VeloBinder Covers,487.344,100.8768,42,20.6993006993007,Needs Attention
"Smead Color Coded Labels, 5000 Label Set",486.52799999999996,147.588,41,30.334944751381215,Needs Attention
"Eaton Memo Slips, Recycled",486.1675,54.447500000000005,49,11.199329449212463,Needs Attention
Safco Commercial Shelving,483.704,-7.4416,11,-1.5384615384615385,Needs Attention
"Sortfiler Multipurpose Personal File Organizer, Black",483.414,118.92840000000001,24,24.60176991150443,Needs Attention
AT&T CL82213,481.234,131.3247,17,27.289156626506028,Needs Attention
Fellowes Neat Ideas Storage Cubes,480.70399999999995,-18.1888,16,-3.783783783783784,Needs Attention
NeatDesk Desktop Scanner & Digital Filing System,479.988,55.9986,2,11.666666666666666,Needs Attention
"Kraft Clasp Envelope, Set of 50",479.76,-5.58,72,-1.1630815407703852,Needs Attention
Cherry 142-key Programmable Keyboard,479.72,52.7692,4,10.999999999999998,Needs Attention
"Hon Color Coded Labels, Adjustable",479.4153,-0.6146999999999956,56,-0.12821868638735467,Needs Attention
"Howard Miller 12"" Round Wall Clock",479.33799999999997,127.2996,14,26.55737704918033,Needs Attention
Kingston Digital DataTraveler 16GB USB 2.0,477.93,64.7085,57,13.539325842696629,Needs Attention
DAX Wood Document Frame,477.804,126.316,40,26.436781609195403,Needs Attention
"iKross Bluetooth Portable Keyboard + Cell Phone Stand Holder + Brush for Apple iPhone 5S 5C 5, 4S 4",477.66,115.64399999999999,24,24.210526315789473,Needs Attention
Fellowes Super Stor/Drawer,477.3,67.71,18,14.186046511627906,Needs Attention
Newell 345,476.16,94.4384,26,19.833333333333332,Needs Attention
AT&T SB67148 SynJ,475.128,89.7464,8,18.88888888888889,Needs Attention
"Avery Shipping Labels, Adjustable",474.7275,64.9275,63,13.676793528919221,Needs Attention
"Memorex 25GB 6X Branded Blu-Ray Recordable Disc, 30/Pack",472.85999999999996,-32.2695,17,-6.8243243243243255,Needs Attention
"Harbour Creations Removable Labels, Laser Printer Compatible",472.7355,80.7455,60,17.080481580080196,Needs Attention
"Elite Ruler, Serrated",472.5,10.889999999999997,56,2.304761904761904,Needs Attention
"Kleencut Ruler, Serrated",470.592,102.16199999999999,54,21.70925132598939,Needs Attention
"Smead File Folder Labels, 5000 Label Set",470.5143,140.9343,62,29.95324477917037,Needs Attention
"Hon Removable Labels, Laser Printer Compatible",470.3328,34.8828,57,7.416620741738616,Needs Attention
Enermax Briskie RF Wireless Keyboard and Mouse Combo,469.402,150.3748,24,32.0353982300885,Needs Attention
"Tenex V2T-RE Standard Weight Series Chair Mat, 45"" x 53"", Lip 25"" x 12""",468.468,51.105599999999995,7,10.909090909090907,Needs Attention
Dexim XPower Skin Super-Thin Power Case for iPhone 5 - Black,467.92,-14.622499999999999,11,-3.1249999999999996,Needs Attention
Tenex Chairmats For Use with Hard Floors,467.712,-129.92,20,-27.777777777777775,Needs Attention
Jackery Bar Premium Fast-charging Portable Charger,467.22,192.279,18,41.15384615384615,Needs Attention
Imation 32GB Pocket Pro USB 3.0 Flash Drive - 32 GB - Black - 1 P ...,467.21999999999997,143.76,18,30.76923076923077,Needs Attention
"Seth Thomas 14"" Day/Date Wall Clock",467.072,162.0512,17,34.69512195121951,Needs Attention
"Smead Color Coded Labels, Laser Printer Compatible",466.581,39.55100000000001,50,8.476770378562353,Needs Attention
GBC Recycled Grain Textured Covers,466.29,107.07400000000001,20,22.962962962962965,Needs Attention
"Epson Calculator, White",466.128,-63.822,14,-13.691947276284628,Needs Attention
GBC Standard Therm-A-Bind Covers,466.004,8.472800000000001,34,1.8181818181818183,Needs Attention
Ricoh - Ink Collector Unit for GX3000 Series Printers,465.645,36.916,14,7.927927927927928,Needs Attention
Belkin F5C206VTEL 6 Outlet Surge,464.196,110.304,22,23.762376237623762,Needs Attention
"Avery Hole Reinforcements, Economy",463.97610000000003,24.886100000000003,128,5.363659895412717,Needs Attention
Electrix Fluorescent Magnifier Lamps & Weighted Base,463.79600000000005,73.0232,11,15.744680851063828,Needs Attention
"Global Task Chair, Black",463.099,-80.4062,12,-17.36263736263736,Needs Attention
V7 USB Numeric Keypad,461.868,-58.7832,16,-12.727272727272728,Needs Attention
Newell 34,460.288,93.248,25,20.258620689655174,Needs Attention
"Personal Filing Tote with Lid, Black/Gray",459.096,112.9128,31,24.594594594594597,Needs Attention
"Acme Hot Forged Carbon Steel Scissors with Nickel-Plated Handles, 3 7/8"" Cut, 8""L",458.7,103.416,36,22.545454545454547,Needs Attention
"IBM Multi-Purpose Copy Paper, 8 1/2 x 11"", Case",458.504,185.88,16,40.54054054054054,Needs Attention
Acco Perma 4000 Stacking Storage Drawers,457.96799999999996,30.044,31,6.560283687943263,Needs Attention
"Fiskars Ruler, High Speed",456.469,21.019,41,4.604693856537902,Needs Attention
"Hon Legal Exhibit Labels, Adjustable",455.7536,74.36359999999999,59,16.31662371948351,Needs Attention
"Smead Legal Exhibit Labels, Alphabetical",455.72799999999995,98.378,48,21.586999262718116,Needs Attention
DAX Black Cherry Wood-Tone Poster Frame,455.456,61.433600000000006,24,13.488372093023257,Needs Attention
9-3/4 Diameter Round Wall Clock,455.07,183.1312,34,40.24242424242425,Needs Attention
Xerox 1881,454.36,207.04080000000002,38,45.567567567567565,Needs Attention
Panasonic KX - TS880B Telephone,453.41999999999996,122.4234,11,27.0,Needs Attention
"Acco Smartsocket Table Surge Protector, 6 Color-Coded Adapter Outlets",452.96500000000003,105.48499999999999,8,23.287671232876708,Needs Attention
"Accos Staples, Assorted Sizes",452.592,62.852000000000004,81,13.887121292466507,Needs Attention
Poly Designer Cover & Back,451.962,106.344,35,23.52941176470588,Needs Attention
"HP Officejet Pro 8600 e-All-In-One Printer, Copier, Scanner, Fax",449.97,47.9968,4,10.666666666666666,Needs Attention
Mobile Personal File Cube,449.664,90.6354,21,20.15625,Needs Attention
"Novimex Removable Labels, 5000 Label Set",449.3811,12.821099999999998,56,2.8530572380547374,Needs Attention
Acco Smartsocket Color-Coded Six-Outlet AC Adapter Model Surge Protectors,448.902,-7.0416000000000025,14,-1.5686274509803928,Needs Attention
"Acme 10"" Easy Grip Assistive Scissors",448.76800000000003,129.722,26,28.90625,Needs Attention
Hewlett-Packard Deskjet D4360 Printer,447.968,139.99,4,31.25,Needs Attention
"Novimex File Folder Labels, Alphabetical",447.616,78.676,70,17.57667286245353,Needs Attention
"Cardinal Hole Reinforcements, Economy",447.13599999999997,74.196,112,16.593609103270595,Needs Attention
"Cardinal Hole Reinforcements, Clear",445.888,116.658,122,26.163072341036315,Needs Attention
Boston 16801 Nautilus Battery Pencil Sharpener,444.60200000000003,69.9918,23,15.74257425742574,Needs Attention
"Hon Round Labels, 5000 Label Set",444.2675,29.957499999999996,86,6.743122105488247,Needs Attention
Rogers Deluxe File Chest,443.996,-34.7284,22,-7.821782178217822,Needs Attention
Xerox 194,443.84,184.1936,9,41.5,Needs Attention
Imation Clip USB flash drive - 8 GB,443.68,1.879999999999999,25,0.4237288135593218,Needs Attention
"Eaton Parchment Paper, Multicolor",443.42400000000004,15.474000000000004,40,3.4896622645594286,Needs Attention
"Novimex Round Labels, 5000 Label Set",442.6014,104.1214,82,23.524869103441603,Needs Attention
invisibleSHIELD by ZAGG Smudge-Free Screen Protector,442.554,171.2648,29,38.69918699186992,Needs Attention
"Avery Removable Labels, Adjustable",442.08000000000004,40.28,64,9.11147303655447,Needs Attention
"Seth Thomas 16"" Steel Case Clock",441.72799999999995,28.257600000000004,19,6.397058823529413,Needs Attention
"Smead Round Labels, Laser Printer Compatible",440.68,80.8,75,18.33529999092312,Needs Attention
Micro Innovations USB RF Wireless Keyboard with Mouse,440.0,84.5,18,19.204545454545453,Needs Attention
"Epson Calculator, Durable",439.7085,-66.8415,15,-15.201320875079738,Needs Attention
"Harbour Creations Shipping Labels, Adjustable",439.6704,26.7104,60,6.075096253921119,Needs Attention
"Smead File Folder Labels, Adjustable",438.9146,65.7646,80,14.983461475193579,Needs Attention
"Deflect-o SuperTray Unbreakable Stackable Tray, Letter, Black",437.70000000000005,138.3132,18,31.599999999999994,Needs Attention
Prismacolor Color Pencil Set,436.48,155.5456,24,35.63636363636364,Needs Attention
Fellowes Basic Home/Office Series Surge Protectors,436.128,58.28020000000001,41,13.36309523809524,Needs Attention
"Floodlight Indoor Halogen Bulbs, 1 Bulb per Pack, 60 Watts",434.56,197.104,24,45.35714285714286,Needs Attention
"GBC Prepunched Paper, 19-Hole, for Binding Systems, 24-lb",433.789,125.7838,38,28.996539792387544,Needs Attention
"Stiletto Ruler, Steel",433.4932,105.1232,40,24.25025352185455,Needs Attention
Acco 6 Outlet Guardian Premium Surge Suppressor,432.432,60.424,35,13.973063973063974,Needs Attention
"Dixon Ticonderoga Core-Lock Colored Pencils, 48-Color Set",431.28999999999996,165.206,13,38.30508474576271,Needs Attention
"Hon File Folder Labels, Laser Printer Compatible",430.96320000000003,-26.8968,66,-6.241089726454602,Needs Attention
Advantus Rolling Storage Box,428.75,90.7235,27,21.16,Needs Attention
Cisco SPA525G2 IP Phone - Wireless,426.93,43.092,26,10.093457943925232,Needs Attention
O'Sullivan Cherrywood Estates Traditional Bookcase,424.90000000000003,27.193599999999996,6,6.399999999999999,Needs Attention
"Enermax Parchment Paper, Recycled",424.67699999999996,-70.083,46,-16.502659668406814,Needs Attention
"Advantus Thumb Tacks, Metal",424.096,28.776,38,6.785256168414698,Needs Attention
14-7/8 x 11 Blue Bar Computer Printout Paper,422.752,172.94400000000002,10,40.909090909090914,Needs Attention
Canvas Sectional Post Binders,422.63599999999997,59.0672,28,13.975903614457833,Needs Attention
Round Specialty Laser Printer Labels,421.008,162.0129,39,38.48214285714286,Needs Attention
"Perixx PERIBOARD-512B, Ergonomic Split Keyboard",419.88,29.391599999999997,12,6.999999999999999,Needs Attention
Motorla HX550 Universal Bluetooth Headset,419.23,122.60499999999999,15,29.245283018867923,Needs Attention
"Harbour Creations Round Labels, 5000 Label Set",419.0704,131.2104,71,31.309870608852354,Needs Attention
Xerox 1939,417.34,200.32319999999999,22,48.0,Needs Attention
"Novimex Legal Exhibit Labels, Alphabetical",417.088,76.518,51,18.34576875863127,Needs Attention
Xerox 19,415.132,159.547,15,38.43283582089552,Needs Attention
"Smead Shipping Labels, Laser Printer Compatible",413.5095,12.7495,47,3.083242343888109,Needs Attention
i.Sound Portable Power - 8000 mAh,413.322,-58.8189,9,-14.23076923076923,Needs Attention
"Advantus Staples, 12 Pack",411.66859999999997,-27.511400000000005,53,-6.68289978881071,Needs Attention
"Acco Flexible ACCOHIDE Square Ring Data Binder, Dark Blue, 11 1/2"" X 14"" 7/8""",410.004,111.2868,36,27.142857142857142,Needs Attention
Kensington 6 Outlet Guardian Standard Surge Protector,409.6,110.592,20,26.999999999999996,Needs Attention
Nu-Dell Executive Frame,409.536,98.97120000000001,39,24.16666666666667,Needs Attention
"Eaton Parchment Paper, Recycled",409.2942,103.2042,46,25.215163078294296,Needs Attention
"Ames Clasp Envelope, with clear poly window",407.94100000000003,-59.04899999999999,52,-14.474887299879146,Needs Attention
"OIC Paper Clips, Assorted Sizes",407.88,139.33,41,34.15955673237227,Needs Attention
"Advantus Push Pins, Bulk Pack",407.3589,66.2989,36,16.27530416053264,Needs Attention
"Wilson Jones Hole Reinforcements, Economy",407.3376,145.8876,119,35.81491126770521,Needs Attention
"Tennsco Lockers, Sand",407.012,56.2264,22,13.814432989690722,Needs Attention
"Safco Wire Cube Shelving System, For Use as 4 or 5 14"" Cubes, Black",406.784,14.301,13,3.515625,Needs Attention
"TOPS Carbonless Receipt Book, Four 2-3/4 x 7-1/4 Money Receipts per Page",406.464,178.704,25,43.96551724137932,Needs Attention
"Avery Hole Reinforcements, Clear",406.41450000000003,5.144499999999999,146,1.265825899420419,Needs Attention
Computer Printout Paper with Letter-Trim Perforations,405.95799999999997,169.2124,24,41.68224299065421,Needs Attention
"Boston Model 1800 Electric Pencil Sharpener, Gray",405.36,109.785,15,27.083333333333332,Needs Attention
"Cameo Clasp Envelope, Set of 50",404.809,56.299,55,13.907546521939976,Needs Attention
Model L Table or Wall-Mount Pencil Sharpener,402.976,92.10879999999999,24,22.857142857142854,Needs Attention
"Tennsco Lockers, Gray",402.816,-26.434800000000003,22,-6.562500000000002,Needs Attention
"Ames Clasp Envelope, Security-Tint",401.152,8.552000000000001,61,2.131860242501596,Needs Attention
"Atlantic Metals Mobile 2-Shelf Bookcases, Custom Colors",400.0268,-113.2606,3,-28.313253012048197,Needs Attention
"Harbour Creations Round Labels, Alphabetical",396.9594,75.8394,77,19.105077244675396,Needs Attention
Lexmark X 9575 Professional All-in-One Color Printer,396.0,190.08,4,48.00000000000001,Needs Attention
Griffin GC17055 Auxiliary Audio Cable,395.78,46.0544,27,11.636363636363638,Needs Attention
"Harbour Creations Shipping Labels, Laser Printer Compatible",393.8802,68.2402,51,17.325115606217324,Needs Attention
"Seth Thomas 12"" Clock w/ Goldtone Case",390.66,132.8244,17,34.0,Needs Attention
Ibico Standard Transparent Covers,390.576,104.81280000000001,34,26.83544303797468,Needs Attention
Boston 1799 Powerhouse Electric Pencil Sharpener,389.70000000000005,109.116,15,27.999999999999996,Needs Attention
Logitech Wireless Headset H600 Over-The-Head Design,386.90999999999997,133.269,10,34.44444444444445,Needs Attention
Fellowes Advanced Computer Series Surge Protectors,386.75399999999996,100.662,15,26.027397260273975,Needs Attention
"XtraLife ClearVue Slant-D Ring Binder, White, 3""",386.084,76.92320000000001,39,19.923954372623577,Needs Attention
Cisco Desktop Collaboration Experience DX650 IP Video Phone,385.8,130.2075,5,33.75,Needs Attention
OtterBox Commuter Series Case - Samsung Galaxy S4,384.846,-55.9776,18,-14.545454545454545,Needs Attention
"Harbour Creations File Folder Labels, 5000 Label Set",383.8608,90.7608,54,23.644196021057635,Needs Attention
"Logitech Wireless Boombox Speaker - portable - wireless, wired",383.04,148.96,4,38.88888888888889,Needs Attention
Memorex Micro Travel Drive 32 GB,379.704,129.9756,12,34.230769230769226,Needs Attention
"Avery File Folder Labels, 5000 Label Set",379.449,-6.770999999999996,50,-1.7844295280788711,Needs Attention
Eldon Advantage Foldable Chair Mats for Low Pile Carpets,379.4,-48.78,10,-12.85714285714286,Needs Attention
"Harbour Creations Round Labels, Laser Printer Compatible",378.0,72.36,63,19.142857142857142,Needs Attention
AT&T EL51110 DECT,377.97,109.6113,3,28.999999999999996,Needs Attention
"Executive Impressions 14""",377.91,166.2804,17,43.99999999999999,Needs Attention
Clear Mylar Reinforcing Strips,377.538,90.27269999999999,29,23.910891089108908,Needs Attention
Globe Weis Peel & Seel First Class Envelopes,375.73199999999997,164.862,30,43.87755102040817,Needs Attention
Tennsco Commercial Shelving,374.256,-48.6126,21,-12.98913043478261,Needs Attention
"Maxell Pro 80 Minute CD-R, 10/Pack",374.072,122.36,24,32.71028037383177,Needs Attention
"Memorex 25GB 6X Branded Blu-Ray Recordable Disc, 15/Pack",373.78,24.8054,26,6.636363636363636,Needs Attention
Acco Perma 3000 Stacking Storage Drawers,373.44399999999996,16.5742,21,4.438202247191012,Needs Attention
"Novimex File Folder Labels, 5000 Label Set",373.248,50.928,61,13.644547325102879,Needs Attention
Avery 505,372.96000000000004,165.76,28,44.444444444444436,Needs Attention
"Accos Push Pins, 12 Pack",372.60450000000003,50.1945,41,13.471254372934302,Needs Attention
"Smead Legal Exhibit Labels, Adjustable",371.43,56.459999999999994,53,15.20071076649705,Needs Attention
"OIC Staples, 12 Pack",370.847,10.427,45,2.811671659741079,Needs Attention
GBC Durable Plastic Covers,369.585,14.319,34,3.87434554973822,Needs Attention
36X48 HARDFLOOR CHAIRMAT,369.248,-40.4914,21,-10.965909090909092,Needs Attention
"Multi-Use Personal File Cart and Caster Set, Three Stacking Bins",368.45599999999996,93.15679999999999,11,25.28301886792453,Needs Attention
Lenovo 17-Key USB Numeric Keypad,367.092,22.4334,13,6.111111111111111,Needs Attention
Logitech Wireless Touch Keyboard K400,364.854,53.7285,15,14.726027397260275,Needs Attention
"Eldon Executive Woodline II Desk Accessories, Mahogany",361.87199999999996,50.008700000000005,17,13.819444444444448,Needs Attention
SanDisk Cruzer 32 GB USB Flash Drive,361.38,102.708,20,28.421052631578945,Needs Attention
KeyTronic 6101 Series - Keyboard - Black,360.712,127.06899999999999,10,35.22727272727273,Needs Attention
"Deflect-O Light Bulb, Durable",359.8092,66.3992,30,18.4540028437294,Needs Attention
Microsoft Arc Touch Mouse,359.70000000000005,91.124,7,25.33333333333333,Needs Attention
"Harbour Creations Shipping Labels, Alphabetical",358.328,80.588,39,22.490009153624612,Needs Attention
"Seth Thomas 14"" Putty-Colored Wall Clock",357.948,94.7682,13,26.475409836065573,Needs Attention
"Novimex Round Labels, Laser Printer Compatible",357.8289,130.3089,67,36.41653874239895,Needs Attention
Holmes Odor Grabber,357.616,67.774,30,18.951612903225808,Needs Attention
Imation 8gb Micro Traveldrive Usb 2.0 Flash Drive,357.0,23.25,25,6.512605042016808,Needs Attention
"Smead File Folder Labels, Alphabetical",356.236,53.716,46,15.078768007725216,Needs Attention
Kingston Digital DataTraveler 32GB USB 2.0,355.95,5.4239999999999995,22,1.5238095238095237,Needs Attention
"OIC Clamps, Assorted Sizes",354.73199999999997,-2.4480000000000004,31,-0.690098440512838,Needs Attention
Aluminum Screw Posts,354.032,41.202,41,11.637931034482758,Needs Attention
Pizazz Global Quick File,353.29200000000003,94.6104,24,26.779661016949152,Needs Attention
"Accos Thumb Tacks, Metal",352.36,25.53,32,7.245430809399478,Needs Attention
Xerox 1929,351.736,154.39839999999998,16,43.896103896103895,Needs Attention
I.R.I.S IRISCard Anywhere 5 Card Scanner,350.973,152.0883,3,43.333333333333336,Needs Attention
Imation 8GB Mini TravelDrive USB 2.0 Flash Drive,350.20399999999995,8.7551,13,2.5000000000000004,Needs Attention
Eldon Gobal File Keepers,348.22,-0.605599999999999,24,-0.17391304347826056,Needs Attention
"SimpliFile Personal File, Black Granite, 15w x 6-15/16d x 11-1/4h",347.31,85.806,32,24.705882352941174,Needs Attention
"Executive Impressions 14"" Contract Wall Clock",346.788,93.5883,17,26.987179487179485,Needs Attention
Trimflex Flexible Post Binders,346.356,112.8864,21,32.59259259259259,Needs Attention
Sterilite Officeware Hinged File Box,345.84000000000003,78.076,35,22.57575757575757,Needs Attention
"Advantus Staples, Assorted Sizes",345.8345,59.9045,50,17.3217246977962,Needs Attention
Eldon Simplefile Box Office,345.832,77.128,30,22.302158273381295,Needs Attention
"GlobeWeis Clasp Envelope, Recycled",344.81,48.589999999999996,53,14.091818682752818,Needs Attention
2300 Heavy-Duty Transfer File Systems by Perma,344.724,20.9832,16,6.086956521739131,Needs Attention
Fellowes Mighty 8 Compact Surge Protector,344.59000000000003,67.2964,19,19.52941176470588,Needs Attention
Eldon Cleatmat Chair Mats for Medium Pile Carpets,344.1,-42.18000000000001,8,-12.258064516129034,Needs Attention
"Harbour Creations File Folder Labels, Adjustable",343.43399999999997,-15.966,66,-4.648928178339943,Needs Attention
"Acco Six-Outlet Power Strip, 4' Cord Length",343.076,81.5452,41,23.768844221105525,Needs Attention
GBC VeloBind Cover Sets,342.768,18.527999999999995,42,5.405405405405404,Needs Attention
Tops Green Bar Computer Printout Paper,342.58,171.29,7,50.0,Needs Attention
Boston 19500 Mighty Mite Electric Pencil Sharpener,342.55,92.4885,17,27.0,Needs Attention
"Fiskars Ruler, Steel",342.062,8.912000000000003,34,2.605375633657057,Needs Attention
"Kraft Clasp Envelope, Security-Tint",342.0,12.5,34,3.654970760233918,Needs Attention
"Brother MFC-9340CDW LED All-In-One Printer, Copier Scanner",341.991,-319.1916,3,-93.33333333333333,Needs Attention
Classic Ivory Antique Telephone ZL1810,341.666,40.196,4,11.76470588235294,Needs Attention
Letter Size File,341.41999999999996,59.55,10,17.441860465116278,Needs Attention
Anker 36W 4-Port USB Wall Charger Travel Power Adapter for iPhone 5s 5c 5,339.83,23.1884,22,6.8235294117647065,Needs Attention
Luxo Economy Swing Arm Lamp,338.98,94.9144,17,27.999999999999996,Needs Attention
"Tenex File Box, Personal Filing Tote with Lid, Black",338.118,62.660399999999996,24,18.532110091743117,Needs Attention
"Smead File Folder Labels, Laser Printer Compatible",337.82480000000004,-25.1252,52,-7.437346222065401,Needs Attention
"White Business Envelopes with Contemporary Seam, Recycled White Business Envelopes",336.952,150.972,34,44.80519480519481,Needs Attention
Wasp CCD Handheld Bar Code Reader,336.51,44.868,3,13.333333333333334,Needs Attention
"BlueLounge Milo Smartphone Stand, White/Metallic",335.888,76.7744,12,22.857142857142858,Needs Attention
"Square Ring Data Binders, Rigid 75 Pt. Covers, 11"" x 14-7/8""",334.368,98.2464,22,29.38271604938271,Needs Attention
Xerox 226,334.368,155.7792,53,46.58914728682171,Needs Attention
"Contract Clock, 14"", Brown",334.096,29.4532,21,8.81578947368421,Needs Attention
Holmes 99% HEPA Air Purifier,333.564,86.8566,17,26.03896103896104,Needs Attention
Eldon Econocleat Chair Mats for Low Pile Carpets,331.76,39.8112,8,12.0,Needs Attention
Bulldog Vacuum Base Pencil Sharpener,330.924,59.5903,31,18.007246376811594,Needs Attention
SanDisk Ultra 16 GB MicroSDHC Class 10 Memory Card,329.946,-48.5826,31,-14.724409448818895,Needs Attention
Xerox 1979,328.38800000000003,140.959,11,42.92452830188679,Needs Attention
"Smead Removable Labels, Laser Printer Compatible",326.456,46.386,43,14.208959247187982,Needs Attention
"Avery Round Labels, Laser Printer Compatible",326.0838,50.8038,62,15.579982814233642,Needs Attention
"Smead Shipping Labels, Adjustable",325.876,20.056,45,6.154488210239478,Needs Attention
Multimedia Mailers,325.86,149.8956,2,46.0,Needs Attention
KeyTronic E03601U1 - Keyboard - Beige,324.0,58.32,18,18.0,Needs Attention
RCA ViSYS 25425RE1 Corded phone,323.976,36.4473,3,11.249999999999998,Needs Attention
Sauder Cornerstone Collection Library,322.192,-81.16760000000001,14,-25.192307692307693,Needs Attention
Kensington K72356US Mouse-in-a-Box USB Desktop Mouse,321.846,106.17599999999999,20,32.98969072164948,Needs Attention
Personal Creations Ink Jet Cards and Labels,321.44,157.50560000000002,28,49.00000000000001,Needs Attention
"White Envelopes, White Envelopes with Clear Poly Window",320.25,139.07999999999998,22,43.42857142857142,Needs Attention
Konica Minolta magicolor 1690MF Multifunction Printer,319.92,118.3704,8,37.0,Needs Attention
X-Rack File for Hanging Folders,318.378,67.74,30,21.27659574468085,Needs Attention
"Rogers Jumbo File, Granite",317.77200000000005,-4.8888,24,-1.538461538461538,Needs Attention
"Harbour Creations File Folder Labels, Alphabetical",317.604,47.284,50,14.887721817105579,Needs Attention
"Ames Clasp Envelope, Set of 50",317.232,109.302,53,34.454909971251325,Needs Attention
"Seth Thomas 13 1/2"" Wall Clock",316.48400000000004,71.12,20,22.47191011235955,Needs Attention
"Executive Impressions 13"" Clairmont Wall Clock",315.372,88.458,20,28.048780487804876,Needs Attention
"Avery Trapezoid Extra Heavy Duty 4"" Binders",314.55,-3.552713678800501e-15,15,-1.129459125353839e-15,Needs Attention
"Hon Removable Labels, 5000 Label Set",312.759,33.259,41,10.634066485696653,Needs Attention
"GBC Pre-Punched Binding Paper, Plastic, White, 8-1/2"" x 11""",310.206,52.447199999999995,31,16.907216494845358,Needs Attention
"Hon Round Labels, Alphabetical",309.96000000000004,71.78999999999999,55,23.161053039101816,Needs Attention
"Executive Impressions 14"" Two-Color Numerals Wall Clock",308.99199999999996,94.51520000000001,16,30.588235294117656,Needs Attention
Recycled Easel Ring Binders,308.844,21.633999999999997,35,7.004830917874395,Needs Attention
Fiskars Softgrip Scissors,307.44,86.0832,28,28.000000000000004,Needs Attention
Acme Box Cutter Scissors,306.9,72.2238,31,23.533333333333335,Needs Attention
3M Replacement Filter for Office Air Cleaner for 20' x 33' Room,303.36,-20.476799999999997,14,-6.749999999999999,Needs Attention
"Smead Removable Labels, 5000 Label Set",302.365,37.325,45,12.344352024870604,Needs Attention
Eldon Fold 'N Roll Cart System,301.968,63.7488,24,21.11111111111111,Needs Attention
Eldon Shelf Savers Cubes and Bins,300.14,-7.678,45,-2.558139534883721,Needs Attention
Lexmark S315 Color Inkjet Printer,299.97,34.996500000000005,5,11.666666666666666,Needs Attention
Tensor Track Tree Floor Lamp,299.85,38.180899999999994,17,12.73333333333333,Needs Attention
Honeywell Enviracaire Portable Air Cleaner for up to 8 x 10 Room,299.20799999999997,-177.22320000000002,9,-59.23076923076924,Needs Attention
Memorex Micro Travel Drive 8 GB,299.0,113.1,26,37.826086956521735,Needs Attention
Coloredge Poster Frame,298.2,116.298,21,39.0,Needs Attention
Boston Home & Office Model 2000 Electric Pencil Sharpeners,297.99,70.47699999999999,13,23.65079365079365,Needs Attention
Maxell DVD-RAM Discs,296.64,127.5552,18,43.0,Needs Attention
"Vinyl Coated Wire Paper Clips in Organizer Box, 800/Box",296.18399999999997,119.7364,29,40.4263565891473,Needs Attention
Xerox 1933,294.71999999999997,138.5184,24,47.00000000000001,Needs Attention
Stanley Contemporary Battery Pencil Sharpeners,293.7,63.012,24,21.454545454545457,Needs Attention
Micropad Numeric Keypads,291.854,66.9665,15,22.945205479452056,Needs Attention
"Accos Staples, Bulk Pack",291.489,17.269000000000002,45,5.9244088113102045,Needs Attention
"DAX Contemporary Wood Frame with Silver Metal Mat, Desktop, 11 x 14 Size",291.45599999999996,97.152,15,33.333333333333336,Needs Attention
"Avery Round Labels, Alphabetical",291.392,47.112,52,16.16791126729629,Needs Attention
Acco 6 Outlet Guardian Premium Plus Surge Suppressor,289.456,-113.76719999999999,31,-39.303797468354425,Needs Attention
Peel-Off China Markers,287.97,109.4286,31,37.99999999999999,Needs Attention
"Acco Data Flex Cable Posts For Top & Bottom Load Binders, 6"" Capacity",287.868,64.1445,39,22.282608695652172,Needs Attention
"#10- 4 1/8"" x 9 1/2"" Recycled Envelopes",286.672,115.28059999999999,37,40.21341463414633,Needs Attention
OtterBox Commuter Series Case - iPhone 5 & 5s,285.87,102.91319999999999,16,35.99999999999999,Needs Attention
"Fellowes Personal Hanging Folder Files, Navy",284.716,52.6456,24,18.49056603773585,Needs Attention
Embossed Ink Jet Note Cards,284.382,108.336,15,38.095238095238095,Needs Attention
"Iris 3-Drawer Stacking Bin, Black",284.104,-43.4512,16,-15.294117647058824,Needs Attention
"Novimex File Folder Labels, Adjustable",283.72,61.39,61,21.63752995911462,Needs Attention
"REDIFORM Incoming/Outgoing Call Register, 11"" X 8 1/2"", 100 Messages",281.892,127.602,37,45.26627218934912,Needs Attention
Lunatik TT5L-002 Taktik Strike Impact Protection System for iPhone 5,281.658,6.123000000000001,6,2.173913043478261,Needs Attention
Xerox 1898,280.56,120.7744,46,43.047619047619044,Needs Attention
Memorex Mini Travel Drive 32 GB USB 2.0 Flash Drive,280.0,109.19999999999999,14,38.99999999999999,Needs Attention
"Epson WorkForce WF-2530 All-in-One Printer, Copier Scanner",279.96,120.3828,4,43.00000000000001,Needs Attention
Macally Suction Cup Mount,279.63,-31.07,26,-11.111111111111112,Needs Attention
Westinghouse Clip-On Gooseneck Lamps,279.558,44.1936,38,15.808383233532936,Needs Attention
"Jiffy Clasp Envelope, Security-Tint",279.552,-17.788,35,-6.363038003663004,Needs Attention
Acme Forged Steel Scissors with Black Enamel Handles,279.3,67.7768,32,24.266666666666666,Needs Attention
"Tenex Personal Filing Tote With Secure Closure Lid, Black/Frost",279.18,23.265,22,8.333333333333332,Needs Attention
Storex Dura Pro Binders,278.586,50.5494,71,18.144989339019187,Needs Attention
Belkin 8-Outlet Premiere SurgeMaster II Surge Protectors,277.92,83.376,4,30.0,Needs Attention
"Avery Address/Shipping Labels for Typewriters, 4"" x 2""",277.38,126.684,28,45.67164179104478,Needs Attention
Large Capacity Hanging Post Binders,276.945,-19.461000000000002,22,-7.027027027027027,Needs Attention
"Smead Round Labels, 5000 Label Set",276.8256,-23.8544,51,-8.617122115873675,Needs Attention
"Neat Ideas Personal Hanging Folder Files, Black",276.658,58.0176,22,20.97087378640777,Needs Attention
HP Standard 104 key PS/2 Keyboard,275.5,58.0,20,21.052631578947366,Needs Attention
Stanley Bostitch Contemporary Electric Pencil Sharpeners,275.076,42.7896,19,15.555555555555554,Needs Attention
Seidio BD2-HK3IPH5-BK DILEX Case and Holster Combo for Apple iPhone 5/5s - Black,272.88800000000003,27.288800000000002,11,10.0,Needs Attention
Fellowes Binding Cases,271.44,71.955,31,26.50862068965517,Needs Attention
Advantus Panel Wall Certificate Holder - 8.5x11,270.84,108.092,23,39.90990990990991,Needs Attention
Adjustable Personal File Tote,270.24800000000005,53.3984,18,19.75903614457831,Needs Attention
Plastic Binding Combs,269.66999999999996,84.99149999999999,23,31.516853932584272,Needs Attention
"GBC Twin Loop Wire Binding Elements, 9/16"" Spine, Black",269.394,-2.2830000000000013,35,-0.8474576271186446,Needs Attention
"GBC White Gloss Covers, Plain Front",269.328,31.421600000000005,31,11.66666666666667,Needs Attention
"Xerox Memo Slips, Multicolor",268.671,-8.599000000000002,20,-3.2005687253183273,Needs Attention
"Recycled Desk Saver Line ""While You Were Out"" Book, 5 1/2"" X 4""",268.5,123.51,30,46.0,Needs Attention
Xerox 1938,268.24,93.884,7,35.0,Needs Attention
Eldon Wave Desk Accessories,266.73,98.9996,61,37.11603494170134,Needs Attention
Avery 475,266.4,133.2,18,50.0,Needs Attention
Belkin F9S820V06 8 Outlet Surge,266.33599999999996,-120.17599999999999,17,-45.1219512195122,Needs Attention
"Avery Round Labels, 5000 Label Set",266.311,-6.2890000000000015,48,-2.3615246835466808,Needs Attention
Belkin Standard 104 key USB Keyboard,265.538,5.1065,21,1.923076923076923,Needs Attention
Ultra Door Pull Handle,265.104,74.7972,27,28.21428571428572,Needs Attention
Maxell 4.7GB DVD+RW 3/Pack,264.438,88.4115,17,33.43373493975904,Needs Attention
"Smead Color Coded Labels, Adjustable",264.187,18.817,35,7.122606335663753,Needs Attention
"Avery File Folder Labels, Adjustable",264.186,100.546,48,38.058791911759144,Needs Attention
"Peel & Seel Recycled Catalog Envelopes, Brown",264.024,113.48400000000001,26,42.982456140350884,Needs Attention
Newell 324,263.34,72.072,23,27.368421052631582,Needs Attention
"Southworth 100% Résumé Paper, 24lb.",262.964,113.199,35,43.047337278106504,Needs Attention
"Jiffy Clasp Envelope, Recycled",262.788,26.078,52,9.92358859613072,Needs Attention
"Eldon Expressions Desk Accessory, Wood Photo Frame, Mahogany",262.752,-7.616000000000003,20,-2.898550724637682,Needs Attention
"Kraft Clasp Envelope, Recycled",262.73,57.5,46,21.885585962775473,Needs Attention
File Shuttle I and Handi-File,262.668,51.42059999999999,13,19.576271186440675,Needs Attention
Belkin 6 Outlet Metallic Surge Strip,262.449,28.7496,29,10.95435684647303,Needs Attention
"LF Elite 3D Dazzle Designer Hard Case Cover, Lf Stylus Pen and Wiper For Apple Iphone 5c Mini Lite",261.6,41.856,28,16.0,Needs Attention
Hand-Finished Solid Wood Document Frame,260.14799999999997,68.46000000000001,8,26.315789473684216,Needs Attention
3M Office Air Cleaner,259.8,90.93,10,35.0,Needs Attention
Desktop 3-Pocket Hot File,259.68,59.510000000000005,5,22.916666666666668,Needs Attention
"Recycled Interoffice Envelopes with String and Button Closure, 10 x 13",259.092,115.152,12,44.44444444444445,Needs Attention
"GBC Standard Recycled Report Covers, Clear Plastic Sheets",258.72,-27.1656,51,-10.5,Needs Attention
"Executive Impressions 10"" Spectator Wall Clock",258.72,87.9648,22,34.0,Needs Attention
Avery Legal 4-Ring Binder,258.054,90.214,16,34.959349593495936,Needs Attention
"Avery Round Labels, Adjustable",258.0144,-7.905600000000001,65,-3.0640150317191597,Needs Attention
Mediabridge Sport Armband iPhone 5s,257.742,-38.961,30,-15.11627906976744,Needs Attention
GBC Poly Designer Binding Covers,256.122,102.44879999999999,18,40.0,Needs Attention
Berol Giant Pencil Sharpener,254.85,49.780699999999996,17,19.53333333333333,Needs Attention
"Hon File Folder Labels, Adjustable",254.842,42.542,53,16.693480666452153,Needs Attention
"Executive Impressions 13"" Chairman Wall Clock",253.8,72.333,11,28.499999999999996,Needs Attention
"Linden 10"" Round Wall Clock, Black",253.648,41.8672,21,16.50602409638554,Needs Attention
Apple EarPods with Remote and Mic,251.91,50.382000000000005,10,20.0,Needs Attention
Magnifier Swing Arm Lamp,251.76,65.4576,12,26.0,Needs Attention
Sony 32GB Class 10 Micro SDHC R40 Memory Card,251.4,52.794,12,21.0,Needs Attention
Hanging Personal Folder File,251.2,51.025,17,20.3125,Needs Attention
Sony Micro Vault Click 4 GB USB 2.0 Flash Drive,250.92,35.1288,18,14.000000000000002,Needs Attention
"Hon Round Labels, Adjustable",250.7088,55.64880000000001,68,22.196588233041684,Needs Attention
"Novimex Round Labels, Alphabetical",250.502,51.172000000000004,63,20.427781015720434,Needs Attention
Avery 473,248.4,119.232,24,48.0,Needs Attention
Belkin OmniView SE Rackmount Kit,248.35999999999999,0.0,7,0.0,Needs Attention
"Verbatim 25 GB 6x Blu-ray Single Layer Recordable Disc, 25/Pack",248.29199999999997,91.0404,12,36.66666666666668,Needs Attention
Nu-Dell Leatherette Frames,246.64800000000002,81.4512,18,33.02325581395348,Needs Attention
"Wirebound Message Books, Four 2 3/4"" x 5"" Forms per Page, 600 Sets per Book",246.582,109.01520000000001,28,44.21052631578948,Needs Attention
Strathmore Photo Mount Cards,245.436,106.3104,38,43.31491712707182,Needs Attention
SAFCO Optional Arm Kit for Workspace Cribbage Stacking Chair,245.088,14.9184,12,6.086956521739131,Needs Attention
Xerox 1890,244.7,122.35,5,50.0,Needs Attention
Brown Kraft Recycled Envelopes,244.512,117.16199999999999,15,47.916666666666664,Needs Attention
Aluminum Document Frame,244.39999999999998,56.211999999999996,22,23.0,Needs Attention
Fellowes Advanced 8 Outlet Surge Suppressor with Phone/Fax Protection,244.288,41.64,10,17.045454545454543,Needs Attention
GBC Imprintable Covers,241.56,39.967200000000005,36,16.545454545454547,Needs Attention
Quality Park Security Envelopes,240.764,88.19290000000001,11,36.630434782608695,Needs Attention
RCA H5401RE1 DECT 6.0 4-Line Cordless Handset With Caller ID/Call Waiting,239.97,2.3997,3,1.0,Needs Attention
Logitech M510 Wireless Mouse,239.94,52.3869,7,21.833333333333332,Needs Attention
"Belkin SportFit Armband For iPhone 5s/5c, Fuchsia",239.84,79.2971,21,33.0625,Needs Attention
Holmes HEPA Air Purifier,239.58,41.382000000000005,14,17.272727272727273,Needs Attention
"Avery Flip-Chart Easel Binder, Black",239.466,37.8222,17,15.794392523364486,Needs Attention
Xerox 216,238.464,96.9408,42,40.65217391304348,Needs Attention
Wilson Jones Leather-Like Binders with DublLock Round Rings,238.329,25.491600000000002,46,10.695970695970697,Needs Attention
Xerox 1982,237.536,89.5328,12,37.69230769230769,Needs Attention
Martin-Yale Premier Letter Opener,236.99200000000002,-12.879999999999999,20,-5.434782608695651,Needs Attention
Recycled Eldon Regeneration Jumbo File,235.77599999999998,58.944,20,25.000000000000007,Needs Attention
Avery 50,235.564,102.74600000000001,20,43.61702127659575,Needs Attention
Acco D-Ring Binder w/DublLock,235.18,-102.8378,31,-43.72727272727273,Needs Attention
DAX Two-Tone Silver Metal Document Frame,234.784,84.8056,13,36.12068965517242,Needs Attention
Newell 312,234.768,34.456,49,14.676616915422889,Needs Attention
Spigen Samsung Galaxy S5 Case Wallet,234.462,45.873,15,19.565217391304348,Needs Attention
Panasonic KP-4ABK Battery-Operated Pencil Sharpener,234.24,67.92960000000001,16,29.000000000000004,Needs Attention
"Xerox Parchment Paper, Recycled",233.4163,9.296299999999999,24,3.982712432679294,Needs Attention
"Maxell 74 Minute CDR, 10/Pack",232.764,72.5676,26,31.176470588235293,Needs Attention
Petty Cash Envelope,231.856,94.36,10,40.69767441860465,Needs Attention
"Tenex Personal Self-Stacking Standard File Box, Black/Gray",229.976,44.811499999999995,15,19.485294117647058,Needs Attention
Black & Decker Filter for Double Action Dustbuster Cordless Vac BLDV7210,229.886,53.696,28,23.357664233576642,Needs Attention
Dixon Ticonderoga Core-Lock Colored Pencils,229.572,58.6684,28,25.555555555555554,Needs Attention
Advantus Motivational Note Cards,227.94,94.32,20,41.37931034482759,Needs Attention
"Adams Phone Message Book, 200 Message Capacity, 8 1/16 x 11",227.04,104.4384,33,46.0,Needs Attention
Iris Project Case,225.036,47.88,30,21.27659574468085,Needs Attention
Advantus Plastic Paper Clips,225.0,102.8,47,45.68888888888889,Needs Attention
Cisco 8961 IP Phone Charcoal,224.937,-164.9538,3,-73.33333333333333,Needs Attention
Portable Personal File Box,224.66400000000002,55.3113,19,24.619565217391305,Needs Attention
iOttie XL Car Mount,223.88799999999998,-50.3748,14,-22.500000000000004,Needs Attention
"Novimex Legal Exhibit Labels, Adjustable",223.5348,-31.4852,40,-14.08514468440708,Needs Attention
"Adams Telephone Message Book w/Frequently-Called Numbers Space, 400 Messages per Book",223.44,111.72,28,50.0,Needs Attention
"Avery Hi-Liter EverBold Pen Style Fluorescent Highlighters, 4/Pack",219.78,68.376,31,31.11111111111111,Needs Attention
"Letter/Legal File Tote with Clear Snap-On Lid, Black Granite",218.416,52.0344,14,23.823529411764703,Needs Attention
"Wirebound Message Books, Four 2 3/4 x 5 White Forms per Page",218.094,95.2656,34,43.68098159509203,Needs Attention
Avery Non-Stick Binders,217.316,43.553,71,20.041322314049587,Needs Attention
"Fiskars 8"" Scissors, 2/Pack",217.224,45.8584,14,21.111111111111114,Needs Attention
ARKON Windshield Dashboard Air Vent Car Mount Holder,216.95999999999998,-15.594000000000001,14,-7.187500000000001,Needs Attention
3M Polarizing Light Filter Sleeves,216.34,75.346,14,34.827586206896555,Needs Attention
"DAX Two-Tone Rosewood/Black Document Frame, Desktop, 5 x 7",216.144,73.944,25,34.21052631578947,Needs Attention
iOttie HLCRIO102 Car Mount,215.892,-11.994,12,-5.555555555555555,Needs Attention
Xerox 214,215.13600000000002,90.46079999999999,37,42.04819277108433,Needs Attention
DXL Angle-View Binders with Locking Rings by Samsill,215.109,66.6915,35,31.00358422939068,Needs Attention
Cisco SPA 501G IP Phone,213.48,16.011,3,7.5,Needs Attention
Xerox 188,213.192,97.524,20,45.744680851063826,Needs Attention
GBC Wire Binding Strips,212.658,-18.409200000000002,14,-8.65671641791045,Needs Attention
Wilson Jones Turn Tabs Binder Tool for Ring Binders,212.08,58.5148,59,27.590909090909086,Needs Attention
"Smead Round Labels, Alphabetical",211.6128,7.792800000000001,43,3.6825749671097405,Needs Attention
Standard Line While You Were Out Hardbound Telephone Message Book,211.00799999999998,80.4468,11,38.125,Needs Attention
"Novimex Round Labels, Adjustable",210.94639999999998,35.6564,67,16.90306163082186,Needs Attention
"Seth Thomas 8 1/2"" Cubicle Clock",210.912,59.217600000000004,11,28.076923076923077,Needs Attention
Xerox 1931,209.952,88.6464,36,42.22222222222222,Needs Attention
"Sanford Prismacolor Professional Thick Lead Art Pencils, 36-Color Set",209.664,49.7952,7,23.75,Needs Attention
SANFORD Major Accent Highlighters,209.56799999999998,77.88,30,37.16216216216217,Needs Attention
Cardinal EasyOpen D-Ring Binders,209.306,26.506000000000004,40,12.663755458515286,Needs Attention
Ibico Plastic and Wire Spiral Binding Combs,208.221,21.5808,41,10.364372469635628,Needs Attention
Acco Perma 2700 Stacking Storage Drawers,208.18,5.948,8,2.857142857142857,Needs Attention
Logitech LS21 Speaker System - PC Multimedia - 2.1-CH - Wired,207.896,62.7686,11,30.192307692307697,Needs Attention
GBC Linen Binding Covers,207.566,-82.4068,18,-39.701492537313435,Needs Attention
Global Enterprise Series Seating Low-Back Swivel/Tilt Chairs,207.184,25.898,1,12.5,Needs Attention
Epson Perfection V600 Photo Scanner,206.991,-172.4925,3,-83.33333333333333,Needs Attention
JM Magazine Binder,204.72400000000002,50.190400000000004,18,24.516129032258064,Needs Attention
Texas Instruments TI-34 Scientific Calculator,204.507,64.6506,12,31.61290322580645,Needs Attention
"Holmes Replacement Filter for HEPA Air Cleaner, Medium Room",203.94,87.6942,18,43.0,Needs Attention
Kingston Digital DataTraveler 64GB USB 2.0,202.68,16.2144,6,8.0,Needs Attention
"Avery File Folder Labels, Laser Printer Compatible",201.5824,61.0924,30,30.30641563946059,Needs Attention
Pyle PRT45 Retro Home Telephone,201.568,22.6764,4,11.25,Needs Attention
Fellowes Desktop Hanging File Manager,201.45000000000002,50.362500000000004,15,25.0,Needs Attention
Xerox 1912,201.082,92.5736,11,46.0377358490566,Needs Attention
Southworth 25% Cotton Antique Laid Paper & Envelopes,200.16,80.898,26,40.416666666666664,Needs Attention
PayAnywhere Card Reader,199.8,17.4825,25,8.75,Needs Attention
Bionaire 99.97% HEPA Air Cleaner,199.728,17.52,16,8.771929824561402,Needs Attention
Laser & Ink Jet Business Envelopes,198.462,83.226,20,41.935483870967744,Needs Attention
Eldon 500 Class Desk Accessories,197.948,60.4707,17,30.548780487804876,Needs Attention
"Angle-D Binders with Locking Rings, Label Holders",197.82999999999998,35.332,42,17.85977859778598,Needs Attention
Panasonic KP-310 Heavy-Duty Electric Pencil Sharpener,197.82,59.346000000000004,9,30.000000000000004,Needs Attention
"Inter-Office Recycled Envelopes, Brown Kraft, Button-String,10"" x 13"" , 100/Box",197.82,81.326,10,41.11111111111111,Needs Attention
"Square Credit Card Reader, 4 1/2"" x 4 1/2"" x 1"", White",197.802,54.8451,27,27.727272727272727,Needs Attention
"Eureka Hand Vacuum, Bagless",197.72,55.3616,4,28.000000000000004,Needs Attention
"Alliance Super-Size Bands, Assorted Sizes",197.612,-10.3474,27,-5.236220472440945,Needs Attention
Avery Recycled Flexi-View Covers for Binding Systems,197.169,-69.5702,32,-35.28455284552845,Needs Attention
Xerox 225,196.99200000000002,85.7952,33,43.55263157894736,Needs Attention
"Rediform S.O.S. 1-Up Phone Message Bk, 4-1/4x3-1/16 Bk, 1 Form/Pg, 40 Messages/Bk, 3/Pk",196.98000000000002,94.5504,21,47.99999999999999,Needs Attention
Newell 309,196.35000000000002,34.65,20,17.64705882352941,Needs Attention
"DAX Executive Solid Wood Document Frame, Desktop or Hang, Mahogany, 5 x 7",196.248,55.1004,17,28.076923076923077,Needs Attention
Acme Tagit Stainless Steel Antibacterial Scissors,196.02,37.026,22,18.88888888888889,Needs Attention
Acme Galleria Hot Forged Steel Scissors with Colored Handles,195.052,49.8641,13,25.56451612903226,Needs Attention
"Career Cubicle Clock, 8 1/4"", Black",194.68800000000002,68.952,10,35.416666666666664,Needs Attention
Memorex Mini Travel Drive 8 GB USB 2.0 Flash Drive,194.54399999999998,53.268,20,27.380952380952383,Needs Attention
Contemporary Wood/Metal Frame,193.92,4.847999999999998,18,2.499999999999999,Needs Attention
Project Tote Personal File,193.61399999999998,44.1945,15,22.826086956521742,Needs Attention
"Wilson Jones Clip & Carry Folder Binder Tool for Ring Binders, Clear",191.98,50.228,47,26.163141993957705,Needs Attention
Computer Printout Paper with Letter-Trim Fine Perforations,191.6,91.968,4,48.00000000000001,Needs Attention
Xerox 1895,191.36,82.82300000000001,33,43.28125,Needs Attention
Avery Premier Heavy-Duty Binder with Round Locking Rings,191.352,29.416800000000002,21,15.37313432835821,Needs Attention
Sony 16GB Class 10 Micro SDHC R40 Memory Card,190.77200000000002,5.155999999999999,16,2.7027027027027017,Needs Attention
"Harbour Creations Round Labels, Adjustable",190.092,52.572,47,27.65608231803548,Needs Attention
Gear Head AU3700S Headset,189.654,-11.9508,16,-6.301369863013698,Needs Attention
Speck Products Candyshell Flip Case,188.946,-18.1948,8,-9.62962962962963,Needs Attention
Xerox 209,187.92000000000002,90.2016,29,48.0,Needs Attention
White GlueTop Scratch Pads,186.49599999999998,72.7936,14,39.032258064516135,Needs Attention
"Wirebound Message Book, 4 per Page",184.62,87.69449999999999,35,47.49999999999999,Needs Attention
"Verbatim 25 GB 6x Blu-ray Single Layer Recordable Disc, 3/Pack",184.536,67.104,30,36.36363636363637,Needs Attention
GBC Wire Binding Combs,184.052,41.5668,26,22.58426966292135,Needs Attention
Ibico Covers for Plastic or Wire Binding Elements,184.0,57.5,20,31.25,Needs Attention
"Eldon Expressions Wood Desk Accessories, Oak",183.024,10.110600000000002,33,5.524193548387098,Needs Attention
Xerox 1955,182.72,59.384,10,32.5,Needs Attention
"Fellowes Twister Kit, Gray/Clear, 3/pkg",182.508,-3.2159999999999993,42,-1.7621145374449334,Needs Attention
Deluxe Chalkboard Eraser Cleaner,182.49,76.461,17,41.89873417721518,Needs Attention
"Speediset Carbonless Redi-Letter 7"" x 8 1/2""",181.456,77.63430000000001,19,42.784090909090914,Needs Attention
"Fellowes Smart Surge Ten-Outlet Protector, Platinum",180.66,50.5848,3,28.000000000000004,Needs Attention
"Perma STOR-ALL Hanging File Box, 13 1/8""W x 12 1/4""D x 10 1/2""H",180.596,16.8038,33,9.304635761589402,Needs Attention
"Tenex Traditional Chairmats for Hard Floors, Average Lip, 36"" x 48""",180.46,-46.403999999999996,4,-25.71428571428571,Needs Attention
"Eldon Image Series Desk Accessories, Ebony",180.31,55.821999999999996,18,30.958904109589035,Needs Attention
Okidata B401 Printer,179.991,-251.9874,3,-140.0,Needs Attention
Super Decoflex Portable Personal File,179.76,39.5472,13,22.0,Needs Attention
"Elite 5"" Scissors",179.14,37.18,24,20.754716981132077,Needs Attention
"Cardinal Slant-D Ring Binder, Heavy Gauge Vinyl",179.014,5.387800000000001,37,3.0097087378640786,Needs Attention
Xerox 1997,178.848,77.76,30,43.47826086956522,Needs Attention
Xerox 1892,178.296,79.458,5,44.56521739130435,Needs Attention
"Jiffy Clasp Envelope, Set of 50",177.8124,39.6624,33,22.305755954027955,Needs Attention
Personal File Boxes with Fold-Down Carry Handle,177.612,37.392,12,21.05263157894737,Needs Attention
Avery 490,177.6,81.4,13,45.833333333333336,Needs Attention
"Master Caster Door Stop, Brown",176.784,49.3776,38,27.93103448275862,Needs Attention
Heavy-Duty E-Z-D Binders,176.742,9.055299999999999,29,5.1234567901234565,Needs Attention
"Executive Impressions 12"" Wall Clock",176.70000000000002,23.3244,14,13.199999999999998,Needs Attention
Crate-A-Files,176.57999999999998,31.392,18,17.77777777777778,Needs Attention
Avery 499,176.292,68.72399999999999,40,38.983050847457626,Needs Attention
"#10-4 1/8"" x 9 1/2"" Premium Diagonal Seam Envelopes",176.288,63.747,13,36.160714285714285,Needs Attention
Xerox 1996,176.256,81.9072,28,46.470588235294116,Needs Attention
"DAX Value U-Channel Document Frames, Easel Back",175.938,52.4832,36,29.830508474576273,Needs Attention
Tenex Chairmats For Use With Carpeted Floors,175.78,8.789,11,5.0,Needs Attention
Griffin GC36547 PowerJolt SE Lightning Charger,175.422,17.992,10,10.256410256410257,Needs Attention
"Acco PRESSTEX Data Binder with Storage Hooks, Dark Blue, 14 7/8"" X 11""",175.388,73.8674,37,42.11656441717791,Needs Attention
Wilson Jones International Size A4 Ring Binders,174.73,12.802000000000008,18,7.3267326732673315,Needs Attention
Xerox 1978,174.556,74.33080000000001,34,42.58278145695365,Needs Attention
Logitech Keyboard K120,174.24,-19.602,12,-11.25,Needs Attention
Square Credit Card Reader,173.826,11.188799999999999,22,6.436781609195402,Needs Attention
BIC Liqua Brite Liner,173.5,53.576800000000006,27,30.880000000000003,Needs Attention
GBC Plastic Binding Combs,172.692,59.778000000000006,30,34.61538461538461,Needs Attention
"Adams Telephone Message Book W/Dividers/Space For Phone Numbers, 5 1/4""X8 1/2"", 200/Messages",172.672,72.70400000000001,32,42.10526315789474,Needs Attention
Lumber Crayons,171.39000000000001,55.357,19,32.29885057471264,Needs Attention
4009 Highlighters by Sanford,171.14,53.8096,44,31.441860465116285,Needs Attention
"DAX Copper Panel Document Frame, 5 x 7 Size",171.088,39.75279999999999,18,23.235294117647058,Needs Attention
Xerox 202,171.072,76.7232,28,44.84848484848485,Needs Attention
Boston 1730 StandUp Electric Pencil Sharpener,171.04,44.4704,8,26.0,Needs Attention
Avery Heavy-Duty EZD View Binder with Locking Rings,170.984,29.7308,41,17.388059701492537,Needs Attention
Logitech Illuminated Ultrathin Keyboard with Backlighting,170.97,70.0977,3,41.0,Needs Attention
Euro Pro Shark Stick Mini Vacuum,170.744,-325.6332,11,-190.7142857142857,Needs Attention
Nu-Dell Float Frame 11 x 14 1/2,170.62,56.0352,22,32.8421052631579,Needs Attention
Great White Multi-Use Recycled Paper (20Lb. and 84 Bright),169.832,64.584,32,38.02816901408451,Needs Attention
Xerox 1894,169.776,78.79679999999999,27,46.41221374045801,Needs Attention
Xerox 1973,169.01600000000002,70.3472,8,41.62162162162162,Needs Attention
Electrix 20W Halogen Replacement Bulb for Zoom-In Desk Lamp,168.84,78.256,13,46.34920634920635,Needs Attention
"DAX Charcoal/Nickel-Tone Document Frame, 5 x 7",168.744,48.821999999999996,23,28.932584269662918,Needs Attention
Hoover Commercial SteamVac,168.392,35.308,14,20.967741935483872,Needs Attention
Avery 486,168.13,75.1468,24,44.69565217391304,Needs Attention
"Westinghouse Floor Lamp with Metal Mesh Shade, Black",167.93,38.6239,7,23.0,Needs Attention
"Ames Clasp Envelope, Recycled",166.8,20.38,34,12.218225419664268,Needs Attention
Southworth 25% Cotton Linen-Finish Paper & Envelopes,166.704,67.044,20,40.21739130434782,Needs Attention
Acme Softgrip Scissors,166.056,33.1298,23,19.950980392156865,Needs Attention
Xerox 1968,165.664,75.35040000000001,26,45.48387096774194,Needs Attention
GBC Instant Report Kit,164.985,3.2350000000000008,50,1.9607843137254906,Needs Attention
Xerox 195,164.328,70.54079999999999,27,42.92682926829268,Needs Attention
Security-Tint Envelopes,163.496,73.8788,23,45.18691588785047,Needs Attention
"GE General Use Halogen Bulbs, 100 Watts, 1 Bulb per Pack",163.332,3.141000000000002,15,1.9230769230769242,Needs Attention
"DAX Metal Frame, Desktop, Stepped-Edge",161.92,26.1096,11,16.125,Needs Attention
"It's Hot Message Books with Stickers, 2 3/4"" x 5""",161.32,59.57,25,36.92660550458716,Needs Attention
"Eldon Expressions Wood and Plastic Desk Accessories, Cherry Wood",160.54000000000002,46.5566,23,28.999999999999996,Needs Attention
"Black Print Carbonless Snap-Off Rapid Letter, 8 1/2"" x 7""",160.336,65.1365,19,40.62499999999999,Needs Attention
RCA ViSYS 25423RE1 Corded phone,159.984,13.9986,2,8.75,Needs Attention
Acme Office Executive Series Stainless Steel Trimmers,159.402,26.2242,21,16.451612903225808,Needs Attention
Avery 489,159.39,73.278,16,45.974025974025984,Needs Attention
DAX Wood Document Frame.,159.268,7.6888000000000005,16,4.8275862068965525,Needs Attention
"Eldon 400 Class Desk Accessories, Black Carbon",159.25,47.6,22,29.89010989010989,Needs Attention
"Ultra Door Kickplate, 8""H x 34""W",158.24,27.692,10,17.5,Needs Attention
Belkin 7 Outlet SurgeMaster Surge Protector with Phone Protection,157.92,17.766,5,11.25,Needs Attention
GBC Personal VeloBind Strips,156.938,-11.261200000000002,27,-7.175572519083971,Needs Attention
Artistic Insta-Plaque,156.8,61.152,10,38.99999999999999,Needs Attention
Xerox 1936,155.844,60.5394,9,38.84615384615385,Needs Attention
"Eldon Expressions Punched Metal & Wood Desk Accessories, Black & Cherry",155.708,20.636,20,13.253012048192769,Needs Attention
Weyerhaeuser First Choice Laser/Copy Paper (20Lb. and 88 Bright),155.52,71.28,25,45.83333333333333,Needs Attention
"Eldon Stackable Tray, Side-Load, Legal, Smoke",155.38,52.8292,17,34.0,Needs Attention
Avery 503,155.25,74.52,15,48.0,Needs Attention
Xerox 1918,155.04,75.9696,4,49.00000000000001,Needs Attention
Imation 30456 USB Flash Drive 8GB,154.56,8.556,23,5.535714285714285,Needs Attention
"Master Caster Door Stop, Large Neon Orange",154.336,42.2968,27,27.405660377358487,Needs Attention
"Permanent Self-Adhesive File Folder Labels for Typewriters, 1 1/8 x 3 1/2, White",153.72,55.062000000000005,29,35.81967213114755,Needs Attention
Self-Adhesive Address Labels for Typewriters by Universal,153.51,64.4011,23,41.95238095238095,Needs Attention
"Message Book, Wirebound, Four 5 1/2"" X 4"" Forms/Pg., 200 Dupl. Sets/Book",152.144,54.0728,18,35.54054054054054,Needs Attention
"Master Big Foot Doorstop, Beige",152.064,42.768,30,28.125,Needs Attention
Nu-Dell Oak Frame,151.656,35.4576,16,23.380281690140844,Needs Attention
Xerox 217,151.632,67.392,25,44.44444444444444,Needs Attention
Southworth 100% Cotton The Best Paper,151.536,65.43599999999999,15,43.18181818181818,Needs Attention
"Holmes Replacement Filter for HEPA Air Cleaner, Large Room",151.062,47.9844,12,31.76470588235294,Needs Attention
"Verbatim 25 GB 6x Blu-ray Single Layer Recordable Disc, 10/Pack",150.67000000000002,41.955799999999996,14,27.846153846153843,Needs Attention
Xerox 205,150.336,69.4656,24,46.20689655172413,Needs Attention
Acco 6 Outlet Guardian Standard Surge Suppressor,149.916,22.971,15,15.32258064516129,Needs Attention
Xerox 1948,149.85000000000002,67.4325,15,44.99999999999999,Needs Attention
"Eldon Expressions Wood and Plastic Desk Accessories, Oak",149.70000000000002,41.916,15,27.999999999999996,Needs Attention
Sanford Liquid Accent Highlighters,149.632,48.6304,24,32.5,Needs Attention
Ultra Door Push Plate,149.264,37.4142,34,25.06578947368421,Needs Attention
KeyTronic KT400U2 - Keyboard - Black,148.03199999999998,24.672,15,16.666666666666668,Needs Attention
Anker Astro Mini 3000mAh Ultra-Compact Portable Charger,147.926,-31.984,9,-21.621621621621625,Needs Attention
Xerox 1993,147.744,68.4288,24,46.31578947368421,Needs Attention
Kensington 6 Outlet SmartSocket Surge Protector,147.528,-36.882000000000005,6,-25.000000000000007,Needs Attention
"Holmes Cool Mist Humidifier for the Whole House with 8-Gallon Output per Day, Extended Life Filter",147.26,48.754999999999995,9,33.108108108108105,Needs Attention
"ACCOHIDE 3-Ring Binder, Blue, 1""",147.028,50.7164,44,34.49438202247192,Needs Attention
"GBC Laser Imprintable Binding System Covers, Desert Sand",146.981,18.408299999999997,17,12.524271844660193,Needs Attention
"#10- 4 1/8"" x 9 1/2"" Security-Tint Envelopes",146.688,64.86359999999999,21,44.21874999999999,Needs Attention
Maxell 4.7GB DVD-RW 3/Pack,146.55599999999998,41.418,10,28.260869565217394,Needs Attention
Xerox 1905,146.448,68.94720000000001,23,47.07964601769912,Needs Attention
Tensor Brushed Steel Torchiere Floor Lamp,146.114,6.795999999999999,10,4.651162790697674,Needs Attention
Newell 315,145.912,33.787,25,23.15573770491803,Needs Attention
"Personal Folder Holder, Ebony",145.73000000000002,35.872,14,24.61538461538461,Needs Attention
"DAX Cubicle Frames, 8-1/2 x 11",145.69,52.4484,17,36.0,Needs Attention
Xerox 220,145.15200000000002,60.912,25,41.96428571428571,Needs Attention
Astroparche Fine Business Paper,144.672,65.0496,29,44.96350364963504,Needs Attention
Telescoping Adjustable Floor Lamp,143.928,-5.997000000000002,10,-4.166666666666668,Needs Attention
Xerox 203,143.856,62.985600000000005,24,43.78378378378379,Needs Attention
"Wilson Jones Hanging View Binder, White, 1""",143.42,55.238,23,38.51485148514852,Needs Attention
Avery Self-Adhesive Photo Pockets for Polaroid Photos,143.01,-2.1791999999999954,41,-1.5238095238095206,Needs Attention
Xerox 192,142.56,68.4288,22,48.0,Needs Attention
Flexible Leather- Look Classic Collection Ring Binder,142.05,18.94,13,13.333333333333334,Needs Attention
Ibico Recycled Grain-Textured Covers,141.614,3.4540000000000006,8,2.439024390243903,Needs Attention
Xerox 23,141.264,63.7632,23,45.13761467889908,Needs Attention
Xerox 212,141.264,57.024,25,40.366972477064216,Needs Attention
"Eberhard Faber 3 1/2"" Golf Pencils",139.872,28.272000000000002,20,20.212765957446805,Needs Attention
"OIC Colored Binder Clips, Assorted Sizes",139.62,59.2848,44,42.46153846153845,Needs Attention
"Advantus Push Pins, Aluminum Head",139.44,43.2264,24,31.0,Needs Attention
Xerox 4200 Series MultiUse Premium Copy Paper (20Lb. and 84 Bright),139.392,52.272,30,37.5,Needs Attention
Xerox 1903,138.736,65.54079999999999,24,47.241379310344826,Needs Attention
Xerox 1930,138.672,59.3568,24,42.80373831775701,Needs Attention
Things To Do Today Pad,138.532,59.1696,26,42.71186440677966,Needs Attention
50 Colored Long Pencils,138.176,32.9184,14,23.823529411764707,Needs Attention
"Eldon 200 Class Desk Accessories, Smoke",138.16,58.0272,22,42.00000000000001,Needs Attention
"Avery 3 1/2"" Diskette Storage Pages, 10/Pack",137.808,-14.407200000000003,27,-10.454545454545459,Needs Attention
Acco 3-Hole Punch,137.53199999999998,55.538399999999996,36,40.382165605095544,Needs Attention
Xerox 2,137.376,53.135999999999996,25,38.679245283018865,Needs Attention
GBC Binding covers,137.26999999999998,58.9225,11,42.9245283018868,Needs Attention
C-Line Cubicle Keepers Polyproplyene Holder With Velcro Backings,137.17000000000002,47.7257,31,34.79310344827586,Needs Attention
Avery 476,137.116,54.5986,37,39.81927710843373,Needs Attention
Riverleaf Stik-Withit Designer Note Cubes,136.816,55.33,15,40.44117647058824,Needs Attention
"Cardinal HOLDit! Binder Insert Strips,Extra Strips",136.728,4.367700000000002,41,3.1944444444444455,Needs Attention
"Barricks Non-Folding Utility Table with Steel Legs, Laminate Tops",136.464,15.3522,2,11.25,Needs Attention
"GBC Clear Cover, 8-1/2 x 11, unpunched, 25 covers per pack",136.44,13.644000000000002,15,10.000000000000002,Needs Attention
"C-Line Magnetic Cubicle Keepers, Clear Polypropylene",136.344,56.1184,28,41.15942028985508,Needs Attention
Xerox 1947,136.344,54.119,25,39.69298245614035,Needs Attention
Stiletto Hand Letter Openers,136.32,-21.984,17,-16.126760563380284,Needs Attention
Memorex Froggy Flash Drive 4 GB,136.276,42.4214,14,31.129032258064516,Needs Attention
"Smead Round Labels, Adjustable",136.112,15.032,39,11.043846244269426,Needs Attention
Avery Metallic Poly Binders,135.80100000000002,43.4334,31,31.983122362869192,Needs Attention
"Eldon 200 Class Desk Accessories, Burgundy",135.648,44.588,25,32.870370370370374,Needs Attention
Xerox 222,134.784,60.6528,22,45.0,Needs Attention
Wilson Jones Impact Binders,134.68,23.724400000000003,42,17.615384615384617,Needs Attention
Fellowes Presentation Covers for Comb Binding Machines,133.86,21.825000000000003,14,16.304347826086957,Needs Attention
Xerox 1959,133.6,60.6544,21,45.4,Needs Attention
Eldon 200 Class Desk Accessories,133.136,39.187200000000004,22,29.43396226415095,Needs Attention
OtterBox Defender Series Case - iPhone 5c,133.128,3.6979999999999995,5,2.7777777777777777,Needs Attention
"Adams Telephone Message Book W/Dividers/Space For Phone Numbers, 5 1/4""X8 1/2"", 300/Messages",132.888,60.9168,24,45.84070796460177,Needs Attention
Hewlett-Packard 300S Scientific Calculator,131.1,60.306,10,46.0,Needs Attention
"Acco Pressboard Covers with Storage Hooks, 14 7/8"" x 11"", Light Blue",131.097,18.4125,45,14.04494382022472,Needs Attention
Xerox 1977,130.928,61.455999999999996,20,46.93877551020408,Needs Attention
Universal Premium White Copier/Laser Paper (20Lb. and 87 Bright),129.168,55.9728,24,43.33333333333333,Needs Attention
Harmony HEPA Quiet Air Purifiers,128.7,37.44,12,29.09090909090909,Needs Attention
OIC Binder Clips,128.164,60.144,38,46.92737430167598,Needs Attention
Newell 325,128.03,29.736,34,23.225806451612904,Needs Attention
PowerGen Dual USB Car Charger,127.87200000000001,52.3476,14,40.93749999999999,Needs Attention
Newell 347,127.544,30.302400000000002,32,23.75838926174497,Needs Attention
Xerox 230,127.008,56.2464,21,44.28571428571429,Needs Attention
KLD Oscar II Style Snap-on Ultra Thin Side Flip Synthetic Leather Cover Case for HTC One HTC M7,126.36000000000001,36.644400000000005,13,28.999999999999996,Needs Attention
"Wirebound Service Call Books, 5 1/2"" x 4""",125.84,60.4032,13,48.0,Needs Attention
DAX Cubicle Frames - 8x10,125.786,20.772,26,16.513761467889907,Needs Attention
"Manila Recycled Extra-Heavyweight Clasp Envelopes, 6"" x 9""",125.172,52.3746,13,41.8421052631579,Needs Attention
Dell Slim USB Multimedia Keyboard,125.0,30.0,5,24.0,Needs Attention
"Ampad Phone Message Book, Recycled, 400 Message Capacity, 5 ¾ x 11",124.8,56.16,20,44.99999999999999,Needs Attention
Deflect-O Glasstique Clear Desk Accessories,124.74,37.037,17,29.69135802469136,Needs Attention
Xerox 1928,124.608,49.104,26,39.40677966101695,Needs Attention
"DXL Angle-View Binders with Locking Rings, Black",124.592,42.0498,26,33.75,Needs Attention
"6"" Cubicle Wall Clock, Black",124.586,26.211599999999997,19,21.038961038961038,Needs Attention
Panasonic KP-350BK Electric Pencil Sharpener with Auto Stop,124.488,26.2808,4,21.11111111111111,Needs Attention
Xerox 21,124.416,43.5456,24,35.0,Needs Attention
Avery Hi-Liter Smear-Safe Highlighters,123.80799999999999,34.105599999999995,24,27.547169811320753,Needs Attention
"BIC Brite Liner Highlighters, Chisel Tip",123.12,30.5856,21,24.842105263157894,Needs Attention
VariCap6 Expandable Binder,122.83,31.14,10,25.352112676056336,Needs Attention
Xerox 1907,122.8,57.716,10,47.0,Needs Attention
"Acco Four Pocket Poly Ring Binder with Label Holder, Smoke, 1""",122.18,7.450000000000001,28,6.097560975609757,Needs Attention
Xerox 1995,121.82400000000001,47.6928,22,39.148936170212764,Needs Attention
"Ink Jet Note and Greeting Cards, 8-1/2"" x 5-1/2"" Card Size",121.392,48.5568,6,40.0,Needs Attention
Avery 519,121.34599999999999,51.6086,18,42.53012048192772,Needs Attention
"Eldon Expressions Punched Metal & Wood Desk Accessories, Pewter & Cherry",121.296,21.7056,13,17.894736842105264,Needs Attention
Crayola Colored Pencils,120.704,32.8,40,27.173913043478258,Needs Attention
Xerox 227,120.528,46.3968,22,38.494623655913976,Needs Attention
Xerox 232,120.528,56.505599999999994,19,46.88172043010752,Needs Attention
"Wirebound Four 2-3/4 x 5 Forms per Page, 400 Sets per Book",119.97,47.601,22,39.67741935483871,Needs Attention
Cardinal Slant-D Ring Binders,119.922,46.057,17,38.40579710144928,Needs Attention
"Bush Saratoga Collection 5-Shelf Bookcase, Hanover Cherry, *Special Order",119.833,-12.6882,1,-10.588235294117647,Needs Attention
DAX Clear Channel Poster Frame,119.55600000000001,27.701999999999998,10,23.170731707317067,Needs Attention
Cyber Acoustics AC-202b Speech Recognition Stereo Headset,119.508,-20.5242,11,-17.17391304347826,Needs Attention
"Message Book, Phone, Wirebound Standard Line Memo, 2 3/4"" X 5""",119.21000000000001,52.007,19,43.62637362637362,Needs Attention
"BIC Brite Liner Grip Highlighters, Assorted, 5/Pack",118.72000000000001,43.7144,29,36.82142857142857,Needs Attention
Newell 314,118.296,17.856,24,15.09433962264151,Needs Attention
"Wilson Jones 1"" Hanging DublLock Ring Binders",117.744,-8.5536,46,-7.26457399103139,Needs Attention
"SlimView Poly Binder, 3/8""",117.586,5.697999999999999,40,4.845814977973567,Needs Attention
"Electrix Incandescent Magnifying Lamp, Black",117.28,-16.4925,5,-14.0625,Needs Attention
Strathmore Photo Frame Cards,116.96000000000001,53.8016,16,46.0,Needs Attention
Avery Hole Reinforcements,116.501,14.8274,32,12.727272727272728,Needs Attention
"Avery Durable Plastic 1"" Binders",116.224,37.5004,34,32.265625,Needs Attention
"Wirebound Message Books, Four 2 3/4 x 5 Forms per Page, 200 Sets per Book",115.434,47.223,26,40.909090909090914,Needs Attention
Avery Printable Repositionable Plastic Tabs,115.24000000000001,42.312000000000005,16,36.71641791044776,Needs Attention
Longer-Life Soft White Bulbs,115.192,44.7216,44,38.82352941176471,Needs Attention
Wilson Jones Active Use Binders,115.024,37.0552,21,32.21518987341772,Needs Attention
Xerox 1949,114.54,43.4256,28,37.913043478260875,Needs Attention
Xerox 1971,113.848,47.936,28,42.10526315789473,Needs Attention
Avery File Folder Labels,113.472,48.8448,44,43.045685279187815,Needs Attention
DAX Solid Wood Frames,113.332,33.3157,13,29.396551724137932,Needs Attention
Akro-Mils 12-Gallon Tote,113.202,21.548099999999998,13,19.035087719298243,Needs Attention
Pressboard Hanging Data Binders for Unburst Sheets,112.66799999999999,-10.135200000000001,48,-8.995633187772928,Needs Attention
Xerox 213,111.456,50.8032,18,45.581395348837205,Needs Attention
"Eldon Image Series Desk Accessories, Burgundy",111.18799999999999,28.2568,31,25.413533834586467,Needs Attention
"Dixon Prang Watercolor Pencils, 10-Color Set with Brush",110.75999999999999,42.8982,27,38.73076923076923,Needs Attention
SpineVue Locking Slant-D Ring Binders by Cardinal,110.59400000000001,6.032400000000001,22,5.454545454545455,Needs Attention
Avery Heavy-Duty EZD  Binder With Locking Rings,110.48400000000001,29.2392,28,26.464646464646464,Needs Attention
Self-Adhesive Removable Labels,110.25,52.919999999999995,35,47.99999999999999,Needs Attention
Xerox 201,110.16000000000001,46.1376,19,41.882352941176464,Needs Attention
Xerox 204,110.16,52.8768,17,48.00000000000001,Needs Attention
"Eureka Recycled Copy Paper 8 1/2"" x 11"", Ream",110.16,46.137600000000006,19,41.88235294117648,Needs Attention
"Rediform Wirebound ""Phone Memo"" Message Book, 11 x 5-3/4",110.016,43.7772,17,39.791666666666664,Needs Attention
Recycled Premium Regency Composition Covers,110.01599999999999,39.880799999999994,9,36.25,Needs Attention
Avery 516,109.64999999999999,51.5355,15,47.0,Needs Attention
"Wirebound Message Books, Two 4 1/4"" x 5"" Forms per Page",109.584,49.084500000000006,15,44.79166666666667,Needs Attention
Xerox 1962,109.568,43.656,28,39.84375,Needs Attention
Dana Swing-Arm Lamps,108.936,-11.214,15,-10.294117647058822,Needs Attention
#10 Self-Seal White Envelopes,108.68200000000002,52.123,10,47.95918367346938,Needs Attention
GBC Standard Plastic Binding Systems' Combs,108.644,5.023999999999999,30,4.624277456647398,Needs Attention
"Wirebound Message Books, 2 7/8"" x 5"", 3 Forms per Page",108.416,44.985600000000005,17,41.4935064935065,Needs Attention
"Eldon Expressions Desk Accessory, Wood Pencil Holder, Oak",108.08,6.755,15,6.25,Needs Attention
3M Hangers With Command Adhesive,108.03999999999999,36.001000000000005,33,33.32191780821919,Needs Attention
Micro Innovations Wireless Classic Keyboard with Mouse,107.964,9.5968,4,8.88888888888889,Needs Attention
SanDisk Cruzer 16 GB USB Flash Drive,107.912,14.924000000000001,10,13.829787234042554,Needs Attention
"Ampad Gold Fibre Wirebound Steno Books, 6"" x 9"", Gregg Ruled",106.72200000000001,47.187,25,44.21487603305784,Needs Attention
Avery 518,106.47,49.14,35,46.15384615384615,Needs Attention
HP Office Recycled Paper (20Lb. and 87 Bright),106.352,50.3438,19,47.33695652173913,Needs Attention
"Array Parchment Paper, Assorted Colors",106.288,49.504000000000005,15,46.57534246575344,Needs Attention
Belkin 7-Outlet SurgeMaster Home Series,106.172,2.7939999999999987,10,2.63157894736842,Needs Attention
Avery Hanging File Binders,105.846,21.8868,26,20.677966101694917,Needs Attention
Xerox 1900,105.28800000000001,44.083999999999996,26,41.86991869918699,Needs Attention
Rosewill 107 Normal Keys USB Wired Standard Keyboard,105.14399999999999,0.8087999999999997,9,0.769230769230769,Needs Attention
Xerox 211,104.976,40.9536,19,39.01234567901235,Needs Attention
Samsung Replacement EH64AVFWE Premium Headset,104.5,17.875,21,17.105263157894736,Needs Attention
Memorex Micro Travel Drive 4 GB,103.88,37.418,11,36.0204081632653,Needs Attention
Avery Personal Creations Heavyweight Cards,103.86,37.8512,11,36.44444444444444,Needs Attention
"Pressboard Covers with Storage Hooks, 9 1/2"" x 11"", Light Blue",102.619,-11.882200000000003,44,-11.578947368421055,Needs Attention
Boston 16765 Mini Stand Up Battery Pencil Sharpener,102.608,16.323999999999998,10,15.909090909090907,Needs Attention
"TOPS 4 x 6 Fluorescent Color Memo Sheets, 500 Sheets per Pack",102.49199999999999,37.1059,13,36.2037037037037,Needs Attention
Fellowes Black Plastic Comb Bindings,102.256,-4.415600000000001,34,-4.318181818181819,Needs Attention
Acme Titanium Bonded Scissors,102.0,20.23,13,19.833333333333332,Needs Attention
Hewlett-Packard Deskjet F4180 All-in-One Color Ink-jet - Printer / copier / scanner,101.994,-71.3958,2,-70.0,Needs Attention
"Linden 12"" Wall Clock With Oak Frame",101.94,30.582,3,30.0,Needs Attention
Xerox 1970,101.592,43.5252,22,42.84313725490196,Needs Attention
Zebra Zazzle Fluorescent Highlighters,100.928,20.672,20,20.481927710843376,Needs Attention
Wilson Jones Snap Scratch Pad Binder Tool for Ring Binders,100.92,30.739999999999995,22,30.459770114942526,Needs Attention
Cardinal Holdit Data Disk Pockets,100.464,38.7296,16,38.55072463768116,Needs Attention
Wilson Jones 14 Line Acrylic Coated Pressboard Data Binders,100.392,35.297399999999996,23,35.159574468085104,Needs Attention
Prang Drawing Pencil Set,100.08,27.0772,39,27.055555555555554,Needs Attention
Xerox Blank Computer Paper,99.9,46.953,5,47.0,Needs Attention
"Avery Framed View Binder, EZD Ring (Locking), Navy, 1 1/2""",99.8,-0.6985999999999981,19,-0.6999999999999981,Needs Attention
Pressboard Data Binders by Wilson Jones,99.324,22.9086,27,23.06451612903226,Needs Attention
Portfile Personal File Boxes,99.11999999999999,7.434,7,7.500000000000001,Needs Attention
"Telephone Message Books with Fax/Mobile Section, 5 1/2"" x 3 3/16""",99.06,40.767,17,41.15384615384616,Needs Attention
"GE 4 Foot Flourescent Tube, 40 Watt",98.868,42.2436,7,42.727272727272734,Needs Attention
Xerox 1999,98.49600000000001,41.2128,17,41.84210526315789,Needs Attention
Eldon Executive Woodline II Cherry Finish Desk Accessories,98.13600000000001,-78.5088,6,-79.99999999999999,Needs Attention
"Executive Impressions 14"" Contract Wall Clock with Quartz Movement",97.812,-1.7783999999999978,8,-1.8181818181818161,Needs Attention
Fiskars Home & Office Scissors,97.68,27.3504,11,27.999999999999996,Needs Attention
Xerox 1952,97.60799999999999,44.82,20,45.91836734693878,Needs Attention
Xerox 219,97.2,46.656,15,48.0,Needs Attention
Xerox 228,97.2,46.656,15,48.0,Needs Attention
Avery 495,97.02,42.588,16,43.8961038961039,Needs Attention
Newell 341,96.728,26.8356,23,27.74336283185841,Needs Attention
Wilson Jones Standard D-Ring Binders,96.646,26.9192,26,27.853403141361255,Needs Attention
Sabrent 4-Port USB 2.0 Hub,96.418,29.197,15,30.28169014084507,Needs Attention
Dax Clear Box Frame,96.03,15.364799999999999,14,15.999999999999998,Needs Attention
"Dixon My First Ticonderoga Pencil, #2",95.94,17.0235,19,17.74390243902439,Needs Attention
Xerox 224,95.904,38.620799999999996,17,40.27027027027027,Needs Attention
Xerox 210,95.904,35.2512,18,36.75675675675675,Needs Attention
Xerox 1957,95.904,39.7224,17,41.418918918918926,Needs Attention
Avery 51,95.75999999999999,41.328,16,43.15789473684211,Needs Attention
Avery White Multi-Purpose Labels,95.616,41.832,20,43.75,Needs Attention
Acme Elite Stainless Steel Scissors,95.076,21.0168,12,22.10526315789474,Needs Attention
Newell 31,94.99000000000001,23.6236,24,24.8695652173913,Needs Attention
"Adams Phone Message Book, Professional, 400 Message Capacity, 5 3/6 x 11",94.928,43.1364,14,45.44117647058824,Needs Attention
DIXON Ticonderoga Erasable Checking Pencils,94.86,26.784,20,28.235294117647058,Needs Attention
Xerox 1923,94.856,39.2784,16,41.40845070422535,Needs Attention
Storex DuraTech Recycled Plastic Frosted Binders,94.128,11.448,39,12.162162162162163,Needs Attention
Acrylic Self-Standing Desk Frames,93.984,32.7342,37,34.82954545454546,Needs Attention
Avery 513,93.624,34.4616,22,36.80851063829787,Needs Attention
Eldon Expressions Mahogany Wood Desk Collection,93.6,23.4,15,25.0,Needs Attention
"Tensor ""Hersey Kiss"" Styled Floor Lamp",93.52799999999999,2.0784000000000002,8,2.2222222222222228,Needs Attention
"Snap-A-Way Black Print Carbonless Speed Message, No Reply Area, Duplicate",93.248,31.4712,4,33.75,Needs Attention
"Redi-Strip #10 Envelopes, 4 1/8 x 9 1/2",93.22,39.53,35,42.40506329113924,Needs Attention
Newell 35,93.152,23.288,30,25.0,Needs Attention
Presstex Flexible Ring Binders,92.82000000000001,24.57,30,26.47058823529412,Needs Attention
Xerox 196,92.48,39.4196,18,42.625,Needs Attention
Xerox 1987,92.48,45.3152,16,48.99999999999999,Needs Attention
OIC Bulk Pack Metal Binder Clips,92.136,35.598,30,38.63636363636363,Needs Attention
Avery Binding System Hidden Tab Executive Style Index Sets,91.743,16.733,26,18.238993710691826,Needs Attention
Acco Translucent Poly Ring Binders,91.728,16.286399999999997,31,17.755102040816322,Needs Attention
Hoover Commercial Soft Guard Upright Vacuum And Disposable Filtration Bags,91.68599999999999,-10.4118,18,-11.35593220338983,Needs Attention
Akro Stacking Bins,91.524,-6.9432,13,-7.586206896551724,Needs Attention
Penpower WorldCard Pro Card Scanner,91.475,-1.8295,1,-2.0,Needs Attention
"Acco Pressboard Covers with Storage Hooks, 9 1/2"" x 11"", Executive Red",91.44,34.8996,28,38.166666666666664,Needs Attention
Avery 481,91.16799999999999,43.12,30,47.2972972972973,Needs Attention
"Bush Westfield Collection Bookcases, Dark Cherry Finish, Fully Assembled",90.882,-190.8522,3,-210.0,Needs Attention
Acme Preferred Stainless Steel Scissors,90.88,26.3552,16,29.000000000000004,Needs Attention
Fluorescent Highlighters by Dixon,90.744,22.4472,26,24.736842105263158,Needs Attention
Avery 48,90.72,39.69,15,43.75,Needs Attention
Avery Durable Slant Ring Binders With Label Holder,90.706,12.456400000000002,36,13.732718894009219,Needs Attention
Prang Colored Pencils,90.552,38.808,32,42.857142857142854,Needs Attention
Xerox 1956,89.7,40.9032,16,45.599999999999994,Needs Attention
Xerox 1920,89.7,40.365,15,45.0,Needs Attention
"Avery Durable Slant Ring Binders, No Labels",89.55,13.611600000000001,36,15.200000000000003,Needs Attention
Xerox 1967,89.424,38.88,15,43.47826086956522,Needs Attention
"RSVP Cards & Envelopes, Blank White, 8-1/2"" X 11"", 24 Cards/25 Envelopes/Set",89.408,38.2524,19,42.784090909090914,Needs Attention
Avery 480,89.25,42.45,24,47.563025210084035,Needs Attention
Acme Design Stainless Steel Bent Scissors,88.92,24.0084,13,27.0,Needs Attention
"Binney & Smith Crayola Metallic Colored Pencils, 8-Color Set",88.896,26.854,20,30.208333333333332,Needs Attention
Avery 478,88.38,43.3062,18,49.0,Needs Attention
Manco Dry-Lighter Erasable Highlighter,88.16,27.968,30,31.724137931034484,Needs Attention
"TOPS Money Receipt Book, Consecutively Numbered in Red,",88.11,39.6495,11,45.00000000000001,Needs Attention
AmazonBasics 3-Button USB Wired Mouse,88.074,32.2938,14,36.666666666666664,Needs Attention
"Bravo II Megaboss 12-Amp Hard Body Upright, Replacement Belts, 2 Belts per Pack",87.75,20.8325,29,23.74074074074074,Needs Attention
Advantus Map Pennant Flags and Round Head Tacks,87.69,20.54,25,23.423423423423422,Needs Attention
Cardinal Holdit Business Card Pockets,87.648,22.908,25,26.13636363636364,Needs Attention
Advantus Panel Wall Acrylic Frame,87.52,25.162,20,28.749999999999996,Needs Attention
Avery 508,87.398,39.8201,19,45.561797752808985,Needs Attention
Avery Durable Binders,87.264,13.823999999999998,50,15.84158415841584,Needs Attention
HP Office Paper (20Lb. and 87 Bright),86.84,38.2096,14,44.0,Needs Attention
Newell 333,86.736,18.848399999999998,33,21.73076923076923,Needs Attention
Xerox 1992,86.11200000000001,40.364999999999995,15,46.874999999999986,Needs Attention
BIC Brite Liner Highlighters,86.112,30.8844,23,35.86538461538461,Needs Attention
Boston 16701 Slimline Battery Pencil Sharpener,86.076,19.128,6,22.222222222222225,Needs Attention
"C-Line Peel & Stick Add-On Filing Pockets, 8-3/4 x 5-1/8, 10/Pack",85.995,15.0969,21,17.555555555555554,Needs Attention
Prestige Round Ring Binders,85.728,18.0576,21,21.063829787234045,Needs Attention
Xerox 229,85.536,34.992000000000004,15,40.909090909090914,Needs Attention
Xerox 1986,85.50399999999999,40.3472,13,47.18750000000001,Needs Attention
"Acco Recycled 2"" Capacity Laser Printer Hanging Data Binders",85.25500000000001,8.670000000000002,10,10.16949152542373,Needs Attention
Xerox 1932,85.056,28.7064,3,33.75,Needs Attention
Avery 487,84.87,35.9775,25,42.39130434782608,Needs Attention
"Westinghouse Mesh Shade Clip-On Gooseneck Lamp, Black",84.84,22.0584,6,25.999999999999996,Needs Attention
Magna Visual Magnetic Picture Hangers,84.83200000000001,28.0524,19,33.06818181818181,Needs Attention
Xerox 1954,84.48,32.208,18,38.125,Needs Attention
Avery 512,84.388,35.3736,32,41.917808219178085,Needs Attention
Xerox 200,84.24000000000001,33.696,15,39.99999999999999,Needs Attention
Xerox 2000,84.24000000000001,37.0656,14,44.0,Needs Attention
"Hunt BOSTON Vista Battery-Operated Pencil Sharpener, Black",83.952,15.857600000000001,8,18.888888888888893,Needs Attention
Belkin iPhone and iPad Lightning Cable,83.944,6.2958,7,7.5,Needs Attention
"Eureka Sanitaire  Multi-Pro Heavy-Duty Upright, Disposable Bags",83.904,12.7604,22,15.208333333333336,Needs Attention
Southworth Parchment Paper & Envelopes,83.712,30.738,15,36.71875,Needs Attention
Avery 483,83.664,32.569199999999995,19,38.92857142857142,Needs Attention
"Master Giant Foot Doorstop, Safety Yellow",83.49,31.5744,12,37.81818181818182,Needs Attention
"Verbatim 25 GB 6x Blu-ray Single Layer Recordable Disc, 1/Pack",83.44,11.473,14,13.750000000000002,Needs Attention
Newell Chalk Holder,83.426,36.5918,21,43.86138613861386,Needs Attention
3M Organizer Strips,83.16,10.151999999999997,26,12.207792207792204,Needs Attention
Avery Durable Poly Binders,82.95,-15.5946,33,-18.8,Needs Attention
OIC Stacking Trays,82.832,26.720000000000002,30,32.25806451612904,Needs Attention
Newell 351,82.656,22.107200000000002,26,26.746031746031747,Needs Attention
Things To Do Today Spiral Book,82.368,29.8584,13,36.25000000000001,Needs Attention
Xerox 1902,82.22399999999999,32.8896,4,40.00000000000001,Needs Attention
Zipper Ring Binder Pockets,81.744,11.7312,44,14.351145038167939,Needs Attention
"Premium Writing Pencils, Soft, #2 by Central Association for the Blind",81.652,19.4296,29,23.795620437956206,Needs Attention
Acme Stainless Steel Office Snips,81.424,12.4317,13,15.26785714285714,Needs Attention
Newell 320,81.32,9.4588,23,11.631578947368421,Needs Attention
G.E. Longer-Life Indoor Recessed Floodlight Bulbs,81.00800000000001,25.763199999999998,16,31.803278688524582,Needs Attention
"Adams Telephone Message Books, 5 1/4 x 11",80.936,32.918,15,40.67164179104477,Needs Attention
"Verbatim Slim CD and DVD Storage Cases, 50/Pack",80.78,16.156,8,20.0,Needs Attention
"Quartet Omega Colored Chalk, 12/Pack",80.592,34.164,15,42.39130434782609,Needs Attention
Tuff Stuff Recycled Round Ring Binders,80.494,23.955399999999997,23,29.760479041916167,Needs Attention
Xerox 221,80.352,33.1776,14,41.29032258064515,Needs Attention
Newell 317,79.968,13.1712,32,16.470588235294116,Needs Attention
Eldon File Chest Portable File,79.4,5.955,5,7.5,Needs Attention
QVS USB Car Charger 2-Port 2.1Amp for iPod/iPhone/iPad/iPad 2/iPad 3,79.22999999999999,29.537499999999998,13,37.28070175438597,Needs Attention
Xerox 1946,79.05600000000001,35.2512,13,44.59016393442622,Needs Attention
Xerox 1966,79.056,32.7888,14,41.47540983606558,Needs Attention
Xerox 231,79.056,31.8816,14,40.32786885245901,Needs Attention
Avery 474,78.336,34.272,30,43.75,Needs Attention
Sterilite Show Offs Storage Containers,78.144,-6.336,16,-8.108108108108109,Needs Attention
Avery Poly Binder Pockets,78.044,14.749600000000001,34,18.89908256880734,Needs Attention
Fashion Color Clasp Envelopes,77.904,36.5175,15,46.875,Needs Attention
Bulldog Table or Wall-Mount Pencil Sharpener,77.87,22.582299999999996,13,28.999999999999993,Needs Attention
Xerox 193,77.74000000000001,38.0926,13,48.99999999999999,Needs Attention
Plymouth Boxed Rubber Bands by Plymouth,77.244,-3.297,18,-4.2682926829268295,Needs Attention
Xerox 1963,77.088,27.72,17,35.95890410958904,Needs Attention
"Memo Book, 100 Message Capacity, 5 3/8 x 11",76.836,36.396,12,47.36842105263158,Needs Attention
Acme Value Line Scissors,76.64999999999999,20.44,22,26.66666666666667,Needs Attention
Xerox 1994,76.464,32.6592,13,42.71186440677966,Needs Attention
"Geographics Note Cards, Blank, White, 8 1/2"" x 11""",76.092,29.5416,8,38.82352941176471,Needs Attention
Newell 328,75.92,19.7392,13,26.0,Needs Attention
Xerox 198,75.696,33.4656,16,44.21052631578948,Needs Attention
Rogers Handheld Barrel Pencil Sharpener,75.62400000000001,15.618,30,20.652173913043477,Needs Attention
Fiskars Spring-Action Scissors,75.492,13.4208,6,17.777777777777775,Needs Attention
"SmartStand Mobile Device Holder, Assorted Colors",75.49199999999999,10.0656,13,13.333333333333336,Needs Attention
"Eldon 200 Class Desk Accessories, Black",75.36,28.6368,12,38.0,Needs Attention
"Dixon Ticonderoga Erasable Colored Pencil Set, 12-Color",75.348,20.0928,14,26.666666666666668,Needs Attention
Newell 331,75.306,14.6211,17,19.415584415584416,Needs Attention
Xerox 22,75.168,31.3632,13,41.72413793103448,Needs Attention
KeyTronic KT800P2 - Keyboard - Black,75.1,1.2015999999999998,6,1.5999999999999996,Needs Attention
Tops Wirebound Message Log Books,73.696,29.281,25,39.732142857142854,Needs Attention
"Sanford Colorific Colored Pencils, 12/Box",73.152,20.736,26,28.346456692913385,Needs Attention
XtraLife ClearVue Slant-D Ring Binders by Cardinal,72.912,-13.328,22,-18.279569892473116,Needs Attention
"Adams ""While You Were Out"" Message Pads",72.848,31.400000000000002,24,43.10344827586207,Needs Attention
"Universal Recycled Hanging Pressboard Report Binders, Letter Size",72.806,8.638000000000002,20,11.86440677966102,Needs Attention
Southworth Structures Collection,72.8,36.4,10,50.0,Needs Attention
Stacking Trays by OIC,72.708,9.3126,19,12.808219178082192,Needs Attention
"Wirebound Message Books, 5-1/2 x 4 Forms, 2 or 4 Forms per Page",72.25200000000001,31.3092,12,43.33333333333333,Needs Attention
Ibico Presentation Index for Binding Systems,72.038,15.084200000000001,27,20.93922651933702,Needs Attention
"Vtech AT&T CL2940 Corded Speakerphone, Black",71.976,24.2919,3,33.75,Needs Attention
GBC Instant Index System for Binding Systems,71.928,-12.431999999999999,19,-17.28395061728395,Needs Attention
#6 3/4 Gummed Flap White Envelopes,71.28,24.947999999999997,9,35.0,Needs Attention
Smead Alpha-Z Color-Coded Name Labels First Letter Starter Set,71.25,32.25,20,45.26315789473684,Needs Attention
Xerox 1981,70.752,30.096,14,42.53731343283582,Needs Attention
"TOPS ""Important Message"" Pads, Canary, 4-1/4 x 5-1/2, 50 Sheets per Pad",70.19200000000001,31.629199999999997,17,45.060975609756085,Needs Attention
Xerox 1975,69.98400000000001,30.3264,12,43.33333333333333,Needs Attention
Recycled Pressboard Report Cover with Reinforced Top Hinge,69.768,13.759799999999998,34,19.722222222222218,Needs Attention
Stockwell Push Pins,69.76,20.0996,34,28.812499999999996,Needs Attention
Xerox 1899,69.36,28.090799999999998,14,40.5,Needs Attention
Woodgrain Magazine Files by Perma,69.136,2.6224,24,3.793103448275862,Needs Attention
GBC Plasticlear Binding Covers,68.88,-68.4208,23,-99.33333333333334,Needs Attention
Avery 52,68.634,31.4757,19,45.86021505376344,Needs Attention
Newell 336,68.48,13.781600000000001,18,20.125,Needs Attention
"Recycled Interoffice Envelopes with Re-Use-A-Seal Closure, 10 x 13",68.28,23.0445,5,33.75,Needs Attention
Avoid Verbal Orders Carbonless Minifold Book,68.276,29.9468,21,43.86138613861386,Needs Attention
Avery Non-Stick Heavy Duty View Round Locking Ring Binders,68.17200000000001,30.8568,12,45.263157894736835,Needs Attention
Poly String Tie Envelopes,68.136,30.293999999999997,35,44.461077844311376,Needs Attention
Barrel Sharpener,67.83000000000001,17.6358,19,25.999999999999996,Needs Attention
Xerox 1897,67.72800000000001,27.0912,16,40.0,Needs Attention
"Acco PRESSTEX Data Binder with Storage Hooks, Light Blue, 9 1/2"" X 11""",67.25,19.6908,17,29.28,Needs Attention
Acco Hot Clips Clips to Go,67.116,25.497500000000002,23,37.990196078431374,Needs Attention
Newell 332,67.032,15.5232,24,23.157894736842106,Needs Attention
Avery 49,66.816,31.564799999999998,24,47.241379310344826,Needs Attention
Wilson Jones data.warehouse D-Ring Binders with DublLock,66.663,15.307799999999999,12,22.962962962962962,Needs Attention
Insertable Tab Post Binder Dividers,66.566,-39.699,25,-59.63855421686747,Needs Attention
"Executive Impressions 8-1/2"" Career Panel/Partition Cubicle Clock",66.56,18.512,7,27.8125,Needs Attention
Avery 501,66.42,23.3946,22,35.22222222222222,Needs Attention
GBC ProClick Spines for 32-Hole Punch,66.40899999999999,-13.2818,12,-20.000000000000004,Needs Attention
Avery 506,66.08,28.166600000000003,17,42.62500000000001,Needs Attention
"Acco Clips to Go Binder Clips, 24 Clips in Two Sizes",66.03,30.2815,19,45.86021505376344,Needs Attention
Newell 321,65.6,14.3664,22,21.900000000000002,Needs Attention
Newell 348,65.6,9.7088,24,14.800000000000002,Needs Attention
Pastel Pink Envelopes,65.52,31.4496,9,48.00000000000001,Needs Attention
Avery Fluorescent Highlighter Four-Color Set,65.464,9.352,24,14.285714285714288,Needs Attention
Cush Cases Heavy Duty Rugged Cover Case for Samsung Galaxy S5 - Purple,65.34,3.9105000000000003,17,5.984848484848485,Needs Attention
Stackable Trays,65.29599999999999,17.1248,23,26.22641509433963,Needs Attention
Newell 343,65.268,13.7592,24,21.08108108108108,Needs Attention
ACCOHIDE Binder by Acco,65.254,19.287100000000002,21,29.55696202531646,Needs Attention
Xerox 1927,65.056,22.683999999999997,18,34.868421052631575,Needs Attention
Belkin Grip Candy Sheer Case / Cover for iPhone 5 and 5S,64.972,12.994399999999999,8,20.0,Needs Attention
"Black Print Carbonless 8 1/2"" x 8 1/4"" Rapid Memo Book",64.06400000000001,20.8208,11,32.49999999999999,Needs Attention
Advantus T-Pin Paper Clips,64.042,20.0244,16,31.267605633802813,Needs Attention
Ultra Commercial Grade Dual Valve Door Closer,63.824,9.5736,2,15.000000000000002,Needs Attention
"Acco Pressboard Covers with Storage Hooks, 14 7/8"" x 11"", Executive Red",63.627,-13.906500000000001,37,-21.856287425149702,Needs Attention
Shocksock Galaxy S4 Armband,63.51,-10.074,7,-15.862068965517242,Needs Attention
"Acco PRESSTEX Data Binder with Storage Hooks, Dark Blue, 9 1/2"" X 11""",62.946,-0.16139999999999866,23,-0.2564102564102543,Needs Attention
Peel & Seel Envelopes,62.856,26.5392,18,42.22222222222222,Needs Attention
G.E. Halogen Desk Lamp Bulbs,62.82,22.8944,11,36.44444444444444,Needs Attention
Avery 515,62.650000000000006,29.445500000000003,5,47.0,Needs Attention
"Post-it Important Message Note Pad, Neon Colors, 50 Sheets/Pad",62.608000000000004,28.537599999999998,9,45.5813953488372,Needs Attention
Newell 350,62.32,15.744000000000002,20,25.263157894736842,Needs Attention
Park Ridge Embossed Executive Business Envelopes,62.28,29.2716,4,47.0,Needs Attention
Wilson Jones Four-Pocket Poly Binders,62.13,5.4282,17,8.736842105263158,Needs Attention
Hoover Portapower Portable Vacuum,61.824,1.3439999999999994,18,2.1739130434782603,Needs Attention
Newell 318,61.716,14.4004,23,23.333333333333332,Needs Attention
Anker 24W Portable Micro USB Car Charger,61.544,14.0672,8,22.857142857142858,Needs Attention
Newell 311,61.438,13.039,30,21.22302158273381,Needs Attention
Xerox 206,60.912000000000006,23.846400000000003,11,39.148936170212764,Needs Attention
Xerox 1924,60.112,24.7384,12,41.15384615384615,Needs Attention
Spiral Phone Message Books with Labels by Adams,60.032000000000004,25.759999999999998,15,42.91044776119403,Needs Attention
NETGEAR RangeMax WNR1000 Wireless Router,59.976,11.9952,3,20.0,Needs Attention
"Acco Pressboard Covers with Storage Hooks, 14 7/8"" x 11"", Dark Blue",59.817,13.1826,24,22.038216560509554,Needs Attention
Newell 330,59.800000000000004,11.1228,11,18.599999999999998,Needs Attention
"Crayola Anti Dust Chalk, 12/Pack",59.696,24.661,35,41.3109756097561,Needs Attention
"Master Caster Door Stop, Large Brown",59.696,14.56,10,24.39024390243903,Needs Attention
"Boston 1827 Commercial Additional Cutter, Drive Gear & Gear Rack for 1606",59.489999999999995,17.847,3,30.000000000000004,Needs Attention
"Executive Impressions 16-1/2"" Circular Wall Clock",58.784,-1.0687999999999995,4,-1.8181818181818175,Needs Attention
Ideal Clamps,58.692,24.8637,33,42.36301369863014,Needs Attention
Convenience Packs of Business Envelopes,58.644,24.109199999999998,18,41.11111111111111,Needs Attention
Avery 500,58.48,27.4856,8,47.0,Needs Attention
Rubber Band Ball,58.344,-0.29920000000000013,16,-0.5128205128205131,Needs Attention
Xerox 223,58.32,27.9936,9,48.0,Needs Attention
Xerox 1974,57.408,26.91,10,46.875,Needs Attention
Binder Posts,57.4,7.806399999999999,16,13.599999999999998,Needs Attention
Xerox 199,57.352,19.688,16,34.32835820895522,Needs Attention
Avery 511,56.672,24.64,20,43.47826086956522,Needs Attention
Avery 494,56.376000000000005,23.9598,23,42.5,Needs Attention
Xerox 1965,56.212,25.714,10,45.744680851063826,Needs Attention
"SKILCRAFT Telephone Shoulder Rest, 2"" x 6.5"" x 2.5"", Black",56.164,13.006400000000001,8,23.157894736842106,Needs Attention
"Executive Impressions 13-1/2"" Indoor/Outdoor Wall Clock",56.099999999999994,21.317999999999998,3,38.0,Needs Attention
"Hoover Replacement Belts For Soft Guard & Commercial Ltweight Upright Vacs, 2/Pk",56.09,3.475999999999999,18,6.197183098591547,Needs Attention
Avery 493,55.974000000000004,23.4207,13,41.84210526315789,Needs Attention
Xerox 1921,55.944,17.4825,7,31.25,Needs Attention
GBC Standard Plastic Binding Systems Combs,55.755,-2.9205000000000014,13,-5.23809523809524,Needs Attention
Advantus Push Pins,54.936,20.2086,27,36.78571428571429,Needs Attention
Array Memo Cubes,54.908,25.848200000000002,11,47.075471698113205,Needs Attention
"Important Message Pads, 50 4-1/4 x 5-1/2 Forms per Pad",54.599999999999994,22.47,15,41.15384615384616,Needs Attention
Imation Swivel Flash Drive USB flash drive - 8 GB,54.57599999999999,17.6235,5,32.29166666666667,Needs Attention
"Mead 1st Gear 2"" Zipper Binder, Asst. Colors",54.474000000000004,-3.891,9,-7.142857142857142,Needs Attention
Xerox 208,54.432,24.105600000000003,9,44.28571428571429,Needs Attention
Ampad #10 Peel & Seel Holiday Envelopes,53.760000000000005,25.8048,12,48.0,Needs Attention
Avery 492,53.568,22.464,20,41.935483870967744,Needs Attention
"Eldon Imàge Series Desk Accessories, Clear",53.46,6.3666,17,11.90909090909091,Needs Attention
GBC VeloBinder Strips,52.992,-23.808,20,-44.927536231884055,Needs Attention
EcoTones Memo Sheets,52.8,21.6,15,40.909090909090914,Needs Attention
Anderson Hickey Conga Table Tops & Accessories,51.782,-17.514499999999998,5,-33.8235294117647,Needs Attention
Colorific Watercolor Pencils,51.6,11.3004,11,21.9,Needs Attention
Wilson Jones Easy Flow II Sheet Lifters,51.480000000000004,5.616,49,10.909090909090907,Needs Attention
Avery Durable Slant Ring Binders,51.480000000000004,-23.76,19,-46.15384615384615,Needs Attention
"Message Book, Standard Line ""While You Were Out"", 5 1/2"" X 4"", 200 Sets/Book",51.36,24.139200000000002,6,47.0,Needs Attention
Newell 3-Hole Punched Plastic Slotted Magazine Holders for Binders,51.184000000000005,3.6559999999999997,20,7.1428571428571415,Needs Attention
"Telephone Message Books with Fax/Mobile Section, 4 1/4"" x 6""",51.120000000000005,21.96,15,42.95774647887324,Needs Attention
Avery 488,51.03,23.184,17,45.4320987654321,Needs Attention
Colored Envelopes,50.922,19.0404,16,37.39130434782609,Needs Attention
"Eldon Spacemaker Box, Quick-Snap Lid, Clear",50.768,9.285200000000001,18,18.289473684210527,Needs Attention
"Commercial WindTunnel Clean Air Upright Vacuum, Replacement Belts, Filtration Bags",50.57,1.6338000000000008,17,3.230769230769232,Needs Attention
Avery 496,50.25,22.95,14,45.67164179104478,Needs Attention
Wausau Papers Astrobrights Colored Envelopes,50.232,22.7838,9,45.357142857142854,Needs Attention
"While You Were Out Pads, 50 per Pad, 4 x 5 1/4, Green Cycle",50.138000000000005,18.7781,13,37.452830188679236,Needs Attention
"1/4 Fold Party Design Invitations & White Envelopes, 24 8-1/2"" X 11"" Cards, 25 Env./Pack",49.980000000000004,22.7115,7,45.44117647058823,Needs Attention
Xerox 1896,49.95,22.4775,5,44.99999999999999,Needs Attention
Xerox 1950,49.708,23.177799999999998,9,46.627906976744185,Needs Attention
"TOPS Voice Message Log Book, Flash Format",49.504,20.372799999999998,12,41.15384615384615,Needs Attention
Xerox 218,49.248000000000005,22.2912,8,45.263157894736835,Needs Attention
Blackstonian Pencils,49.128,12.6024,19,25.652173913043473,Needs Attention
American Pencil,48.93,14.189699999999998,21,28.999999999999996,Needs Attention
Eldon Image Series Black Desk Accessories,48.852,17.0568,12,34.91525423728813,Needs Attention
Smead Alpha-Z Color-Coded Second Alphabetical Labels and Starter Set,48.048,22.4224,16,46.666666666666664,Needs Attention
Revere Boxed Rubber Bands by Revere,48.006,-5.707800000000001,29,-11.889763779527561,Needs Attention
Newell 33,47.988,8.37,10,17.441860465116278,Needs Attention
Avery 514,47.808,22.8384,17,47.77108433734939,Needs Attention
"Master Caster Door Stop, Gray",47.752,14.224,10,29.78723404255319,Needs Attention
"Holmes Visible Mist Ultrasonic Humidifier with 2.3-Gallon Output per Day, Replacement Filter",47.544000000000004,10.188,5,21.428571428571427,Needs Attention
Newell 32,47.232,11.9808,17,25.365853658536587,Needs Attention
"Sanford Colorific Scented Colored Pencils, 12/Pack",47.080000000000005,14.5948,11,30.999999999999993,Needs Attention
Xerox 1953,47.08,18.832,12,40.0,Needs Attention
Newell 316,46.944,8.2152,11,17.5,Needs Attention
Xerox 1998,46.656,16.3296,9,35.0,Needs Attention
Avery 520,46.62,22.05,15,47.297297297297305,Needs Attention
"Stacking Tray, Side-Loading, Legal, Smoke",46.592,-2.8672000000000004,16,-6.153846153846155,Needs Attention
Xerox 1972,46.464,17.424,10,37.5,Needs Attention
Advantus SlideClip Paper Clips,46.376000000000005,19.778,15,42.647058823529406,Needs Attention
Decoflex Hanging Personal Folder File,46.26,12.0276,3,26.0,Needs Attention
"Sanford Colorific Eraseable Coloring Pencils, 12 Count",45.919999999999995,17.876,15,38.92857142857144,Needs Attention
Newell 344,45.592,8.5624,18,18.78048780487805,Needs Attention
"Black Avery Memo-Size 3-Ring Binder, 5 1/2"" x 8 1/2""",45.507999999999996,15.5608,16,34.193548387096776,Needs Attention
Avery 491,45.43,18.6676,12,41.090909090909086,Needs Attention
"GE General Purpose, Extra Long Life, Showcase & Floodlight Incandescent Bulbs",45.396,14.549999999999999,20,32.05128205128205,Needs Attention
Xerox 215,45.36,21.7728,7,48.0,Needs Attention
"Binney & Smith inkTank Desk Highlighter, Chisel Tip, Yellow, 12/Box",45.15,13.459,22,29.809523809523807,Needs Attention
"Acme Design Line 8"" Stainless Steel Bent Scissors w/Champagne Handles, 3-1/8"" Cut",45.144,10.1916,7,22.575757575757574,Needs Attention
Document Clip Frames,45.036,16.0128,6,35.55555555555555,Needs Attention
DIXON Oriole Pencils,44.891999999999996,8.617199999999999,19,19.195402298850574,Needs Attention
Permanent Self-Adhesive File Folder Labels for Typewriters by Universal,44.37,19.000799999999998,18,42.8235294117647,Needs Attention
Avery 517,44.28,18.8559,13,42.58333333333333,Needs Attention
Acme Kleen Earth Office Shears,44.232,11.1744,12,25.263157894736842,Needs Attention
Kingston Digital DataTraveler 8GB USB 2.0,44.03,-2.0229999999999997,9,-4.594594594594594,Needs Attention
Accohide Poly Flexible Ring Binders,43.758,-19.822000000000003,34,-45.2991452991453,Needs Attention
Boston 16750 Black Compact Battery Pencil Sharpener,43.75,13.125,5,30.0,Needs Attention
Disposable Triple-Filter Dust Bags,43.7,11.362,10,26.0,Needs Attention
Acme Rosewood Handle Letter Opener,43.67,-3.4936000000000003,12,-8.0,Needs Attention
Nontoxic Chalk,42.944,18.2336,27,42.45901639344262,Needs Attention
Newell 349,42.64,10.0368,14,23.538461538461537,Needs Attention
Imation USB 2.0 Swivel Flash Drive USB flash drive - 4 GB - Pink,42.42,8.9082,14,21.000000000000004,Needs Attention
Acco Hanging Data Binders,41.91,8.2296,17,19.636363636363637,Needs Attention
Texas Instrument TI-15 Fraction Calculator,41.905,-20.519,8,-48.9655172413793,Needs Attention
Acco Side-Punched Conventional Columnar Pads,41.64,-7.8075,15,-18.75,Needs Attention
Wilson Jones Custom Binder Spines & Labels,41.344,-19.692800000000002,22,-47.631578947368425,Needs Attention
"#10 Gummed Flap White Envelopes, 100/Box",41.3,16.7678,11,40.60000000000001,Needs Attention
"Adams Write n' Stick Phone Message Book, 11"" X 5 1/4"", 200 Messages",40.896,16.3584,8,40.0,Needs Attention
"Acco Banker's Clasps, 5 3/4""-Long",40.896,18.0,15,44.01408450704225,Needs Attention
Cardinal Poly Pocket Divider Pockets for Ring Binders,40.32,12.6,15,31.25,Needs Attention
Xerox 207,40.176,16.5888,7,41.29032258064515,Needs Attention
Newell 327,39.78,10.7406,18,27.0,Needs Attention
"Eldon Regeneration Recycled Desk Accessories, Black",39.688,13.116399999999999,9,33.048780487804876,Needs Attention
Angle-D Ring Binders,39.384,-1.9691999999999994,14,-4.999999999999998,Needs Attention
Prang Dustless Chalk Sticks,38.976,18.816,24,48.275862068965516,Needs Attention
Acco Expandable Hanging Binders,38.918,1.0208000000000004,11,2.6229508196721323,Needs Attention
Newell 310,38.72,7.48,25,19.31818181818182,Needs Attention
Acco Suede Grain Vinyl Round Ring Binder,38.641999999999996,-4.8928,29,-12.661870503597125,Needs Attention
Cardinal Hold-It CD Pocket,38.304,-12.4488,12,-32.5,Needs Attention
Acco 6 Outlet Guardian Basic Surge Suppressor,38.272,-3.6608,7,-9.565217391304348,Needs Attention
"Chromcraft Training Table, Adjustable Height",38.144,-87.736,1,-230.01258389261747,Needs Attention
"Ampad Poly Cover Wirebound Steno Book, 6"" x 9"" Assorted Colors, Gregg Ruled",38.136,15.663,9,41.07142857142857,Needs Attention
Peel & Stick Add-On Corner Pockets,38.016,4.32,30,11.363636363636365,Needs Attention
Southworth 25% Cotton Granite Paper & Envelopes,37.932,13.2108,7,34.82758620689655,Needs Attention
Col-Erase Pencils with Erasers,37.696,7.478400000000001,7,19.83870967741936,Needs Attention
Dixon Ticonderoga Pencils,37.548,9.2678,13,24.68253968253968,Needs Attention
Turquoise Lead Holder with Pocket Clip,37.52,10.586,6,28.214285714285715,Needs Attention
Eldon Pizzaz Desk Accessories,37.464,13.736799999999999,19,36.666666666666664,Needs Attention
Durable Pressboard Binders,37.239999999999995,15.085999999999999,11,40.51020408163266,Needs Attention
Faber Castell Col-Erase Pencils,37.164,14.083200000000001,8,37.89473684210527,Needs Attention
Xerox 1990,36.96,13.728,8,37.14285714285714,Needs Attention
Avery Round Ring Poly Binders,36.919999999999995,12.2972,17,33.307692307692314,Needs Attention
Eldon Jumbo ProFile Portable File Boxes Graphite/Black,36.744,3.6744,3,10.0,Needs Attention
Letter or Legal Size Expandable Poly String Tie Envelopes,36.708,15.0024,16,40.869565217391305,Needs Attention
Newell 326,36.608,7.8671999999999995,23,21.490384615384617,Needs Attention
Eldon 100 Class Desk Accessories,36.396,-4.852800000000001,18,-13.333333333333336,Needs Attention
Xerox 1976,36.288,12.700800000000001,7,35.0,Needs Attention
Contemporary Borderless Frame,36.162,3.6162,6,10.0,Needs Attention
Binder Clips by OIC,36.112,15.3328,27,42.459016393442624,Needs Attention
"Wirebound Message Forms, Four 2 3/4 x 5 Forms per Page, Pink Paper",35.948,14.2975,5,39.77272727272727,Needs Attention
Regeneration Desk Collection,35.904,15.206399999999999,21,42.35294117647058,Needs Attention
Wilson Jones DublLock D-Ring Binders,35.775,15.525,6,43.39622641509434,Needs Attention
Plastic Stacking Crates & Casters,35.712,2.6784,8,7.499999999999998,Needs Attention
Acme Kleencut Forged Steel Scissors,35.587999999999994,7.462,7,20.967741935483875,Needs Attention
Avery 498,35.258,15.3459,13,43.52459016393443,Needs Attention
Xerox 1926,34.86,16.3842,7,47.0,Needs Attention
Economy #2 Pencils,34.58,8.9908,13,26.0,Needs Attention
Newell 335,34.56,10.022400000000001,12,29.000000000000004,Needs Attention
Assorted Color Push Pins,34.39,8.923300000000001,21,25.947368421052637,Needs Attention
Xerox 1980,34.24,15.408,8,44.99999999999999,Needs Attention
"Eldon Regeneration Recycled Desk Accessories, Smoke",33.756,8.9088,21,26.39175257731959,Needs Attention
"Super Bands, 12/Pack",33.480000000000004,-2.604,20,-7.777777777777777,Needs Attention
"Pressboard Data Binder, Crimson, 12"" X 8 1/2""",33.108000000000004,7.1556,9,21.61290322580645,Needs Attention
Hammermill CopyPlus Copy Paper (20Lb. and 84 Bright),32.868,15.0894,7,45.90909090909091,Needs Attention
Wilson Jones Hanging Recycled Pressboard Data Binders,32.647999999999996,1.7807999999999993,4,5.454545454545453,Needs Attention
Xerox 1958,32.400000000000006,15.552,5,47.99999999999999,Needs Attention
Avery 509,32.364,14.0418,13,43.38709677419355,Needs Attention
Avery Hidden Tab Dividers for Binding Systems,31.588,-7.032800000000001,24,-22.264150943396228,Needs Attention
Newell 346,31.104,8.6112,11,27.685185185185183,Needs Attention
"OIC #2 Pencils, Medium Soft",30.832,8.1404,17,26.40243902439024,Needs Attention
"Sanford Uni-Blazer View Highlighters, Chisel Tip, Yellow",30.8,13.552,14,44.0,Needs Attention
Newell 322,30.576,6.6612,18,21.785714285714285,Needs Attention
Hammermill Color Copier Paper (28Lb. and 96 Bright),29.97,13.4865,3,45.0,Needs Attention
Economy Binders,29.952,9.7968,19,32.70833333333333,Needs Attention
Round Ring Binders,29.952,-0.9152000000000005,28,-3.0555555555555567,Needs Attention
Plantronics Single Ear Headset,29.925,-21.945,5,-73.33333333333333,Needs Attention
Xerox 1983,29.900000000000002,14.651,5,48.99999999999999,Needs Attention
Xerox 190,29.88,14.0436,6,47.0,Needs Attention
Jiffy Padded Mailers with Self-Seal Closure,29.808,10.8054,2,36.25000000000001,Needs Attention
"Eldon 300 Class Desk Accessories, Black",29.7,13.068000000000001,6,44.00000000000001,Needs Attention
"Alliance Big Bands Rubber Bands, 12/Pack",29.7,0.0,15,0.0,Needs Attention
"Sanford EarthWrite Recycled Pencils, Medium Soft, #2",29.4,8.232,14,27.999999999999996,Needs Attention
Pencil and Crayon Sharpener,29.346,3.7668,16,12.835820895522387,Needs Attention
Rediform Voice Mail Log Books,29.204,12.1584,11,41.63265306122449,Needs Attention
UniKeep View Case Binders,28.851,-5.4768,13,-18.983050847457626,Needs Attention
Avery Reinforcements for Hole-Punch Pages,28.512,-16.137,41,-56.59722222222222,Needs Attention
Newell 313,28.208,4.264,10,15.116279069767444,Needs Attention
"Ampad Evidence Wirebond Steno Books, 6"" x 9""",27.468,11.2924,14,41.111111111111114,Needs Attention
Sony 8GB Class 10 Micro SDHC R40 Memory Card,27.192,0.3399,3,1.25,Needs Attention
SanDisk Cruzer 8 GB USB Flash Drive,27.168,-1.3584,4,-5.0,Needs Attention
Newell 339,26.688000000000002,6.116,10,22.916666666666664,Needs Attention
Self-Adhesive Address Labels for Typewriters with Dispenser Box,26.568,8.9667,9,33.75,Needs Attention
"Avery Hi-Liter GlideStik Fluorescent Highlighter, Yellow Ink",26.08,9.6496,9,37.0,Needs Attention
Avery Binder Labels,26.063,9.8806,8,37.91044776119403,Needs Attention
"Binney & Smith inkTank Erasable Pocket Highlighter, Chisel Tip, Yellow",25.992,10.6704,12,41.05263157894737,Needs Attention
SanDisk Cruzer 4 GB USB Flash Drive,25.96,5.5165,5,21.25,Needs Attention
Newell 340,25.92,7.5168,9,28.999999999999996,Needs Attention
Xerox 1985,25.92,9.072,5,34.99999999999999,Needs Attention
"Avery Triangle Shaped Sheet Lifters, Black, 2/Pack",25.830000000000002,-4.92,25,-19.047619047619047,Needs Attention
Bagged Rubber Bands,25.704,0.3024,21,1.1764705882352942,Needs Attention
"""While you Were Out"" Message Book, One Form per Page",25.228,10.388,8,41.17647058823529,Needs Attention
Colored Push Pins,24.978,7.602,15,30.434782608695656,Needs Attention
Translucent Push Pins by OIC,24.552,5.841,15,23.790322580645164,Needs Attention
Newell 329,24.272,4.8544,8,20.0,Needs Attention
BIC Brite Liner Grip Highlighters,24.272,8.937999999999999,17,36.82432432432432,Needs Attention
Avery 507,24.192,8.64,10,35.714285714285715,Needs Attention
Avery 497,24.023999999999997,11.211200000000002,8,46.66666666666668,Needs Attention
Serrated Blade or Curved Handle Hand Letter Openers,23.864,-4.1133999999999995,9,-17.236842105263158,Needs Attention
Newell 338,23.52,6.3504000000000005,8,27.0,Needs Attention
"Dixon Ticonderoga Maple Cedar Pencil, #2",23.332,4.912000000000001,8,21.05263157894737,Needs Attention
Self-Adhesive Ring Binder Labels,22.88,2.3584000000000005,11,10.30769230769231,Needs Attention
Sanford Pocket Accent Highlighters,22.4,9.632,14,43.0,Needs Attention
Avery 510,21.75,8.1,7,37.241379310344826,Needs Attention
Newell 323,21.168,3.7632000000000003,14,17.777777777777782,Needs Attention
"Avery 05222 Permanent Self-Adhesive File Folder Labels for Typewriters, on Rolls, White, 250/Roll",20.65,9.498999999999999,5,46.0,Needs Attention
Avery Hi-Liter Fluorescent Desk Style Markers,20.279999999999998,7.5036000000000005,6,37.00000000000001,Needs Attention
Rediform S.O.S. Phone Message Books,19.92,9.7608,4,48.99999999999999,Needs Attention
Sterling Rubber Bands by Alliance,19.782,-3.768,5,-19.047619047619047,Needs Attention
Nu-Dell EZ-Mount Plastic Wall Frames,19.7,0.7879999999999998,8,3.9999999999999996,Needs Attention
Acco Glide Clips,19.6,9.604,5,48.99999999999999,Needs Attention
Newell 307,19.292,3.5672,12,18.49056603773585,Needs Attention
Maxell 4.7GB DVD-R 5/Pack,19.008,7.3656,21,38.75,Needs Attention
Unpadded Memo Slips,18.308,8.358,5,45.652173913043484,Needs Attention
Loose Memo Sheets,18.25,8.5775,5,47.0,Needs Attention
12 Colored Short Pencils,18.2,3.016,8,16.571428571428573,Needs Attention
Hoover Commercial Lightweight Upright Vacuum,18.096,-2.5056000000000003,8,-13.846153846153847,Needs Attention
"Stride Job 150 Highlighters, Chisel Tip, Assorted Colors",17.94,6.4584,3,36.0,Needs Attention
"Binney & Smith inkTank Erasable Desk Highlighter, Chisel Tip, Yellow, 12/Box",17.64,5.7456,8,32.57142857142857,Needs Attention
Avery 502,17.64,6.174,7,35.0,Needs Attention
Insertable Tab Indexes For Data Binders,17.49,-4.8336,13,-27.636363636363637,Needs Attention
Xerox 1901,16.896,5.28,4,31.25,Needs Attention
Avery 479,16.704,6.8382,7,40.9375,Needs Attention
Wilson Jones Suede Grain Vinyl Binders,16.401999999999997,5.0596,8,30.847457627118647,Needs Attention
"Binney & Smith Crayola Metallic Crayons, 16-Color Pack",16.176000000000002,6.739999999999999,5,41.66666666666666,Needs Attention
Maxell CD-R Discs,15.76,3.7036,9,23.5,Needs Attention
"OIC Binder Clips, Mini, 1/4"" Capacity, Black",15.624,7.0804,13,45.317460317460316,Needs Attention
"Universal Ultra Bright White Copier/Laser Paper, 8 1/2"" x 11"", Ream",15.552,5.6376,3,36.25,Needs Attention
"Quartet Alpha White Chalk, 12/Pack",15.469999999999999,6.0996,8,39.42857142857143,Needs Attention
Wirebound Voice Message Log Book,15.232,4.9504,4,32.5,Needs Attention
Boston 1900 Electric Pencil Sharpener,14.98,4.494,1,30.0,Needs Attention
Color-Coded Legal Exhibit Labels,14.73,7.2177,3,49.0,Needs Attention
SANFORD Liquid Accent Tank-Style Highlighters,14.2,4.401999999999999,5,30.999999999999993,Needs Attention
Acme Serrated Blade Letter Opener,13.992,-1.7489999999999999,5,-12.499999999999998,Needs Attention
Sannysis Cute Owl Design Soft Skin Case Cover for Samsung Galaxy S4,13.86,2.2967999999999997,8,16.57142857142857,Needs Attention
Design Ebony Sketching Pencil,13.622,2.3074,11,16.93877551020408,Needs Attention
Memorex Mini Travel Drive 4 GB USB 2.0 Flash Drive,13.616,3.5742,2,26.25,Needs Attention
Alliance Rubber Bands,13.440000000000001,0.5376000000000001,8,4.0,Needs Attention
"Brites Rubber Bands, 1 1/2 oz. Box",13.068000000000001,-0.5147999999999999,7,-3.9393939393939386,Needs Attention
"Sanitaire Vibra Groomer IR Commercial Upright Vacuum, Replacement Belts",13.0,1.3,5,10.0,Needs Attention
OIC Thumb-Tacks,12.996,5.1414,13,39.56140350877193,Needs Attention
Xerox 1984,12.96,6.3504,2,48.99999999999999,Needs Attention
Xerox 1922,11.952,4.3326,3,36.25000000000001,Needs Attention
Maxell 4.7GB DVD+R 5/Pack,11.682,4.6035,13,39.40677966101695,Needs Attention
Avery 482,11.56,5.4332,4,47.0,Needs Attention
Xerox 1969,11.56,5.6644,2,48.99999999999999,Needs Attention
Acco Economy Flexible Poly Round Ring Binder,11.484,-5.742,6,-50.0,Needs Attention
Computer Printout Index Tabs,11.088,-2.016,15,-18.181818181818183,Needs Attention
Storex Flexible Poly Binders with Double Pockets,10.824,-2.0064,9,-18.53658536585366,Needs Attention
Newell 337,10.496,1.1808,4,11.25,Needs Attention
Letter Slitter,10.08,0.3024,4,3.0,Needs Attention
Newell 342,9.84,2.8536,3,29.000000000000004,Needs Attention
Hoover Replacement Belt for Commercial Guardsman Heavy-Duty Upright Vacuum,9.768,0.44399999999999995,6,4.545454545454545,Needs Attention
PNY Rapid USB Car Charger - Black,9.588,-2.0774,2,-21.666666666666668,Needs Attention
Kleencut Forged Office Shears by Acme United Corporation,9.568,2.2880000000000003,5,23.913043478260875,Needs Attention
Avery 484,9.216,3.3408,4,36.25000000000001,Needs Attention
Newell 308,8.4,2.1,5,25.0,Needs Attention
Stockwell Gold Paper Clips,8.096,3.404,5,42.04545454545454,Needs Attention
4009 Highlighters,8.04,2.7336,6,34.0,Needs Attention
Xerox 1989,7.968,2.6892,2,33.75,Needs Attention
"Avery Hi-Liter Comfort Grip Fluorescent Highlighter, Yellow Ink",7.8,3.042,4,38.99999999999999,Needs Attention
Avery Hi-Liter Pen Style Six-Color Fluorescent Set,7.7,3.157,2,41.0,Needs Attention
Grip Seal Envelopes,7.072,2.3868,2,33.75,Needs Attention
Xerox 20,6.48,3.1104,1,47.99999999999999,Needs Attention
Avery 5,5.76,2.8224,2,49.00000000000001,Needs Attention
Eureka Disposable Bags for Sanitaire Vibra Groomer I Upright Vac,1.624,-4.466,2,-275.0,Needs Attention
